28549034		False
28963058	PMC5871534	False
29202657		False
29290040		False
29394315		False
29575998		False
29664835	PMC6191390	False
29704697		False
29768988		False
29994127		False
30031783	PMC6690377	False
30041182	PMC6738159	False
30044017		False
30128894	PMC6468043	True
30128978		False
30133325	PMC6355093	False
30139767	PMC6215911	True
30170125	PMC7112321	False
30171177	PMC6647028	False
30184150		False
30191597		False
30192399	PMC6294704	False
30237525		False
30242933	PMC6295892	False
30264284	PMC6450395	False
30265440	PMC6386589	False
30269434	PMC6312449	False
30288955		False
30291853		False
30310901		False
30310934	PMC11105784	False
30311789		False
30317114		False
30328220		False
30338929	PMC6307763	True
30353258		False
30353292	PMC6347503	False
30357805	PMC6642871	False
30371886	PMC6326811	True
30376200	PMC6344237	False
30379617		False
30391782		False
30417574		False
30417987	PMC6344901	False
30420274		False
30427276	PMC6442926	False
30448285	PMC6363848	False
30448526		False
30453079	PMC6690397	False
30461059	PMC6818575	False
30465202		False
30472499		False
30474528		False
30476274	PMC6344866	False
30478170	PMC6341387	False
30481590	PMC6527469	False
30483969		False
30485414		False
30485542		False
30488318		False
30488545	PMC6351880	True
30496010		False
30499815		False
30503560		False
30506574		False
30508140		False
30508604		False
30510066	PMC6310129	False
30521793	PMC6333944	True
30536008		False
30536087		False
30536579	PMC6329654	False
30554217	PMC6532056	False
30557204		False
30564855	PMC6327001	True
30565686		False
30566254	PMC8265211	False
30567428		False
30567484	PMC6365015	False
30569735	PMC7061297	False
30572094		False
30573045		False
30573817		False
30573846	PMC6677388	False
30580012	PMC6506354	False
30580963	PMC6329648	False
30586277		False
30590182	PMC6768828	False
30590691	PMC6393299	True
30591183		False
30594791		False
30606613	PMC6336504	False
30611351		False
30620179	PMC6662586	False
30623931		False
30623953		False
30628715	PMC6390010	False
30633858		False
30634965	PMC6329108	True
30635911		False
30637779	PMC6766942	False
30638444	PMC6347453	True
30640466		False
30641250	PMC8055042	False
30643022	PMC6393598	False
30643202	PMC6331582	True
30644722	PMC6640145	False
30644955		False
30645148	PMC6436658	True
30649422	PMC6393313	True
30649583		False
30650535	PMC6359623	True
30654924	PMC6372724	True
30656310	PMC6391195	False
30659719	PMC6397068	False
30659978	PMC6485943	False
30660866		False
30661111		False
30661264		False
30664301	PMC7032563	False
30664349		False
30666052		False
30666106	PMC6330985	False
30668646		False
30672386	PMC6784495	False
30672595		False
30674330	PMC6343361	True
30675525	PMC6338669	True
30675722	PMC6650379	False
30677474		False
30682016	PMC6347369	True
30683304	PMC6383002	False
30683673	PMC6398454	True
30683697	PMC6481683	False
30689286		False
30690204		False
30705967	PMC6348983	False
30711404		False
30712320		False
30712339		False
30713072		False
30714727		False
30715207		False
30715320	PMC6423375	True
30716465		False
30718428	PMC6386663	False
30727863	PMC6939589	False
30727966	PMC6366035	True
30728141		False
30728386	PMC6365514	True
30728416	PMC6365588	True
30728496		False
30729409	PMC6381359	True
30729414	PMC6423340	False
30737256	PMC6400536	False
30742262		False
30742476	PMC6670035	False
30744037	PMC6406483	True
30745423		False
30748001		False
30755628	PMC6372628	True
30758828		False
30759207	PMC6548225	False
30760737	PMC6374517	True
30760930	PMC6624841	False
30765799	PMC6375990	True
30768830	PMC6456404	False
30770246		False
30770899		False
30771514		False
30773317	PMC6555485	False
30773420		False
30773487	PMC6409431	False
30775933		False
30776503		False
30776715		False
30778149	PMC6594191	False
30781491	PMC6406255	True
30781518	PMC6410085	True
30786176		False
30786281	PMC6383726	True
30787931	PMC6372829	True
30793499	PMC7521840	False
30795793	PMC6385419	True
30795901		False
30803483	PMC6391079	True
30804503		False
30805026	PMC6373087	True
30810468	PMC6546370	False
30810745		False
30811383	PMC6411215	True
30811989	PMC6447072	False
30813231	PMC6413173	True
30815600	PMC6378335	False
30815850		False
30818064	PMC6588478	False
30819901	PMC6431183	False
30821107		False
30822648		False
30824739	PMC6397146	True
30825146		False
30827679	PMC6408267	False
30829324		False
30830868	PMC6478408	False
30831195		False
30832570	PMC6399906	True
30833276	PMC6418506	False
30835434		False
30837340	PMC6401484	True
30838030	PMC6382676	True
30838617		False
30845266	PMC6405203	True
30847799		False
30848105	PMC6741125	True
30849123	PMC6408002	True
30858465	PMC6411988	True
30861202		False
30862357		False
30865898		False
30867432	PMC6416471	True
30869146	PMC6547432	False
30872674	PMC6418183	True
30878879	PMC6423355	False
30880026	PMC6886472	False
30885719		False
30886052	PMC6423720	True
30888358	PMC6526058	False
30890156	PMC6425629	True
30890562	PMC6495173	True
30892307		False
30894498	PMC6452726	False
30894603	PMC6426968	True
30898060	PMC6458989	False
30900948	PMC6527384	True
30907893		False
30908937		False
30912648		False
30913089		False
30916936		False
30917849	PMC6436232	True
30918941	PMC6701511	False
30928610		False
30929210		False
30930166	PMC6616346	False
30935115	PMC6627611	True
30937860		False
30940663		False
30940847	PMC6445100	True
30943206	PMC6447151	True
30943414		False
30944331	PMC6447549	True
30944467	PMC6483862	False
30947069		False
30948440	PMC6711472	False
30953427	PMC11588158	False
30953537	PMC6451311	True
30956116	PMC6522954	False
30958261	PMC6469926	True
30958726	PMC6535917	False
30962623	PMC6517279	False
30964485		False
30965044		False
30968358		False
30971948	PMC6445884	True
30974125		False
30977193		False
30977484		False
30982231	PMC6581606	False
30982401	PMC6984598	False
30982598	PMC6526772	False
30984164	PMC6448021	True
30985895		False
30987806	PMC6579620	False
30991832	PMC6593895	False
30993184	PMC6464514	True
30995511		False
31000768	PMC6472421	True
31001848	PMC6800577	False
31002726	PMC6474627	True
31005804		False
31012289		False
31015227	PMC6635067	False
31015541	PMC6478725	True
31017295	PMC6767390	True
31017405		False
31017799	PMC6689748	False
31024544	PMC6465568	True
31025266		False
31027998		False
31028647		False
31030972		False
31031749	PMC6470272	True
31032347	PMC6458936	True
31039798	PMC6492373	True
31040317	PMC6491608	True
31041434		False
31041736		False
31042550	PMC6557577	False
31044157	PMC6478820	True
31044702		False
31049560	PMC6497034	True
31050560		False
31060246	PMC6571843	True
31064985	PMC6504923	True
31068473	PMC6535027	False
31071411		False
31071588		False
31071906	PMC6539890	True
31073931		False
31075686		False
31077877		False
31078812		False
31081125	PMC6744295	False
31081452	PMC7005993	False
31081810		False
31081819		False
31082427	PMC6588162	False
31083967		False
31084574		False
31086605	PMC6489065	False
31086815	PMC6506238	False
31092938		False
31097538	PMC6858485	False
31098416	PMC6517415	True
31099963		False
31103807		False
31108123		False
31109325	PMC6528323	True
31110232	PMC6527552	True
31111973	PMC6771916	True
31112447	PMC6930065	False
31114922	PMC6582337	True
31116044		False
31116963	PMC6636826	False
31117848		False
31119543		False
31119949		False
31120852		False
31121000	PMC6550432	True
31124105		False
31127559		False
31129768		False
31131952		False
31137713	PMC6562512	True
31137771	PMC6566667	True
31138234	PMC6540430	True
31138856	PMC6538674	True
31146783	PMC6543588	True
31147943		False
31150727		False
31151762	PMC6919570	False
31153901		False
31155155		False
31156643	PMC6534040	True
31159791	PMC6547513	True
31159811	PMC6545685	True
31163205		False
31165438		False
31166618	PMC6803023	False
31166996	PMC6576797	True
31167788	PMC6643030	False
31168492	PMC6546014	False
31169074		False
31173871		False
31174210	PMC6737296	False
31182013	PMC6558917	True
31185801	PMC6748590	False
31188565	PMC8422856	False
31189713	PMC6694834	False
31194728	PMC6592563	True
31194909		False
31195126		False
31195596	PMC6600571	True
31199454		False
31201269	PMC6682726	True
31202000	PMC6624216	True
31202913	PMC6689423	False
31202927		False
31206025	PMC6561746	False
31209155		False
31210735	PMC6552335	False
31212039		False
31212279	PMC6920578	False
31221068		False
31221665	PMC6672051	False
31221798	PMC6684261	False
31222037	PMC6586872	True
31222194		False
31228927		False
31230100		False
31230860	PMC6684137	False
31231650	PMC6566014	True
31235917	PMC10299900	False
31242429		False
31244603	PMC6580186	True
31249421	PMC7262669	False
31252067		False
31252566	PMC6650888	True
31261385	PMC6737294	False
31261609	PMC6651129	True
31264276		False
31266983	PMC6606599	True
31267577	PMC7212549	False
31268303		False
31273297	PMC6796938	False
31274096		False
31277964		False
31278282	PMC6611806	True
31279332	PMC6612217	True
31281311	PMC6596277	True
31284078	PMC6768720	False
31289184	PMC6747726	True
31289234	PMC6660717	False
31293585	PMC6604663	True
31299056	PMC6655862	True
31299171		False
31308371	PMC6629679	True
31311815	PMC6716075	False
31313375		False
31315475		False
31315814		False
31316211	PMC6731122	False
31322043	PMC6761639	False
31324056	PMC6651361	True
31325121	PMC6980430	False
31326558		False
31329166	PMC6668667	False
31331226	PMC6755719	False
31343981		False
31347163	PMC6742767	False
31348829		False
31349970		False
31350446	PMC6659691	True
31351963		False
31353294	PMC6711115	False
31354435	PMC6637283	True
31354786	PMC6640157	True
31355782		False
31356650	PMC6687193	True
31357692	PMC6721499	True
31358217		False
31366174	PMC6721288	True
31367188	PMC6647153	True
31369552	PMC6675049	True
31372651	PMC6765120	False
31373686		False
31375559	PMC6768648	False
31375641	PMC6710070	True
31375699	PMC6677754	True
31379140	PMC6877770	False
31380847		False
31380855		False
31381892		False
31382143		False
31383999	PMC6817363	False
31386786		False
31389071		False
31389301		False
31391463	PMC6685952	True
31391488	PMC6685951	True
31394127		False
31394301		False
31396859		False
31396925		False
31396939		False
31401630	PMC6878738	False
31402206		False
31402634	PMC7116179	False
31404081	PMC6690680	True
31405107	PMC6719917	True
31406385		False
31407112		False
31412324		False
31415906		False
31416916	PMC6731754	False
31417555	PMC6682651	True
31419739		False
31425510	PMC6726244	True
31425681		False
31428085	PMC6688520	True
31431059	PMC6902724	False
31432712	PMC6879897	False
31432713	PMC6879899	False
31433624		False
31436334	PMC6745503	False
31439152		False
31439588		False
31442438		False
31442544	PMC6814569	False
31449257		False
31451220	PMC6761923	False
31452061		False
31452263		False
31452443	PMC6921298	True
31454387	PMC6711597	True
31455859		False
31455893		False
31455953		False
31460257	PMC6682085	False
31462506		False
31462592	PMC6949449	False
31466525	PMC6716870	True
31466707	PMC6717781	False
31468477		False
31468718	PMC6951852	False
31469028	PMC7939571	False
31469223	PMC6776899	True
31469823	PMC6742414	True
31470892	PMC6716826	True
31472109	PMC6892184	False
31472424		False
31473210	PMC6778518	False
31473765		False
31474569	PMC6760242	False
31477832		False
31477927		False
31479587	PMC6944814	False
31484655	PMC6825592	False
31484894		False
31484958	PMC6726649	True
31485235	PMC6702811	True
31490705	PMC6902700	False
31492507	PMC6777841	False
31493814		False
31494978		False
31495584		False
31501545	PMC6791524	False
31501549	PMC6765423	False
31503470		False
31513848		False
31517372		False
31520530		False
31527327		False
31531917	PMC7020607	False
31534232	PMC6959005	False
31534956	PMC6724439	True
31535744		False
31539305		False
31539496	PMC6934691	False
31542900		False
31543758	PMC6730007	True
31545919	PMC6879890	False
31550598		False
31551601		False
31552672	PMC7967277	False
31554207	PMC6830313	True
31554738	PMC7194030	False
31557185	PMC6762093	True
31558476		False
31560237		False
31564612	PMC6810872	False
31565659	PMC6745095	True
31565771		False
31566258	PMC6891135	False
31568747		False
31572390	PMC6753917	True
31577937		False
31584096	PMC6902020	False
31585086	PMC6863042	False
31585706	PMC6817638	False
31586351		False
31591429	PMC6779912	True
31591557	PMC6858549	False
31591632		False
31595493		False
31596603		False
31599704	PMC6857566	False
31603657		False
31609715	PMC8789219	False
31611249	PMC7037240	False
31618254	PMC6795494	True
31621095	PMC7162702	False
31624084	PMC6942047	False
31626642	PMC6821132	True
31627322	PMC6829356	True
31629787		False
31631021	PMC6895756	True
31631465		False
31633482	PMC6802965	True
31634458		False
31634899		False
31635263	PMC6835230	True
31637159	PMC6794618	True
31647523	PMC7523643	False
31652020	PMC7003783	False
31660791		False
31661019	PMC6819446	True
31661891	PMC6862548	True
31662145		False
31662327	PMC7002274	False
31664037	PMC6820749	True
31664570		False
31665113	PMC9867918	False
31668225		False
31668803	PMC6838684	True
31672849	PMC6945019	True
31677600	PMC7802702	False
31681256	PMC6803437	True
31681325	PMC6804373	True
31683744	PMC6912793	True
31685814	PMC6828750	True
31690634	PMC7212804	False
31692924	PMC6828591	False
31692968	PMC6821460	False
31692979	PMC6828592	False
31699329		False
31701557		False
31702648	PMC6855622	False
31703762	PMC7595676	False
31704705	PMC6916479	False
31706280	PMC6842485	True
31710287	PMC6881117	True
31712617	PMC6848123	True
31715665		False
31727590		False
31730857	PMC6911685	False
31740836	PMC7061033	False
31742738		False
31743345	PMC6863530	True
31744343	PMC6934263	False
31744402	PMC6978788	True
31744885	PMC6956532	False
31745610		False
31745866		False
31746407		False
31746585		False
31748356	PMC6887367	False
31749812	PMC6848152	True
31751141	PMC7146848	False
31754145	PMC6872745	True
31758641		False
31758725	PMC7067678	False
31760501	PMC6875428	True
31761701	PMC6925587	False
31767653	PMC7328458	False
31767828	PMC6877643	True
31767863	PMC6877589	True
31772298	PMC7196029	False
31773128		False
31775032	PMC6910134	False
31776138		False
31779825		False
31782103	PMC7687879	False
31783889	PMC6884912	True
31791377	PMC6889333	True
31792409		False
31792411	PMC7258684	False
31792952	PMC7218408	True
31793384		False
31793740	PMC6949488	True
31794767		False
31796535	PMC6890987	True
31796819	PMC6890790	True
31796933	PMC7073148	False
31801409	PMC7007767	False
31803196	PMC6877662	True
31804589	PMC6895055	True
31804752		False
31806696	PMC7289078	False
31806704	PMC6956541	True
31810883	PMC6929322	False
31811730		False
31815536		False
31815646	PMC6902522	True
31816727		False
31819264		False
31821508	PMC7086180	True
31821821		False
31825193		False
31825483		False
31825848	PMC6951814	False
31826065		False
31833108	PMC7015704	True
31833794	PMC7574380	True
31839878	PMC6901336	True
31840076	PMC6897553	True
31840773		False
31842627	PMC7047121	False
31843009	PMC6916430	True
31844066	PMC6914776	True
31844136	PMC6915709	True
31847873	PMC6918611	True
31850675		False
31850929		False
31851360	PMC6946828	False
31855463		False
31856969	PMC7425814	False
31857644	PMC6923404	True
31859639		False
31860206		False
31860442	PMC6924960	True
31860787	PMC6927525	False
31865052		False
31867086	PMC6910869	False
31867162	PMC6900557	False
31868166	PMC7000220	True
31868239		False
31871106	PMC7448721	False
31875032	PMC6930255	True
31877727	PMC6981419	True
31881020	PMC6934292	True
31883338		False
31883392		False
31889340		False
31894239	PMC7341717	False
31895004	PMC7202064	False
31895371		False
31899216	PMC8409064	False
31901251	PMC7029801	False
31904744		False
31904934		False
31905841	PMC7017379	True
31906742	PMC7662835	False
31908798	PMC6936585	False
31909251	PMC6940631	False
31911459	PMC7044728	False
31911579	PMC6946690	True
31911629	PMC6946829	True
31913360	PMC7264358	False
31913656	PMC7052680	False
31914393	PMC6980831	False
31914648		False
31915376		False
31920691	PMC6928129	True
31922766		False
31924792	PMC6954203	True
31925901		False
31930020	PMC6944548	False
31930161	PMC6953724	False
31933197		False
31935227	PMC6959564	True
31935795	PMC7022844	True
31937773	PMC6959356	True
31940410	PMC6961929	True
31942194	PMC6959049	True
31951199	PMC6968926	True
31953345	PMC6994951	True
31955651	PMC6973322	False
31960523	PMC7060474	False
31961062	PMC7379400	False
31964400	PMC6971995	True
31967545	PMC7039680	True
31968256	PMC6988126	True
31969182	PMC6977324	True
31969436	PMC7108829	True
31972962	PMC7148480	True
31974123	PMC7341483	False
31977235		False
31978064	PMC6980406	True
31978191	PMC6980566	True
31981217		False
31981701		False
31982403	PMC7225062	False
31983857	PMC6971377	False
31984793		False
31986025		False
31986070		False
31986256	PMC8176461	False
31987841		False
31988310	PMC6985212	True
31988381	PMC10234074	False
31989516		False
31991588	PMC7073233	True
31995249	PMC7217190	False
31995743	PMC7058483	False
31996853	PMC7433012	False
31997546	PMC7156826	False
32001436	PMC7044453	False
32002905		False
32006715		False
32017059		False
32022757		False
32023484	PMC7397554	False
32023528		False
32026949	PMC7875330	False
32029221	PMC6961712	True
32029778	PMC7004989	True
32030597	PMC7141772	False
32032583	PMC8796250	False
32032773		False
32040234		False
32040546	PMC7146019	False
32040851		False
32043208		False
32044352		False
32049052		False
32050841	PMC7039642	True
32051921	PMC7007805	False
32054859	PMC7018801	True
32058160		False
32058623	PMC7187454	True
32061950		False
32065126	PMC7489995	False
32067063	PMC7899133	False
32072884		False
32075555	PMC7061987	True
32075759	PMC7148114	False
32081181		False
32082328	PMC7005007	True
32083400		False
32086753		False
32090229	PMC7671654	False
32092227		False
32092429		False
32092937	PMC7073039	True
32093746	PMC7041250	True
32094589	PMC7095430	False
32096331	PMC7163111	True
32096758	PMC7069718	True
32096767	PMC7066876	True
32098957	PMC7042311	True
32105849	PMC7422487	False
32106552	PMC7150866	True
32107390	PMC7046720	True
32108403		False
32109392		False
32110683	PMC7033303	False
32114394	PMC7047188	False
32116003	PMC7607387	False
32116016		False
32116300		False
32117592	PMC7028342	False
32121501	PMC7140523	True
32123168	PMC7051981	True
32124395		False
32126275	PMC7521366	False
32127025	PMC7053149	True
32127540	PMC7054558	True
32129097		False
32131506	PMC7141312	True
32139091		False
32139354		False
32139422	PMC7111259	False
32140157	PMC7043102	True
32140737		False
32143326	PMC7140439	True
32143686	PMC7060623	True
32144411		False
32145211		False
32148776	PMC7047907	True
32149347		False
32149372		False
32151196		False
32152173	PMC7064081	False
32152307	PMC7062888	True
32152598		False
32153074	PMC7162806	True
32153363	PMC7047771	True
32154269	PMC7047199	True
32154289	PMC7049707	False
32155780	PMC7140534	True
32161096	PMC7325601	False
32161595	PMC7053378	True
32169588		False
32170024	PMC7193955	False
32173285		False
32179840	PMC7075867	True
32183552	PMC7153211	False
32183906	PMC7077007	True
32187544		False
32189012	PMC8590873	False
32200258		False
32202263		False
32205861	PMC7519582	True
32210016	PMC7139737	True
32213324	PMC7222625	False
32220304	PMC7365574	False
32220951	PMC7202009	True
32221292	PMC7101316	True
32221495		False
32222033		False
32223337		False
32225155		False
32227090	PMC7184507	False
32227521		False
32227892		False
32230817	PMC7180443	True
32231336	PMC7416462	False
32231670	PMC7082397	True
32232390	PMC7323496	False
32233738		False
32234410		False
32237195		False
32239644	PMC7207160	True
32242330	PMC7484001	False
32243721		False
32245888		False
32249920	PMC7179811	False
32252443	PMC7232232	True
32253822		False
32256815	PMC7074250	False
32256979	PMC7105161	True
32259089	PMC7088941	False
32260267	PMC7230488	True
32264719	PMC7178886	True
32266645	PMC7282894	False
32266935	PMC7229813	False
32266944	PMC7198042	True
32267608	PMC7377969	False
32270040	PMC7112762	True
32272001	PMC7381809	True
32277924	PMC7170999	False
32277931		False
32286010	PMC7383678	False
32287148		False
32294323	PMC7350550	False
32294417		False
32294429	PMC7211423	False
32294491		False
32302527	PMC7398125	False
32302920	PMC7508764	False
32304707		False
32305047		False
32306431		False
32312751	PMC7261793	False
32313077	PMC7171121	True
32313246		False
32314210		False
32316163	PMC7227014	True
32319174	PMC7359860	True
32319455		False
32328155	PMC7150720	True
32332719	PMC7181614	True
32337387	PMC7182306	False
32341512		False
32341526	PMC7930801	False
32345351	PMC7189600	True
32346113	PMC7189371	True
32346919		False
32352982	PMC7192435	True
32353989	PMC7248852	True
32355568	PMC7185683	True
32356572	PMC7485377	False
32357908	PMC7195775	True
32358190	PMC7245086	False
32360002		False
32360630		False
32364250		False
32366839	PMC7198484	True
32367098		False
32368329	PMC7184133	False
32368587	PMC7186507	True
32371019		False
32372899	PMC7186381	True
32375154		False
32375541	PMC7549708	False
32377634	PMC7202561	False
32378361		False
32384110	PMC7209353	True
32387897		False
32390818	PMC7192314	True
32392348	PMC7337516	True
32394385		False
32399571		False
32402637	PMC7656988	False
32408287		False
32412411	PMC7308083	True
32414326	PMC7227319	True
32415072	PMC7229159	True
32415257	PMC7228968	True
32415812	PMC7329573	False
32420869	PMC7259953	True
32421753	PMC7259795	True
32422951	PMC7288450	True
32423503		False
32423887		False
32424074	PMC7263190	False
32432676		False
32434947		False
32441252	PMC7244323	True
32444594	PMC7244750	True
32446219	PMC7931507	False
32446700	PMC9119583	False
32450895	PMC7249323	True
32451513		False
32452762	PMC7343387	True
32456459		False
32460686	PMC7869877	False
32461368	PMC7293700	False
32464628		False
32466969		False
32467152	PMC7116503	False
32467357	PMC7329306	False
32468615		False
32470006	PMC7259691	True
32470390	PMC7341535	False
32471347	PMC7260828	True
32472029	PMC7260366	True
32474519		False
32474870		False
32476557		False
32482722	PMC8404709	False
32483144	PMC7264274	True
32490063	PMC7256449	False
32491167		False
32492146	PMC7416316	False
32492924	PMC7313082	True
32492970	PMC7349602	True
32493432	PMC7268506	True
32499651	PMC7116706	False
32500953	PMC7273721	True
32506752	PMC8118330	False
32509593	PMC7248298	True
32512633	PMC7339221	True
32513498		False
32514822		False
32517486	PMC7475094	False
32519858	PMC7568917	False
32520174		False
32522250	PMC7285613	True
32522834	PMC7364322	False
32528533	PMC7264416	True
32528956	PMC7264113	True
32529778	PMC7540265	True
32530150		False
32532993	PMC7293274	True
32533131	PMC8564779	False
32534075		False
32535965	PMC8048913	False
32541962	PMC7927312	False
32544459	PMC7295478	False
32552031		False
32553784		False
32554488	PMC7300323	False
32559457	PMC7363959	False
32560258	PMC7352289	True
32562277	PMC8359198	False
32563855	PMC7746596	False
32565049		False
32567348		False
32574707		False
32574927	PMC7485380	False
32574961	PMC7322262	False
32578444	PMC7404834	False
32578911	PMC7377932	True
32579931	PMC7396151	False
32581254	PMC7314854	True
32581272	PMC7314783	True
32587593	PMC7297982	True
32588873	PMC7530522	True
32591560	PMC7319996	True
32592189		False
32592658		False
32593200		False
32593488		False
32593782		False
32594234		False
32597164		False
32597848		False
32599342	PMC7767890	False
32601199	PMC7368275	False
32602013		False
32602093		False
32604877	PMC7349645	True
32607778		False
32609359		False
32610133	PMC7382780	False
32616845	PMC7363816	True
32617420	PMC7322690	True
32622998		False
32625065	PMC7316158	True
32629384	PMC7334819	False
32630064	PMC7370124	True
32630096	PMC7407663	True
32630305	PMC7369750	True
32635212	PMC7405002	True
32635651	PMC7369959	True
32639690	PMC7416019	True
32640236	PMC7379176	False
32641054	PMC7341607	True
32641861	PMC7484261	False
32645560	PMC7341452	False
32645937	PMC7370283	True
32648370	PMC7507340	True
32648726		False
32654231		False
32655565	PMC7324484	True
32656296	PMC7351317	False
32656697		False
32663199	PMC7455132	True
32664092	PMC7360224	True
32664861	PMC7386244	True
32665635	PMC7360768	True
32666017	PMC7340445	True
32666177	PMC7360123	False
32667186	PMC7598729	False
32669324	PMC7461682	False
32670358	PMC7332758	True
32670561	PMC7329165	False
32673403		False
32673538	PMC7371244	False
32677993	PMC7367375	True
32678226	PMC7366704	True
32681824	PMC7486278	False
32682825	PMC7688495	False
32683310	PMC7511601	False
32684277	PMC7779114	False
32686813		False
32687504	PMC7371178	True
32690110	PMC7372861	True
32690542	PMC8006752	False
32690901	PMC7784864	True
32697923	PMC7549915	True
32699410	PMC7394732	False
32702314		False
32705602	PMC8063591	False
32706237	PMC10198264	False
32707076	PMC7419713	True
32708498	PMC7400438	True
32709086	PMC7404104	True
32709844	PMC7381637	True
32710406	PMC8950302	False
32711576	PMC7382063	True
32712436		False
32716007	PMC7453977	False
32716582		False
32719109	PMC7491948	False
32719519	PMC7442692	False
32722531	PMC7463834	True
32724455	PMC7381734	True
32724901	PMC7386402	False
32725618		False
32725806	PMC7901717	False
32728247	PMC7410831	True
32728724	PMC8257065	False
32731254	PMC8027202	False
32731885	PMC7393741	True
32732012		False
32734719		False
32735620	PMC7394406	True
32737524	PMC7447622	True
32737894	PMC7496135	True
32738616	PMC7394916	False
32740968	PMC7854989	False
32745724		False
32745926	PMC7532838	False
32747759		False
32754720	PMC7402619	False
32757347	PMC7436719	False
32760644	PMC7393400	False
32761094	PMC7471505	False
32761516		False
32765213	PMC7381214	True
32766963		False
32766984		False
32773100	PMC7292949	False
32783942		False
32794969	PMC7437020	False
32796044	PMC7569389	False
32799361	PMC11475410	True
32800943		False
32800995		False
32804124	PMC7683091	False
32804550	PMC7790136	False
32805647	PMC7452302	False
32808214		False
32808658		False
32808723		False
32810439	PMC7405878	False
32812017	PMC7885827	False
32813249	PMC8008708	False
32817004	PMC7439429	False
32820406		False
32820502		False
32823793	PMC7463893	True
32824547	PMC7460605	True
32833066	PMC7445225	True
32840210	PMC7447441	True
32840568	PMC8599307	False
32841213	PMC7685740	False
32841238	PMC7498022	True
32846127		False
32847079	PMC7565485	True
32847850	PMC7565612	False
32854355	PMC7563562	True
32857951	PMC7720791	False
32860923		False
32862887		False
32864084	PMC7433776	True
32864481	PMC7451135	False
32866962	PMC7746606	False
32867467		False
32868461	PMC7531547	False
32868927	PMC8103797	False
32869293		False
32869391		False
32869393		False
32869744	PMC7486123	True
32870263	PMC7515733	True
32872495	PMC7563262	True
32878924		False
32879310	PMC7468160	True
32879325	PMC7468159	True
32880432	PMC8782277	False
32883029	PMC7504393	True
32883324	PMC7650528	True
32883363	PMC7469427	True
32883872	PMC8458094	False
32886488	PMC7547861	False
32887421	PMC7504528	True
32887635	PMC7487492	True
32887915	PMC7474072	True
32888421		False
32895896	PMC7674533	False
32901139	PMC7699981	False
32901466	PMC7898235	True
32902186		False
32902916		False
32903255	PMC7505465	True
32908142	PMC7481219	True
32912327	PMC7488138	True
32915229	PMC7594499	False
32915747		False
32917703	PMC7486095	True
32917850	PMC7486938	True
32918057		False
32918222		False
32919230		False
32921295		False
32922397	PMC7456908	True
32926388		False
32928100	PMC7491139	True
32929221	PMC8080663	True
32929361	PMC7482809	True
32935222		False
32935992		False
32938365	PMC7495858	True
32939089		False
32943730	PMC7581508	True
32943917	PMC7445517	False
32948210	PMC7502024	True
32949397		False
32949401		False
32953927	PMC7477795	False
32955153	PMC7736206	False
32958743	PMC7505844	True
32958874		False
32960815	PMC7605529	True
32961131	PMC7640763	False
32965609	PMC7985047	False
32966778	PMC7796915	False
32967361	PMC7564455	True
32973200	PMC7518243	True
32973742	PMC7461869	True
32975936	PMC11100974	False
32977446	PMC7598292	True
32977573	PMC7583825	True
32979725	PMC7116765	True
32984674	PMC7512442	False
32985264		False
32985719	PMC7604576	True
32993026	PMC7582753	True
32993507	PMC7526115	True
32994474	PMC7524839	True
33008082	PMC7709683	True
33009549	PMC7846141	False
33010256	PMC7736541	False
33018765		False
33019660	PMC7594035	True
33019976		False
33022146	PMC7537831	True
33029009	PMC7572709	False
33029741		False
33035420		False
33037140	PMC8034560	False
33038298		False
33040635	PMC8153223	False
33043480		False
33044632		False
33046506	PMC7687870	False
33051807	PMC10150647	False
33053339	PMC7641039	False
33053360		False
33059525	PMC7763394	False
33060293	PMC7959543	True
33060583	PMC7566596	True
33068522		False
33076801		False
33086077		False
33087127	PMC7579975	True
33087487	PMC7652378	True
33093109	PMC8021009	False
33096020	PMC7534589	False
33096239	PMC8026483	False
33097590		False
33098772	PMC7669735	False
33102695	PMC7580861	False
33104520	PMC7655214	True
33106234	PMC7758623	True
33106598	PMC8027174	False
33108565	PMC7695791	False
33110194	PMC7591885	True
33111122	PMC7580228	False
33112233	PMC7673786	True
33112783	PMC7707799	True
33113364	PMC7712469	False
33117350	PMC7575752	True
33119507	PMC7595735	True
33120736	PMC7581070	True
33121339	PMC7714496	False
33122305	PMC7605253	False
33125422	PMC7598519	True
33125439	PMC7679000	True
33127608	PMC8265158	False
33127761	PMC7682333	False
33130031		False
33130636	PMC7695361	True
33130826	PMC7603522	True
33131705		False
33143903		False
33148072		False
33148884	PMC7710281	True
33154322		False
33156843	PMC7728249	True
33158248	PMC7672582	True
33165843		False
33165860		False
33168472		False
33169343	PMC7775273	False
33173097	PMC7656262	True
33177594	PMC7658217	True
33178051	PMC7593792	True
33178399	PMC7596448	False
33180370	PMC8048827	False
33184061	PMC7949084	True
33184269	PMC7661508	True
33184300	PMC7661700	True
33185661	PMC7947829	False
33186640		False
33190849	PMC7770093	False
33192560	PMC7662130	True
33193405	PMC7655736	True
33194377	PMC7646305	True
33196322		False
33198535		False
33203793	PMC7746349	True
33205894	PMC7672610	True
33206547		False
33210453	PMC7900587	True
33211879	PMC7778911	True
33217134	PMC7753335	False
33217166		False
33221608		False
33221619		False
33226585		False
33226595		False
33226596		False
33226618		False
33227038	PMC7682851	True
33230299	PMC7876911	False
33231231		False
33231677	PMC7778956	True
33232770		False
33233704	PMC7699912	True
33233920	PMC8086045	False
33236346		False
33239422		False
33242408	PMC9444344	True
33242413		False
33251491	PMC7677711	False
33255985	PMC7760417	True
33256549		False
33257685	PMC7705760	True
33260060		False
33260893	PMC7730597	True
33262057		False
33263282	PMC7785291	True
33268841	PMC10112195	False
33272866	PMC7847362	False
33273337	PMC10631589	False
33273621	PMC7713135	True
33274466		False
33276102		False
33277773	PMC9290827	False
33278559		False
33281990	PMC7704992	False
33288573		False
33288904	PMC8606189	False
33288951		False
33293583	PMC7722722	True
33296649	PMC8049840	False
33298886	PMC7705709	True
33300042	PMC7797043	True
33301708	PMC8064125	False
33301902		False
33302385	PMC7762542	True
33302412	PMC7762554	True
33306487	PMC7769923	False
33312949	PMC7703438	True
33317513	PMC7737295	True
33318148	PMC7823163	False
33318411	PMC8284269	False
33320565		False
33321601		False
33321616		False
33322105	PMC7764487	True
33322331	PMC7763819	True
33323107	PMC7738244	True
33324425	PMC7724107	True
33328604	PMC7745034	True
33329553	PMC7734322	True
33330495	PMC7711308	True
33332284	PMC7934837	True
33332401	PMC7746299	True
33339841	PMC7749170	True
33340050		False
33340646		False
33342825		False
33343570	PMC7744479	True
33346953	PMC8048419	False
33349686	PMC8068566	False
33352307		False
33355921		False
33361757	PMC7762753	True
33362468	PMC7756102	True
33363542	PMC7752943	True
33368239		False
33373183		False
33374462	PMC7796308	True
33375107	PMC7822157	True
33376912	PMC7758961	False
33378413	PMC7773271	True
33383072	PMC8279026	False
33386122		False
33387572		False
33391974	PMC7738942	True
33397728	PMC7778270	False
33397742		False
33398403	PMC7847443	True
33401733	PMC7795088	True
33402734	PMC7785750	True
33405525		False
33406409	PMC7864098	True
33407703	PMC7789663	True
33408702	PMC7779528	True
33409501	PMC7785110	False
33410160		False
33410840		False
33411784	PMC7817019	True
33412482	PMC8064025	False
33414398	PMC7790816	True
33417229		False
33418182	PMC7836976	False
33419769	PMC7854520	False
33420693		False
33420958	PMC8018990	True
33425863	PMC7785876	True
33427511		False
33427589	PMC7808390	True
33430160	PMC7827909	True
33430442	PMC7827316	True
33431591		False
33432667		False
33435684		False
33436583	PMC7804277	True
33438367	PMC7875917	True
33441124	PMC7805430	True
33442012		False
33442382	PMC7797776	True
33445669	PMC7828145	True
33445799	PMC7828283	True
33449300	PMC8205957	False
33449404		False
33460613		False
33462189	PMC7814139	True
33462406	PMC8185008	False
33462509	PMC8195812	False
33464375	PMC8099823	True
33465348	PMC8101053	False
33469025	PMC7815907	True
33470124	PMC7955414	False
33471194	PMC7817560	True
33471197	PMC8211614	True
33472616	PMC7816397	True
33473133	PMC7817839	True
33477296	PMC7829929	True
33479238	PMC7820432	True
33483429	PMC8018761	True
33483751	PMC8562329	True
33484211		False
33485387	PMC7824938	True
33486297		False
33488617	PMC7817882	True
33493233	PMC7833212	True
33494845		False
33495298	PMC7839859	True
33495890		False
33497522		False
33497866	PMC8024983	False
33498234	PMC7863946	True
33500344	PMC7858061	True
33501647		False
33502741		False
33504260		False
33504936	PMC7840906	True
33505167	PMC7829132	False
33509930	PMC8762019	False
33510256	PMC7843970	True
33510477	PMC8130821	False
33510616	PMC7835643	True
33513595		False
33514068	PMC7866025	True
33514738	PMC7846584	True
33514846	PMC7846780	True
33515490	PMC9143976	False
33516810		False
33524040	PMC7877777	True
33524048	PMC7877761	True
33524238	PMC7884036	True
33525671	PMC7865811	True
33525909	PMC7955351	False
33529466	PMC8247948	False
33529888		False
33530834	PMC8583303	False
33531047	PMC7852096	True
33531064	PMC7852110	True
33531346	PMC7896313	False
33531383		False
33532126	PMC7801268	True
33537030	PMC7848219	True
33537310	PMC7848110	True
33538798		False
33539590	PMC8248163	False
33540172	PMC7936657	False
33540469	PMC9387560	False
33541164	PMC8759722	True
33543666		False
33547455		False
33548030	PMC7865118	False
33548173	PMC7979487	False
33551727	PMC7859280	True
33555295	PMC7873839	True
33555590		False
33562186	PMC7915459	True
33563285	PMC7871627	True
33566169		False
33567266		False
33567339	PMC7967039	True
33568815		False
33570176		False
33571501		False
33572276	PMC7914708	True
33573023	PMC7866371	True
33576976		False
33579367	PMC7881581	True
33579821	PMC7896326	False
33580182	PMC7881160	True
33582210		False
33582304		False
33584803	PMC7876317	True
33584819	PMC7876475	True
33586670		False
33586677	PMC7919859	False
33587792		False
33589497	PMC7938802	False
33589541	PMC8057060	False
33593565		False
33593721	PMC8880987	False
33593977	PMC8545090	True
33595097		False
33597522	PMC7889871	True
33604306	PMC7884757	True
33604527	PMC7876555	False
33604856		False
33609790	PMC8026567	False
33612039	PMC8363519	False
33612483	PMC7950306	True
33612827	PMC8376643	True
33616630	PMC7925002	True
33619159		False
33621057		False
33623115	PMC8140991	False
33625849		False
33625928		False
33626335		False
33626594		False
33626908		False
33631312	PMC8380262	False
33633774	PMC7901961	True
33647386		False
33649223	PMC7958455	False
33651196		False
33654205	PMC8410602	True
33654754	PMC7842743	False
33657375		False
33657376		False
33660988		False
33662369	PMC8410897	False
33664366	PMC7933206	True
33664492	PMC7960507	True
33664506	PMC7610897	False
33664747	PMC7921737	True
33665679		False
33669344	PMC7920299	True
33669769	PMC7922692	True
33672614	PMC7924190	True
33674350	PMC8015846	False
33674783	PMC8249397	False
33679583	PMC7930821	True
33682149	PMC8643076	False
33683343	PMC7948263	False
33686287		False
33687715		False
33688765		False
33690920	PMC8324509	False
33693534		False
33704738		False
33706957		False
33707237	PMC9014225	False
33707655	PMC7952584	True
33709529		False
33710995		False
33711273	PMC8138872	False
33712560	PMC7955131	True
33714236		False
33714967	PMC8262106	False
33717140	PMC7943924	True
33719395		False
33719831		False
33722077	PMC8410678	False
33722605	PMC8079280	False
33723762	PMC8010064	False
33725483	PMC9096910	False
33726497	PMC8169643	False
33729125	PMC8148303	False
33731316		False
33732416	PMC7944547	True
33732969	PMC7941025	False
33733392		False
33734252		False
33737456	PMC8084324	False
33740387	PMC8456886	False
33742167	PMC8505262	True
33744780		False
33745018	PMC7982081	True
33746606	PMC7976587	True
33751366		False
33752827		False
33758781	PMC7974401	True
33759763	PMC8057817	True
33760173		False
33760176	PMC7986015	False
33760593		False
33762910	PMC7984366	True
33763026	PMC7982678	True
33763605	PMC7973312	False
33763657	PMC7974552	False
33765677		False
33766133	PMC7995769	True
33768124	PMC7961857	False
33768211	PMC7990325	True
33775772	PMC8085123	False
33776907	PMC7988212	True
33779682	PMC8008365	False
33780969	PMC8204801	False
33786982		False
33789110		False
33790802	PMC8006428	True
33796402	PMC7971263	False
33800815	PMC7961877	True
33801496	PMC8005926	True
33802009	PMC7999531	True
33804731	PMC8003887	True
33806835	PMC8004931	True
33811843		False
33816553	PMC8010142	True
33821796	PMC8102067	True
33828231	PMC8024942	True
33831000	PMC8032118	True
33832782		False
33833036		False
33833986	PMC8021849	True
33835452		False
33835498		False
33837051	PMC8260245	False
33837174	PMC8035156	True
33837283	PMC8035403	True
33837540		False
33837614		False
33840456		False
33842837	PMC8023016	False
33843974	PMC8106500	False
33845346		False
33846305	PMC8042001	True
33846365	PMC8041752	True
33846630	PMC8186536	False
33847910		False
33848551		False
33852963		False
33857287	PMC8056753	True
33857364	PMC8756115	False
33862275	PMC8258998	False
33862816	PMC10625872	False
33867663	PMC8048150	False
33880767		False
33885377	PMC8109084	True
33886505	PMC8262355	True
33887117		False
33887179		False
33893173		False
33897711	PMC8059435	True
33903232	PMC8106351	False
33907801	PMC8135462	False
33909398	PMC8317442	False
33910311	PMC8081948	False
33914067	PMC8563319	False
33915415		False
33918219	PMC8067274	True
33919955	PMC8070972	True
33920054	PMC8071039	True
33920978	PMC8071331	True
33921306	PMC8070212	True
33925154	PMC8125756	True
33925921	PMC8123444	True
33926512	PMC8082814	True
33927254	PMC8084931	True
33928121	PMC8076599	True
33928182	PMC8081374	False
33928585		False
33929020	PMC8444706	False
33931452	PMC8087400	False
33932468	PMC8553817	False
33936035	PMC8081907	True
33936047	PMC8082065	True
33937098	PMC8080876	True
33937726	PMC8079476	False
33939796	PMC8097490	False
33941931		False
33947449	PMC8094492	True
33948557	PMC8080523	False
33952618	PMC8113128	False
33953203	PMC8100172	True
33955652	PMC8867973	False
33958799	PMC9009537	False
33958804	PMC9145692	False
33961658	PMC8104412	True
33962867	PMC9128303	False
33963077	PMC8168579	False
33963182	PMC8105337	True
33963355	PMC8148648	False
33963378	PMC8953446	False
33969404		False
33972012	PMC8167246	False
33972529	PMC8110534	True
33972543	PMC8110844	True
33975122	PMC8605689	False
33986447	PMC8119457	True
33986743	PMC8110918	True
33989022		False
33989778	PMC8184664	True
33991528		False
33995417	PMC8118696	True
33995668	PMC8120211	True
33998023	PMC8204858	False
34000274	PMC8382085	False
34010590		False
34012444	PMC8126711	True
34013209	PMC8113978	False
34018899	PMC8277732	False
34021144	PMC8140076	True
34021704		False
34022127	PMC8101792	False
34022662		False
34028721	PMC9998166	False
34029142	PMC8321805	False
34031462	PMC8144563	True
34031584	PMC8370014	False
34033847		False
34035044	PMC8494231	True
34035498	PMC8322309	False
34036571		False
34037791	PMC8373058	True
34038224	PMC8381701	False
34038436	PMC8153465	True
34042332	PMC8336508	True
34042418		False
34045187	PMC8367292	False
34045357	PMC10563122	True
34048541		False
34048708	PMC8106883	False
34048713	PMC8214083	True
34048779	PMC8491169	False
34050011	PMC8179174	False
34050984		False
34059805	PMC8217372	False
34062912	PMC8124465	True
34064765	PMC8151859	True
34065134	PMC8150890	True
34068404	PMC8153614	True
34068954	PMC8156822	True
34069775	PMC8157290	True
34072959	PMC8198586	True
34074528		False
34074695	PMC8168558	False
34076187		False
34080159		False
34082786	PMC8173870	True
34083785	PMC8189919	True
34086357	PMC8242669	False
34088950	PMC8178406	True
34089799	PMC8761390	False
34090501	PMC8180099	True
34091753	PMC8286230	True
34097054	PMC8648393	True
34097314		False
34099510	PMC8287988	False
34103633	PMC8187448	True
34105853	PMC8518783	False
34107123		False
34110778	PMC10640922	False
34110900	PMC8208504	False
34115206		False
34116212		False
34120721		False
34125181	PMC8249909	True
34126009		False
34127686	PMC8203802	True
34129185	PMC8380185	False
34130712	PMC8207569	True
34131182	PMC8206345	True
34136836	PMC8182106	False
34144929		False
34145246	PMC8213851	True
34147640	PMC8683576	False
34149717	PMC8206563	True
34152414		False
34153974	PMC8400927	False
34154700	PMC8328824	False
34155100	PMC8256045	False
34155235	PMC8217486	True
34156924	PMC8219383	True
34157430	PMC8464495	False
34159968		False
34161264	PMC8237684	False
34167583	PMC8223300	True
34167721	PMC8622571	False
34172918	PMC8226336	False
34173323		False
34174928	PMC8236157	True
34174944	PMC8236204	True
34176559		False
34177605	PMC8222922	True
34177965	PMC8221107	True
34183054	PMC8240272	True
34183697	PMC8238984	True
34184756		False
34188099	PMC8242012	True
34189477	PMC8220393	False
34192544	PMC8265014	False
34196902		False
34197463	PMC8248687	True
34202296	PMC8271858	True
34202306	PMC8268375	True
34204007	PMC8232808	True
34205169	PMC8199938	True
34205473	PMC8234104	True
34206855	PMC8269190	True
34207040	PMC8235422	True
34208834	PMC8305833	True
34209132	PMC8268115	True
34211479	PMC8239348	True
34214591		False
34215248	PMC8254339	True
34217222	PMC8254932	True
34217781	PMC8608712	False
34217973	PMC8364499	False
34224973	PMC8264115	False
34226524	PMC8257621	True
34230480	PMC8260743	True
34230997		False
34234317	PMC8826496	False
34236882		False
34237504	PMC8267495	False
34238035		False
34240729	PMC7611397	False
34241280	PMC7614001	False
34244796	PMC8373078	True
34245001	PMC8456848	False
34245097	PMC8373331	True
34246032	PMC8636279	True
34248988	PMC8261131	True
34251530		False
34251657		False
34253573		False
34255896		False
34256845	PMC8278716	True
34258308	PMC8270790	False
34260939	PMC8378666	False
34261325		False
34263001	PMC8260263	False
34267371	PMC8513633	False
34272258	PMC8362684	True
34272279	PMC8307776	False
34274700		False
34276313	PMC8281977	True
34280125	PMC8428071	True
34280183	PMC8321401	True
34281258	PMC8268090	True
34282213	PMC8289993	True
34282327	PMC9345561	False
34284391	PMC8770677	False
34287231	PMC8929104	True
34289113	PMC8403636	False
34290103		False
34291579		False
34296749	PMC8299715	True
34298886	PMC8305002	True
34301765	PMC8336895	False
34304051		False
34311072		False
34313757	PMC8861370	False
34314787	PMC8440458	False
34318358	PMC8595174	True
34318904	PMC8354308	False
34320181	PMC8565305	True
34320342	PMC9110119	False
34324178		False
34324183		False
34324210	PMC8426707	False
34326396	PMC8322331	True
34329616		False
34330817	PMC8387150	True
34330843		False
34331244		False
34339395	PMC8386527	True
34341490	PMC8724330	False
34341842	PMC8329140	True
34343038	PMC8803357	False
34345914		False
34346140		False
34347491	PMC9082930	False
34350551	PMC8504442	False
34350945	PMC8898038	False
34351410	PMC8353162	True
34352204	PMC8455442	False
34353411	PMC8790134	False
34354210	PMC8342554	True
34356682	PMC8301746	True
34360011	PMC8307792	True
34360929	PMC8348166	True
34363753	PMC8448985	False
34365943		False
34367411	PMC8339722	False
34368408	PMC8326355	False
34369620	PMC8800440	False
34371026		False
34372514	PMC8310333	True
34373751	PMC8344006	True
34375625	PMC8888003	False
34380650		False
34381333	PMC8351878	True
34382019	PMC8339382	False
34382197		False
34382222		False
34389161	PMC8448981	False
34390568	PMC8696113	True
34397394	PMC8494378	True
34407998	PMC8380668	True
34408137	PMC8373912	True
34411449	PMC9439705	False
34415742		False
34419733		False
34421910	PMC8371324	True
34422835	PMC8378235	True
34424240		False
34425391		False
34426698	PMC9070733	False
34427305	PMC8497774	False
34432381		False
34433485	PMC8385949	True
34440662	PMC8392300	True
34442365	PMC8400811	True
34447835	PMC8362507	False
34455410		False
34458396	PMC8376590	False
34458871	PMC8377591	False
34464457		False
34464593	PMC8500948	False
34469511	PMC8718618	False
34470779	PMC8609963	False
34471805	PMC8370255	False
34472404	PMC8984929	False
34475537	PMC9258445	False
34476848	PMC8530967	True
34479980	PMC8451202	True
34482425	PMC8913597	True
34484244	PMC8416050	True
34485947	PMC8415461	False
34487308		False
34487375	PMC8521297	True
34488769	PMC8419973	True
34489558	PMC8492689	True
34492224	PMC8549078	False
34495647		False
34496230	PMC8428804	False
34497389	PMC8426186	True
34497418		False
34499717		False
34502275	PMC8431745	True
34513849	PMC8429852	True
34516916	PMC8442917	False
34525349	PMC8456780	True
34525360	PMC8928453	False
34526362		False
34526525	PMC8443639	True
34528760	PMC8444284	True
34529997		False
34530248		False
34530996		False
34533866		False
34535634	PMC8448832	True
34539353	PMC8440978	True
34547236		False
34547375		False
34548496	PMC8455697	True
34550167	PMC8462488	True
34551963	PMC8492533	False
34552245	PMC8744500	False
34552930	PMC8450444	True
34554904		False
34555675	PMC8743045	False
34557483	PMC8452970	True
34568801	PMC8449272	False
34570765	PMC8509894	True
34572135	PMC8467690	True
34575515	PMC8468799	True
34579961		False
34580158	PMC8570684	True
34580317	PMC8476490	True
34582849		False
34583937		False
34584084	PMC8479082	True
34589287	PMC8463438	False
34590253		False
34594031	PMC8493809	False
34594338	PMC8476995	True
34594356	PMC8477005	True
34597592	PMC7617125	True
34600095		False
34600919		False
34601067		False
34605404	PMC8577842	True
34605511		False
34608324	PMC8490152	True
34611820		False
34613815	PMC8762577	False
34616068	PMC8494637	True
34619231	PMC8741652	False
34624332		False
34624439		False
34624566		False
34625543	PMC8501123	True
34628246		False
34628270		False
34628600		False
34635104	PMC8507141	True
34635229		False
34636837		False
34638822	PMC8508974	True
34642245	PMC8513495	False
34643211	PMC8973271	False
34648021	PMC8789072	True
34648906		False
34651399	PMC8688323	False
34657172	PMC9122887	True
34659227	PMC8511710	True
34661289		False
34662714	PMC8581370	False
34667236	PMC8526703	True
34671359	PMC8521023	True
34671548	PMC8523033	True
34672718	PMC10480047	False
34673017		False
34675206	PMC8531288	True
34675437	PMC8553627	True
34678045		False
34680324	PMC8533876	True
34681023	PMC8535767	True
34684815	PMC8538546	True
34685505	PMC8533713	True
34692689	PMC8530223	True
34694293	PMC8641104	False
34694742	PMC8675776	True
34697228		False
34697476		False
34697991		False
34700375	PMC8546573	True
34700376	PMC8546542	True
34702041		False
34707212	PMC8551238	True
34708046	PMC8542793	True
34711306	PMC8555984	True
34715307		False
34715746	PMC8777374	False
34718736	PMC8599914	False
34722003	PMC8541317	True
34723935		False
34725346	PMC8560803	True
34728189		False
34729245	PMC8526908	True
34738209		False
34739030	PMC8602941	False
34739338		False
34739849	PMC8693622	False
34740746		False
34746301	PMC8564189	True
34746860	PMC8551222	True
34751375	PMC8728038	True
34751773	PMC8714063	False
34753866		False
34755188	PMC8730309	False
34755540	PMC8721896	False
34757808	PMC9595590	False
34759321		False
34760276	PMC8567465	False
34762185	PMC9525416	True
34762649	PMC8584782	True
34762752	PMC9299129	True
34764281	PMC8586222	True
34764950	PMC8576367	True
34767455	PMC8855935	False
34769350	PMC8584762	True
34776212	PMC8944907	False
34777396	PMC8583871	True
34780018		False
34780721	PMC7616885	False
34782601	PMC8593179	True
34785576		False
34785648	PMC8595682	True
34789764	PMC8599867	True
34792180	PMC8651224	False
34792530	PMC8605495	False
34795060	PMC8617492	False
34795663	PMC8593147	True
34796889		False
34798207		False
34798907	PMC8605513	True
34799555	PMC8604999	True
34799674	PMC8604989	True
34803499	PMC8579443	True
34804045	PMC8602834	True
34805166	PMC8602800	True
34807338	PMC8969191	False
34807950	PMC8608300	True
34813178	PMC8787386	True
34813734	PMC8732323	False
34816335		False
34820606	PMC8602030	False
34822063	PMC8613726	False
34827570	PMC8615701	True
34830085	PMC8622108	True
34830241	PMC8619140	True
34831371	PMC8621398	True
34835283	PMC8617659	True
34838304		False
34840703	PMC8626173	True
34841284	PMC8607166	False
34841722	PMC8729059	True
34842234		False
34843943		False
34850336		False
34850745	PMC8631603	False
34851454		False
34853891	PMC8742818	True
34855567		False
34856725	PMC9212121	False
34857633	PMC8670521	True
34858875	PMC8630684	True
34859118	PMC8595437	False
34863287	PMC8642969	True
34864359	PMC8761177	False
34864916	PMC8990373	False
34873174	PMC8648735	True
34876471	PMC8808728	False
34876692	PMC8650955	False
34879221		False
34882011		False
34884863	PMC8658107	True
34886684	PMC8776607	False
34888842		False
34889385	PMC8791117	False
34890154		False
34891005		False
34898038	PMC8666581	True
34899115	PMC8664068	False
34899645	PMC8661899	True
34899682	PMC8657607	True
34900016	PMC8630250	False
34901012	PMC8662983	True
34902524		False
34903763	PMC8668926	True
34906184	PMC8672470	True
34910246	PMC11071926	False
34910283	PMC8671603	True
34913435	PMC8806189	True
34914273		False
34918082	PMC9074870	False
34918294		False
34920185		False
34925388	PMC8674571	True
34927846		False
34928817	PMC8751589	True
34929400		False
34931622		False
34933090		False
34938806	PMC8685759	True
34942359	PMC9936888	False
34943947	PMC8700135	True
34943992	PMC8700398	True
34944426	PMC8698962	True
34946724	PMC8708433	True
34946896	PMC8701051	True
34952226	PMC9169577	False
34953895		False
34954691	PMC8751592	True
34958390	PMC8970988	False
34958689		False
34958836	PMC8934297	False
34958962	PMC8864247	False
34965428		False
34968292	PMC8594728	True
34969098		False
34970423	PMC8714326	True
34975416	PMC8718440	True
34975907	PMC8714906	True
34976220	PMC8692905	True
34977015	PMC8719353	True
34979349	PMC8713434	False
34980892	PMC8724316	True
34981210	PMC8724064	True
34981451		False
34983353		False
34987056	PMC9341512	True
34987112	PMC8820446	False
34992092	PMC8739441	False
34992147	PMC8763053	False
34996927	PMC8742092	True
34997233		False
34998929		False
35002783	PMC8727440	True
35003112	PMC8739483	True
35005774		False
35006958		False
35007279	PMC8782537	True
35008500	PMC8744732	True
35008921	PMC8745095	True
35011309	PMC8746925	True
35011369	PMC8746913	True
35011734	PMC8750542	True
35013309	PMC8748639	True
35013389	PMC8748819	True
35014735	PMC8930507	False
35015814	PMC9113330	True
35021064	PMC8809250	True
35025760	PMC8884908	True
35027767	PMC8828480	True
35030035	PMC9059705	False
35031770	PMC9345992	True
35039565	PMC8763922	True
35040915	PMC8764212	False
35042860	PMC8766435	True
35044857		False
35051311	PMC8776042	True
35054855	PMC8776214	True
35058252		False
35058274	PMC9664123	False
35058636		False
35059561	PMC8764991	False
35061661	PMC8809621	True
35062095		False
35062948	PMC8781713	True
35063072	PMC8792442	False
35064467		False
35068396		False
35068444		False
35069694	PMC8776708	True
35071421	PMC8743735	False
35072898		False
35076391	PMC8849328	True
35077550	PMC8802033	False
35080537		False
35080614	PMC8963318	False
35081145	PMC8791532	True
35081356		False
35081357		False
35083025	PMC8786480	True
35084549	PMC10992276	False
35086144	PMC8826878	False
35086885		False
35089423	PMC11071781	False
35090416	PMC8796579	True
35090578	PMC8796391	True
35091680		False
35092390	PMC9258649	False
35092700	PMC8800483	True
35094364		False
35095518	PMC8793341	True
35099074		False
35102706	PMC9160812	True
35103591	PMC8809891	True
35104875	PMC8860605	False
35105800	PMC8832966	True
35105973		False
35106127	PMC8801596	False
35108499	PMC9332140	True
35108522	PMC8930604	False
35115009	PMC8815186	True
35116021	PMC8805082	True
35117401	PMC8798965	False
35121629		False
35122013		False
35126951	PMC8808228	True
35129169	PMC9238252	False
35130112	PMC8824218	True
35132263	PMC9200634	True
35135541	PMC8822649	True
35136728	PMC8802405	False
35137179	PMC8887470	True
35140201	PMC8828780	True
35142109	PMC9089222	True
35142335		False
35143611	PMC8941453	False
35143967	PMC9504227	False
35145120	PMC8831585	True
35145224		False
35145472	PMC8821961	True
35148201	PMC11036408	False
35149052		False
35154093	PMC8828505	True
35154475	PMC8771561	True
35157041		False
35157271		False
35163208	PMC8836044	True
35168697	PMC9252893	False
35169021	PMC8973419	False
35169685	PMC8829779	False
35170072	PMC9314128	False
35170262	PMC9148430	False
35173549	PMC8771853	True
35174321	PMC8846576	False
35176664		False
35177426		False
35177627	PMC8854441	True
35177643	PMC8854633	True
35179799	PMC9385889	False
35181592	PMC8865045	False
35181606	PMC8872722	False
35186091	PMC8856835	True
35186167	PMC8849968	True
35187651	PMC9790408	False
35190203	PMC9462879	False
35192147	PMC8861993	False
35192456	PMC8896828	True
35193578	PMC8862473	True
35196219	PMC8865850	True
35197246	PMC9438779	False
35197677	PMC8812395	False
35199028	PMC8850799	False
35203505	PMC8869561	True
35209939	PMC8867632	True
35213211	PMC9035271	False
35213533	PMC8906617	True
35217637	PMC8881507	True
35218446		False
35219143		False
35220796		False
35221299	PMC8902458	False
35221979	PMC8866005	True
35223538	PMC8863592	True
35224063	PMC8866653	True
35225732		False
35226074		False
35227003		False
35232008	PMC9597227	False
35233118	PMC8875855	False
35237239	PMC8882917	True
35237322	PMC8885196	True
35240008	PMC9069193	True
35240524		False
35240732		False
35243668	PMC9790738	False
35245443		False
35249898	PMC9353850	False
35256815	PMC9287170	True
35259584		False
35259922		False
35260545	PMC8919681	False
35260653	PMC8904549	True
35260714	PMC8904555	True
35261339	PMC8906804	True
35263762		False
35265972	PMC9659476	False
35267065		False
35274136	PMC8919091	False
35275718	PMC8916728	True
35277958	PMC9216539	True
35278143	PMC8918182	True
35280984	PMC8905655	True
35281018	PMC8904423	True
35281937	PMC8914105	True
35283752	PMC8914319	True
35284843	PMC8904610	False
35284862	PMC8906138	False
35290801	PMC8992964	False
35292516	PMC8928405	True
35292865	PMC8923825	False
35294603	PMC8924574	True
35295158	PMC8915870	True
35297680	PMC9419973	False
35298657	PMC8929438	True
35301441		False
35303483	PMC8988922	False
35307791	PMC10113299	True
35308118	PMC8931026	True
35311158	PMC8927079	True
35311564	PMC9022539	True
35313892	PMC8939223	True
35317387	PMC8934391	True
35317717	PMC9045768	True
35318675	PMC9492804	False
35320704	PMC9203927	False
35320727	PMC9015815	False
35324254		False
35325013	PMC8946739	True
35325106	PMC9073686	True
35326381	PMC8946823	True
35326737	PMC8946623	True
35327373	PMC8945803	True
35328426	PMC8950615	True
35328432	PMC8950438	True
35328739	PMC8948871	True
35337291	PMC8957185	True
35338126	PMC8956718	True
35344158	PMC9148287	True
35349784	PMC9338779	False
35350772	PMC8947789	False
35351192	PMC8962256	True
35351973	PMC8964703	True
35353015	PMC9265158	False
35354960	PMC9208307	False
35354979		False
35355155		False
35356879		False
35356977	PMC8968580	False
35361816	PMC8971486	True
35371997	PMC8967368	True
35372996	PMC8785845	False
35377806	PMC9169737	True
35380773		False
35381476		False
35382563		False
35388741	PMC8993092	True
35389779		False
35389781	PMC9297655	False
35391569		False
35391793	PMC8982079	True
35393569	PMC8988100	True
35394492	PMC8994164	False
35395453		False
35395675		False
35398956	PMC9207361	False
35399096	PMC8996595	True
35399519	PMC8990889	True
35403011	PMC8987391	False
35403278	PMC9102537	True
35405627	PMC9167774	False
35405946	PMC9002570	True
35406690	PMC8998055	True
35406741	PMC8997982	True
35407716	PMC8999667	True
35408749	PMC9000251	True
35408789	PMC8998835	True
35410377	PMC9844147	False
35416319	PMC9322415	True
35417481	PMC9007364	True
35417686		False
35419005	PMC8996714	True
35419551	PMC9004682	True
35426312		False
35427601		False
35429397	PMC9332903	False
35432377	PMC9011047	True
35433040	PMC9012215	True
35434379	PMC8941186	True
35435902	PMC10010840	False
35436363		False
35436518		False
35436980	PMC9016079	True
35438457	PMC9294097	False
35440537	PMC9019008	True
35440562	PMC9018716	True
35442094	PMC9024076	False
35443043	PMC9357177	False
35444215	PMC9021252	True
35444276	PMC9436791	False
35445605	PMC9039768	False
35447234		False
35449113	PMC9027048	True
35451016	PMC9245189	False
35457084	PMC9029183	True
35458235	PMC9031956	True
35461657		False
35463203	PMC9021723	True
35468657		False
35469013	PMC9046084	True
35470029		False
35472493		False
35473313		False
35474694	PMC9017192	False
35474753	PMC9038109	True
35475783	PMC9094755	True
35476187		False
35476593	PMC9169615	False
35476804	PMC9045663	True
35478248		False
35483629	PMC9592676	False
35485895		False
35487823	PMC9378604	False
35489637	PMC9793435	False
35491059		False
35494238	PMC9046238	True
35494265	PMC9042761	False
35495113	PMC9018126	False
35496796	PMC9046621	True
35499046	PMC9039752	False
35499346		False
35503794		False
35504286	PMC9090997	False
35504878	PMC9065032	True
35513526	PMC9547813	False
35514116	PMC9128004	False
35514975	PMC9065352	True
35514978	PMC9065607	True
35516420	PMC9062659	True
35517494	PMC9062071	True
35520664	PMC9056550	False
35521478	PMC9053637	True
35522154	PMC9378428	False
35522918	PMC9076016	True
35530143	PMC9069405	False
35530516	PMC9018427	False
35532794		False
35534573		False
35538578	PMC9087910	True
35540944	PMC9053425	False
35543702	PMC9098650	True
35545045	PMC9535675	False
35545758	PMC9092676	True
35561165	PMC9113363	True
35562354	PMC9106682	True
35562782	PMC9102744	True
35562906	PMC9099550	True
35563024	PMC9100920	True
35563039	PMC9100947	True
35566132	PMC9102429	True
35567901		False
35568187	PMC10034962	False
35575063	PMC9189429	False
35577040		False
35579188		False
35580931	PMC9114962	False
35581202	PMC9114339	True
35582522	PMC9084694	False
35595533		False
35598334		False
35598779	PMC9119192	False
35611554	PMC9235877	True
35611958		False
35618288	PMC9125754	False
35618837		False
35619031		False
35619176	PMC9137088	True
35622823	PMC9140256	True
35624824	PMC9137668	True
35625424	PMC9139013	True
35625581	PMC9138677	True
35625660	PMC9139073	True
35626377	PMC9140453	True
35626661	PMC9139223	True
35629841	PMC9146984	True
35632758	PMC9146158	True
35635730	PMC9529797	False
35635736		False
35635972		False
35636927		False
35639635		False
35646534	PMC9136569	False
35647662	PMC9302141	False
35649411	PMC9271637	False
35651326	PMC9252890	False
35651651	PMC9142200	True
35652314	PMC9211418	False
35654979		False
35656307	PMC9152313	True
35658756		False
35660087		False
35670920	PMC9363403	True
35671240		False
35671621	PMC9168057	True
35672453	PMC9173662	True
35672715	PMC9172076	True
35672970		False
35675517	PMC9631676	False
35678021	PMC9263305	False
35679649		False
35685219	PMC9171382	True
35685476	PMC9170604	False
35688146	PMC9380471	True
35688610	PMC10086491	False
35692407	PMC9178088	True
35693817	PMC9184520	True
35700822		False
35700865	PMC9188117	False
35701533		False
35705804	PMC9242861	True
35705856		False
35708028	PMC9339526	False
35710984		False
35713948	PMC9296135	True
35716530	PMC9514539	False
35717949		False
35718975		False
35719923	PMC9198606	True
35721092	PMC9198552	True
35723318	PMC8928988	True
35724540		False
35727948	PMC10153415	False
35729156	PMC9213414	True
35729225	PMC9381544	True
35736488	PMC9231117	True
35736672	PMC9631703	False
35738431	PMC9212443	False
35739648	PMC9546239	True
35740244	PMC9219680	True
35740945	PMC9221261	True
35741049	PMC9221525	True
35744408	PMC9231110	True
35746609	PMC9228192	True
35747144	PMC9204528	False
35749158	PMC9232218	True
35750513	PMC11500017	False
35751679	PMC9512759	True
35751822		False
35752612	PMC9233671	True
35754024	PMC9235224	True
35760119	PMC9466005	False
35762556		False
35769263	PMC9234398	True
35769488	PMC9234288	True
35775481	PMC9246384	True
35777353	PMC9344965	False
35781709	PMC9771882	False
35785171	PMC9245065	True
35785700		False
35788086	PMC9547868	False
35788760		False
35789435	PMC9252958	True
35789526		False
35791909	PMC9301292	True
35795673	PMC9251111	True
35796437		False
35796964		False
35799901	PMC9243516	False
35802605	PMC9925714	False
35802750	PMC9269942	True
35803696	PMC9476163	False
35805197	PMC9265821	True
35805534	PMC9265836	True
35806043	PMC9266723	True
35806144	PMC9267104	True
35806481	PMC9267821	True
35809166	PMC9622518	True
35817790	PMC9273635	True
35817937		False
35819843	PMC9462484	True
35829681	PMC10117398	False
35829695	PMC9323004	True
35831069	PMC9280898	False
35831448	PMC9381458	True
35836973	PMC9236721	True
35844454	PMC9279088	True
35845296	PMC9284456	False
35848592	PMC7613767	True
35849618	PMC9333448	True
35849803	PMC9771864	False
35850708	PMC9295514	True
35853486		False
35856475		False
35857642		False
35857823	PMC9981332	False
35859075	PMC9300700	True
35860276	PMC9289199	True
35860550	PMC9289283	True
35862429	PMC9345488	True
35862820	PMC9426464	True
35865015	PMC9294273	True
35867226		False
35867557	PMC9327675	False
35873488	PMC9298768	True
35890005	PMC9318892	True
35893689	PMC9341392	True
35896732	PMC9329323	True
35896733		False
35899045	PMC9309264	True
35900012	PMC9840751	False
35900151	PMC9477524	True
35900794	PMC9435651	True
35901576		False
35904026	PMC9589374	False
35904250	PMC9374440	True
35909944	PMC9336482	True
35910393	PMC9335372	True
35912966		False
35916620		False
35921412	PMC9348803	True
35926268	PMC9338837	False
35927308	PMC9352798	True
35927516	PMC9419571	True
35928516	PMC9343933	False
35928818	PMC9344140	True
35930700	PMC11320893	False
35931028	PMC9357250	False
35931029	PMC9386785	False
35933016	PMC9437860	True
35933513	PMC9357019	True
35934835		False
35938039	PMC9353688	True
35938151	PMC9355508	True
35940703		False
35940847	PMC9375228	True
35941362	PMC9359991	True
35943690		False
35943805	PMC9536273	True
35944142	PMC10087122	True
35948532	PMC9365848	True
35950748	PMC9391044	True
35955642	PMC9368986	True
35958432	PMC9363584	True
35959491	PMC9360620	True
35961700		False
35962452	PMC9375433	True
35966286	PMC9372218	False
35967299	PMC9373730	True
35971894	PMC9535767	True
35973349	PMC9396400	False
35977003	PMC9530647	False
35978039	PMC9633385	False
35979045	PMC9377943	True
35979368	PMC9376226	True
35980826	PMC9470890	True
35981563	PMC10082359	False
35983053	PMC9381139	True
35987639	PMC9392297	True
35990589	PMC9362843	False
35990622	PMC9391070	True
35991542	PMC9388772	True
35991548	PMC9386142	True
35993451	PMC9393906	True
35996180	PMC9396877	True
35996587	PMC9391589	False
35999303	PMC9482877	True
36002023		False
36002545	PMC9402568	True
36003902	PMC9393487	True
36004649		False
36004918	PMC9405348	True
36007524	PMC9847506	False
36008193	PMC9669228	False
36008377	PMC9411569	True
36009024	PMC9405875	True
36010617	PMC9406836	True
36010931	PMC9406154	True
36029930		False
36032085	PMC9399368	True
36035139	PMC9411666	True
36038018		False
36039879		False
36040194	PMC9526058	False
36041859	PMC9712627	False
36044181	PMC9428373	False
36046342	PMC9420848	True
36046812	PMC9423847	False
36048944		False
36054547		False
36055233	PMC9509445	False
36056872		False
36059151		False
36059530	PMC9433931	True
36070691	PMC9510047	False
36070817		False
36071559	PMC9448911	True
36074248		False
36075888	PMC9458645	True
36076255	PMC9461253	True
36077499	PMC9456341	True
36083756		False
36085603		False
36086064		False
36087198	PMC10035765	False
36090352	PMC9458853	True
36091018	PMC9448857	True
36092697	PMC9449320	True
36095212	PMC9499590	False
36103728		False
36104374	PMC9474873	True
36106371		False
36108589		False
36109461	PMC9483255	True
36110202	PMC9468640	True
36114433	PMC9481863	True
36114487	PMC9482175	True
36120103	PMC9478930	True
36120644	PMC9475269	False
36121153	PMC9600446	True
36121845	PMC9560606	True
36122567		False
36125932	PMC9494234	True
36131080	PMC10292932	False
36133924	PMC9483813	True
36138173		False
36140064	PMC9496365	True
36140698	PMC9498867	True
36142245	PMC9499607	True
36142432	PMC9502833	True
36143308	PMC9506052	True
36143651	PMC9504521	True
36149798	PMC9508610	True
36151469		False
36152230		False
36153599	PMC9509553	True
36159783	PMC9501714	True
36163341	PMC9512788	True
36165281	PMC9523839	False
36167836	PMC9515171	True
36169447	PMC9716249	False
36169732	PMC9545391	False
36171194	PMC9519579	True
36173301	PMC9603186	True
36173566		False
36173617	PMC9596223	True
36173986	PMC9521801	True
36177003	PMC9513135	True
36189306	PMC9519182	True
36190986	PMC9812893	False
36191445		False
36194434		False
36196516	PMC9542947	True
36197007	PMC9566870	True
36199584	PMC9527318	True
36200044	PMC9527288	True
36200838	PMC9825500	False
36201754		False
36202783	PMC9537293	True
36203588	PMC9530332	True
36204889		False
36206577	PMC9716256	False
36207411	PMC9652396	True
36209225	PMC9548187	True
36210625	PMC9672888	False
36211359	PMC9539738	True
36213964	PMC10092379	False
36214254	PMC9581518	True
36214963	PMC10073374	True
36215049	PMC9817912	False
36216966	PMC9549038	True
36220431		False
36228615		False
36228617	PMC10585591	True
36231143	PMC9562881	True
36232468	PMC9570095	True
36238374	PMC9550905	False
36240531		False
36242821		False
36246562	PMC9553556	True
36247727	PMC9554586	True
36250346	PMC10071545	False
36253054	PMC9731635	False
36253460	PMC9576780	True
36254993	PMC9827764	False
36255700		False
36257190		False
36261270	PMC9617616	True
36264199	PMC9589923	False
36265412	PMC9525243	False
36266662	PMC9585726	True
36266985	PMC9595088	False
36267568	PMC9576944	True
36270939		False
36272823	PMC9671837	False
36273106	PMC9588010	True
36273744		False
36274170	PMC9590125	True
36280438	PMC9790040	False
36280535		False
36280798	PMC9630119	True
36284317	PMC9594907	True
36285248	PMC9592060	False
36286429	PMC9605425	True
36289769	PMC9598868	True
36290970	PMC9599289	True
36291143	PMC9600099	True
36291592	PMC9599238	True
36297287	PMC9610574	True
36300492	PMC9686996	False
36301256		False
36302754	PMC9613889	True
36303541	PMC9592975	True
36304942	PMC9604512	True
36305490	PMC10114107	True
36305824	PMC9825468	True
36307906	PMC9772300	False
36309330		False
36309587	PMC9617938	True
36309840		False
36311047	PMC9588995	False
36311731	PMC9615147	True
36318272		False
36318668	PMC9989475	False
36318742	PMC9625337	True
36319564		False
36323680	PMC9630450	True
36323780	PMC9646485	True
36323841	PMC9630378	True
36326278	PMC9682998	True
36327817		False
36330337	PMC9624249	True
36332630	PMC9859929	False
36333818	PMC9636771	True
36335283		False
36336297		False
36337046	PMC9727930	True
36339265	PMC9633745	False
36341969		False
36343573		False
36346845	PMC9674224	False
36348455	PMC9641831	True
36349357	PMC9700497	False
36351237		False
36354773	PMC9693599	True
36355051		False
36355294	PMC10069062	False
36358552	PMC9686838	True
36358938	PMC9687855	True
36359897	PMC9658264	True
36362212	PMC9653866	True
36372191		False
36376339	PMC9663826	True
36376702		False
36379406		False
36384102	PMC9729827	False
36387901	PMC9643292	True
36389173	PMC9640912	True
36396031	PMC9706177	False
36399395		False
36403042	PMC9675966	True
36404522		False
36406175	PMC9647214	False
36408679	PMC9834698	False
36409751	PMC9678275	True
36412347	PMC9850878	False
36417539	PMC9683707	False
36418304	PMC9684429	True
36420261	PMC9676257	True
36420267	PMC9676970	True
36422797	PMC10313633	False
36424526	PMC9758055	True
36430462	PMC9692998	True
36431973	PMC9698518	True
36432424	PMC9694020	True
36435683		False
36436921		False
36438715	PMC9694054	False
36438927	PMC9682502	True
36439166	PMC9682031	True
36440924	PMC9804050	True
36442540	PMC10347421	False
36442790		False
36442999	PMC9838717	True
36443000	PMC9864552	False
36443046	PMC10408986	False
36443332	PMC9705377	True
36444763		False
36445533	PMC9813122	True
36446389	PMC9740376	True
36447423	PMC9756995	False
36451426	PMC9704903	False
36452863	PMC9701618	True
36453030	PMC9724788	True
36454098	PMC9911060	True
36455783		False
36456700		False
36457143	PMC10952572	True
36457571	PMC9705355	True
36459995		False
36463319	PMC9719516	True
36463326	PMC9990473	False
36465325	PMC9524813	True
36466740	PMC9718535	True
36466854	PMC9716469	True
36467029	PMC9708905	True
36469073		False
36472053	PMC10029961	False
36476757	PMC9803354	True
36476888		False
36494438	PMC9734646	True
36495874		False
36497161	PMC9736852	True
36499582	PMC9740017	True
36507536	PMC9732025	True
36507668	PMC9927314	True
36508820		False
36509746	PMC9744747	True
36509798	PMC9744833	True
36511385		False
36512638		False
36513652	PMC9747932	True
36515584	PMC9750176	True
36517519	PMC9749643	True
36517915	PMC9749177	True
36517959		False
36518525	PMC9732527	True
36518768	PMC9742559	True
36519824		False
36520540	PMC9977429	True
36525361	PMC9810332	True
36525604	PMC9771174	False
36525953	PMC9925257	False
36526433	PMC9977153	False
36527759	PMC10123518	False
36536248	PMC10821748	False
36540608	PMC9762771	True
36541139		False
36541430		False
36541521	PMC10152717	True
36541756	PMC9903331	True
36542062	PMC9771365	True
36543376	PMC9772691	False
36544135	PMC9771790	True
36545982		False
36546833		False
36547462	PMC9788114	True
36551164	PMC9775121	True
36552810	PMC9777438	True
36563106	PMC9794006	True
36563691	PMC9731922	False
36569939	PMC9772259	True
36569942	PMC9773867	True
36576247	PMC9934862	True
36579934	PMC10307529	True
36590162	PMC9800269	True
36591943	PMC9810995	False
36593651	PMC9817113	False
36594382		False
36596352		False
36596518		False
36596693	PMC9951326	True
36598946	PMC9926218	False
36599983	PMC9834050	True
36602862	PMC10014110	True
36602889	PMC9974575	False
36602951	PMC9815626	True
36604539	PMC9877171	False
36605189	PMC9808403	True
36607288		False
36608676	PMC9901278	False
36610670	PMC10658328	False
36611026	PMC9825407	True
36611882	PMC9818681	True
36612160	PMC9818284	True
36613656	PMC9820401	True
36617169		False
36619977	PMC9813700	True
36621113		False
36621798	PMC10103847	True
36622575	PMC10387027	False
36625255	PMC9943655	False
36626870	PMC10010282	False
36630196	PMC9833437	True
36630200	PMC9975768	False
36630715		False
36630910		False
36633423	PMC9839317	False
36635662	PMC9837974	True
36647955		False
36670344		False
36670855	PMC9854948	True
36671474	PMC9855364	True
36672895	PMC9859520	True
36678744	PMC9866877	True
36680018	PMC9862439	True
36681813	PMC9862555	True
36682170		False
36685525	PMC9849934	True
36685542	PMC9846263	True
36687005	PMC9851202	False
36689316		False
36689332	PMC10326489	True
36696631		False
36700348	PMC9989920	True
36706085		False
36707993	PMC9900211	True
36709747		False
36714021	PMC9879691	True
36715065		False
36715686	PMC9886280	True
36716646		False
36720355		False
36720873	PMC9889806	True
36720878	PMC9889395	True
36722405	PMC9890038	False
36723861	PMC10106201	False
36729914	PMC9897772	True
36730207	PMC9963604	False
36731652	PMC9922684	False
36732019	PMC9900254	True
36739265		False
36739306	PMC9899282	True
36739412	PMC9899380	True
36741874	PMC9897930	True
36742294	PMC9893113	True
36747024	PMC9991912	True
36750099	PMC9942876	False
36754210		False
36755099	PMC10614218	False
36755161	PMC9908307	False
36756129	PMC9900177	True
36756201	PMC9899843	True
36757500	PMC10156760	True
36759685	PMC9991906	True
36761741	PMC9905713	True
36763038		False
36765490		False
36768658	PMC9916779	True
36772984	PMC10291449	False
36775060	PMC10616710	False
36776826	PMC9902342	False
36781735		False
36787740		False
36788616	PMC9926842	True
36789459		False
36790144	PMC9984193	True
36790488	PMC9974703	True
36793138	PMC9930257	True
36797808	PMC10086528	True
36803813		False
36804617	PMC10040428	False
36805906		False
36807241	PMC11330644	False
36807640		False
36808578		False
36809239	PMC9983867	True
36811212		False
36812376	PMC10071142	True
36814189	PMC9948470	True
36814419	PMC10068335	True
36816316	PMC9929299	False
36817490	PMC9932711	True
36818541	PMC9936456	True
36819022	PMC9929359	True
36822205	PMC10578134	False
36823318	PMC10011140	True
36825405		False
36828616		False
36829988	PMC9952346	True
36831313	PMC9953911	True
36831372	PMC9954756	True
36834645	PMC9966054	True
36838979	PMC9962160	True
36839454	PMC9958901	True
36843851	PMC9947306	False
36845083	PMC9947838	True
36847389		False
36847649		False
36849879	PMC9972636	True
36849926	PMC9972730	True
36851277	PMC9963931	True
36855276	PMC10953002	True
36855912	PMC10086589	True
36856523		False
36856768	PMC9898783	False
36856908	PMC10119053	True
36857499	PMC10103235	False
36860677	PMC9969500	True
36860844	PMC9968733	True
36860848	PMC9968761	True
36863698	PMC11270591	False
36863790		False
36864364	PMC10511587	True
36867945	PMC10011429	False
36872804		False
36875645	PMC9978793	True
36876630	PMC10097421	True
36877271		False
36880956		False
36883688	PMC10186610	True
36888695	PMC10875969	False
36889280	PMC10027403	False
36891293	PMC9986480	True
36894992	PMC9999524	True
36898482		False
36902291	PMC10003673	True
36905516		False
36905926	PMC10050118	False
36908856	PMC9999303	False
36910955	PMC9996769	False
36911291	PMC9993474	True
36914391		False
36914823	PMC10011423	True
36916912	PMC10062168	False
36920308	PMC10035589	False
36920905	PMC10114292	False
36922587	PMC10076218	True
36922897	PMC10018871	True
36923281	PMC10010332	True
36924495		False
36926188	PMC10011948	False
36930329	PMC10023777	True
36930502		False
36934419	PMC10322286	False
36935423		False
36936955	PMC10017451	True
36941669	PMC10029195	True
36942693		False
36946175		False
36948185	PMC10160009	False
36952141	PMC10036689	True
36952236	PMC10595438	False
36962257		False
36963175		False
36963412	PMC10088018	False
36964318	PMC10039074	True
36965548	PMC10898607	False
36966028		False
36967805	PMC10034023	True
36968488	PMC10030604	True
36972789	PMC10176266	True
36973297	PMC10042991	True
36978155	PMC10045869	True
36986402	PMC10051809	True
36994597		False
36995411		False
37002477	PMC10169637	True
37004901	PMC10194187	False
37004912		False
37005543		False
37006304	PMC10050337	True
37009699	PMC10070169	False
37010266	PMC10110238	True
37012457	PMC10191634	False
37016414	PMC10074823	True
37017187		False
37017530	PMC10127687	True
37019891	PMC10074378	True
37020152	PMC10119372	False
37021574	PMC10213135	False
37023750	PMC10656710	False
37024615	PMC10079848	True
37024677	PMC10651479	True
37024802	PMC10080823	True
37028583	PMC10228209	False
37031280	PMC10082844	True
37035745	PMC10079901	True
37036214		False
37036489	PMC10120894	True
37038777	PMC10200138	False
37041269		False
37041460	PMC10091652	True
37042152	PMC10091242	False
37043983	PMC10119805	False
37046136		False
37046345	PMC10091580	True
37047025	PMC10093907	True
37047659	PMC10095337	True
37048123	PMC10093394	True
37054704		False
37055414	PMC10102188	True
37055764	PMC10103477	True
37056756	PMC10086229	True
37056938	PMC10086744	True
37057892	PMC10181822	True
37058781		False
37059104	PMC10175181	False
37060896		False
37063853	PMC10102363	True
37064874	PMC10091881	True
37069732	PMC10116915	False
37070549	PMC10330113	False
37071065		False
37078362		False
37079747	PMC10230285	False
37085609	PMC10121664	True
37087844	PMC10091870	False
37088328		False
37089489	PMC10116417	True
37091923	PMC10113633	True
37094356		False
37097292	PMC10130742	False
37098346		False
37099421		False
37099691		False
37100790	PMC10131515	True
37101376	PMC10267676	False
37102151	PMC10123344	False
37102976	PMC10320628	False
37103924		False
37104033	PMC10393231	True
37105495		False
37106289		False
37106434	PMC10142246	True
37106788	PMC10136313	True
37107231	PMC10134982	True
37108164	PMC10139076	True
37108197	PMC10138882	True
37108667	PMC10139117	True
37116621	PMC10275325	False
37122208	PMC10150216	False
37122618	PMC10130411	True
37128203	PMC10148642	True
37128849		False
37128895	PMC10187631	True
37130011		False
37139709		False
37141306	PMC10651211	False
37141746		False
37142218	PMC10236456	True
37142671	PMC10235122	False
37142849	PMC10181933	True
37146750	PMC10528252	False
37147488	PMC10161972	False
37153564	PMC10157064	True
37153635	PMC10157497	True
37154201		False
37154575		False
37154756	PMC10269497	True
37155865	PMC10193973	False
37158690	PMC10259667	False
37161652	PMC10236304	False
37163604	PMC10171823	False
37163725		False
37166394	PMC10618830	False
37166966	PMC10320068	False
37166989	PMC10313376	True
37167061	PMC10303920	True
37168851	PMC10165081	True
37169966	PMC11182337	False
37170325	PMC10173474	True
37171185	PMC10281885	False
37172370		False
37174710	PMC10177490	True
37175407	PMC10178631	True
37176092	PMC10179133	True
37177003	PMC10180519	True
37178589	PMC10205684	False
37178875		False
37180166	PMC10174299	True
37182737		False
37190072	PMC10137179	True
37191051	PMC10462388	False
37191614		False
37192616	PMC10241223	False
37195195		False
37195999	PMC10228810	True
37196763	PMC10388583	False
37204192		False
37212877	PMC10203036	True
37215579	PMC10196835	True
37217590		False
37217615		False
37218507		False
37220805	PMC10524858	False
37224020		False
37224769	PMC10277927	True
37224771	PMC10277926	False
37225691	PMC10209160	True
37226029	PMC10457257	True
37226217	PMC10691749	False
37227037		False
37227782	PMC10371343	True
37228117		False
37228227	PMC10212276	True
37232845	PMC10217048	True
37233805		False
37235502		False
37235653	PMC10219591	False
37239814	PMC10218281	True
37240083	PMC10218139	True
37240504	PMC10219302	True
37244445		False
37246190		False
37248420	PMC11531796	False
37250405	PMC10210144	True
37252636	PMC10213524	True
37252802	PMC10371332	True
37253773	PMC10229562	True
37256130	PMC10225589	True
37256972	PMC10392571	False
37257175	PMC11247185	True
37261462	PMC11144452	False
37263619	PMC10267575	True
37267917	PMC10240254	False
37269741		False
37273576	PMC10238921	True
37274215	PMC10232817	True
37274738	PMC10236217	True
37277011		False
37282627	PMC10291985	True
37283674	PMC10209851	False
37284153	PMC10209994	False
37285176	PMC10700667	False
37285263	PMC10246722	True
37287453	PMC10242138	True
37291161	PMC10249941	True
37291737		False
37291937		False
37296104	PMC10256711	True
37301304		False
37301319		False
37304818	PMC10250619	True
37306301	PMC10313321	True
37307197	PMC10284260	False
37307616		False
37308489	PMC10261041	True
37308559	PMC10387481	True
37310664	PMC10371950	False
37311413	PMC10317474	False
37311809	PMC10264349	True
37315519	PMC10277837	False
37316588	PMC10529488	False
37319264		False
37325925	PMC10724380	False
37327603		False
37328648	PMC10618178	False
37329883		False
37331517	PMC10529432	False
37336873	PMC10279759	True
37337843	PMC10396784	False
37338194		False
37338336		False
37338391	PMC10353353	True
37338984	PMC10378165	True
37339338		False
37339578	PMC10447622	False
37340054	PMC10281999	True
37341394	PMC10351918	True
37343600		False
37344597	PMC10795478	False
37344886	PMC10283283	True
37345655	PMC10371243	True
37347724		False
37351595	PMC10317904	True
37352261	PMC10469080	False
37352856		False
37353538	PMC10290132	True
37354485	PMC10333082	True
37356720	PMC10392088	True
37357228	PMC10290983	True
37357747	PMC10502778	True
37359522	PMC10288188	True
37366237	PMC10390876	False
37366295	PMC10529925	False
37366298	PMC10417088	True
37369658	PMC10299999	True
37369878	PMC10517031	True
37370656	PMC10295796	True
37371108	PMC10297213	True
37371484	PMC10295969	True
37371563	PMC10296534	True
37372936	PMC10298009	True
37376099	PMC10302644	True
37383542	PMC10299575	False
37386391	PMC10308640	True
37386813	PMC10424291	True
37387130	PMC10311307	True
37389959	PMC10655871	True
37390900		False
37391389	PMC10839341	True
37391641		False
37392292		False
37392389		False
37401411	PMC10399980	True
37406303	PMC9963276	False
37406975		False
37407342		False
37415181	PMC10324135	True
37418389	PMC10328343	True
37421595	PMC10373969	True
37422711	PMC10711353	False
37423216	PMC10527005	False
37423985		False
37424864	PMC10324675	True
37426447	PMC10324623	True
37426759	PMC10326379	True
37428306		False
37429353		False
37431614		False
37432393	PMC10336233	False
37434762	PMC10332464	True
37435722		False
37436768	PMC11571233	False
37437536		False
37443711	PMC10340267	True
37446091	PMC10341647	True
37448726	PMC10338148	True
37450589	PMC10348671	True
37450928	PMC11081153	True
37451403	PMC10462789	False
37454125	PMC10349503	True
37458395		False
37462226		False
37463428	PMC10636249	False
37466391	PMC10450158	False
37466726	PMC10412668	True
37468586	PMC10356619	True
37468639	PMC11161302	False
37471544	PMC11542592	False
37475874	PMC10354270	True
37479686	PMC10361999	True
37480562	PMC10382986	False
37481722		False
37481871		False
37486226	PMC10530199	False
37486734		False
37487196		False
37488584	PMC10364383	True
37490117		False
37491061		False
37492748	PMC10363593	False
37498303	PMC10415570	True
37500714	PMC10374641	True
37502708	PMC10370450	True
37506451		False
37507442	PMC10382533	True
37508520	PMC10378658	True
37511374	PMC10380716	True
37511628	PMC10380755	True
37512124	PMC10384605	True
37515234	PMC10386507	True
37516968	PMC10577800	False
37519901	PMC10372739	False
37520722	PMC10372825	False
37525279	PMC10388560	True
37525587	PMC10390819	True
37528048	PMC10484731	True
37529920	PMC10417509	True
37530794	PMC10729713	False
37531660	PMC10514084	False
37532692	PMC10397223	True
37532704	PMC10397232	True
37532932	PMC10412454	True
37533188	PMC10508156	False
37533642	PMC10391570	False
37534375	PMC10392708	True
37534732		False
37539749	PMC10838369	False
37540264		False
37542039	PMC10403544	True
37544202	PMC10432184	False
37545512	PMC10402919	True
37548710	PMC10561819	False
37549038		False
37550295	PMC10406832	True
37550827	PMC10527202	False
37553326	PMC10409775	True
37553567	PMC10411021	True
37555904		False
37558883	PMC10482701	True
37559053	PMC10413531	True
37562584		False
37562753	PMC10923196	False
37563469	PMC10513932	True
37565838	PMC10841385	False
37567173	PMC10439278	False
37572440		False
37572567		False
37573313	PMC10423258	True
37577389	PMC10422139	False
37577762	PMC10947460	True
37582230	PMC10588282	False
37582932	PMC10427629	True
37583701	PMC10424935	True
37584284		False
37585461	PMC10451519	False
37590511		False
37591710		False
37591988	PMC10435495	True
37594634	PMC10645842	False
37597360		False
37597489	PMC11645536	False
37601968	PMC10435384	False
37602677		False
37604819	PMC10442405	True
37606044	PMC10543737	True
37610325	PMC10477937	True
37611490	PMC10466920	False
37614159	PMC10891305	False
37619853		False
37620072		False
37620119	PMC10620046	False
37621765	PMC10448629	True
37626067	PMC10457300	True
37626737	PMC10452314	True
37627147	PMC10452504	True
37628586	PMC10454152	True
37634007		False
37634345		False
37638025	PMC10457014	True
37639130		False
37640912	PMC10511363	True
37640946	PMC11525041	False
37642183		False
37643677		False
37643867	PMC10465922	True
37646041	PMC10461559	True
37647391	PMC10468137	False
37648330		False
37648651		False
37648786	PMC10589295	False
37648807		False
37648811		False
37649114	PMC10468894	True
37650295		False
37651193	PMC10619435	True
37652671	PMC10471888	True
37652986		False
37658249	PMC10861640	True
37661919	PMC11192470	True
37662949	PMC10469789	True
37664600	PMC10470411	True
37664610	PMC10470315	False
37668349	PMC10484303	False
37669278	PMC10503725	True
37671160	PMC10476870	True
37671994	PMC10512870	False
37674904	PMC10477751	False
37675124	PMC10477980	True
37680467	PMC10481365	False
37681409	PMC10544199	True
37681451	PMC10652311	True
37684260	PMC10491684	True
37686053	PMC10488128	True
37686471	PMC10488098	True
37686653	PMC10486378	True
37689642	PMC10493034	True
37689689	PMC10492418	True
37690629		False
37691494	PMC10561180	True
37695017	PMC10495112	True
37695548	PMC10871588	False
37696903	PMC10495390	True
37698530	PMC10522399	True
37699659	PMC10691546	False
37700209		False
37700362	PMC10498638	True
37704636	PMC10499913	True
37708706		False
37708820		False
37709208	PMC10655618	False
37710042	PMC10555824	True
37710343	PMC10500805	True
37710383		False
37710979		False
37712850	PMC10813645	False
37713482	PMC10881072	False
37713821	PMC10508384	True
37715192	PMC10503187	True
37717088	PMC10505210	True
37719199	PMC10499594	False
37720083	PMC10502414	False
37720105	PMC10500482	False
37722850	PMC10669794	False
37723185	PMC10507026	True
37723590	PMC10506285	True
37725663		False
37727868	PMC10505934	False
37728385		False
37729414	PMC10881057	False
37730274	PMC10510892	False
37733830	PMC10831338	False
37736554	PMC10509777	False
37738895		False
37739763	PMC10518840	False
37739951	PMC10517151	True
37742089		False
37745244	PMC10512729	True
37746718	PMC11323830	False
37747205		False
37750914		False
37751281		False
37755318		False
37756363		False
37757915		False
37758324		False
37758813	PMC10533524	True
37759508	PMC10527746	True
37762102	PMC10530486	True
37766362	PMC10537232	True
37766428	PMC10645557	False
37770146		False
37770480	PMC10539336	True
37774675		False
37774680	PMC10782612	False
37775586		False
37781922	PMC10541196	True
37784253	PMC10545891	True
37791583		False
37792358	PMC10715695	False
37793211	PMC10562860	False
37794006	PMC10550997	True
37794031	PMC10551017	True
37794085	PMC10550985	True
37795090	PMC10546411	True
37797047	PMC10553802	True
37797407	PMC11468405	False
37798328	PMC10681896	True
37798661	PMC10552294	True
37805337		False
37806112	PMC10565874	False
37806842		False
37806896		False
37807406		False
37808401	PMC10556272	True
37809058	PMC10556668	True
37811520	PMC10552783	False
37811875	PMC10639075	False
37813990	PMC10630135	True
37817248	PMC10566058	True
37817276	PMC10563345	True
37818799	PMC10702842	False
37819756		False
37823192	PMC10886799	False
37824131	PMC10570919	True
37827216		False
37827692	PMC10599762	True
37828248		False
37829495	PMC10569410	True
37830120	PMC10722126	False
37832861		False
37833248	PMC10576046	True
37833630	PMC10571287	True
37833706	PMC10576290	True
37833764	PMC10576363	True
37835514	PMC10571863	True
37839761		False
37843774	PMC10774245	True
37844234	PMC10614620	False
37845091		False
37846760	PMC10580343	True
37853951		False
37856875		False
37858171	PMC10585899	True
37859740	PMC10583010	False
37863104	PMC11193883	True
37863321		False
37864790		False
37866784		False
37867343		False
37868976	PMC10585162	True
37869071	PMC10585307	False
37870737	PMC11035493	False
37871291		False
37872369		False
37874230		False
37874866		False
37875936	PMC10594749	True
37878417	PMC10601508	True
37883974	PMC10729740	True
37884740	PMC10876660	False
37884748	PMC10689239	True
37886839		False
37893066	PMC10603838	True
37894784	PMC10606775	True
37895174	PMC10607563	True
37898408	PMC10922123	False
37903936		False
37904201	PMC10617082	True
37904539		False
37904642		False
37905960	PMC10683630	True
37909169		False
37910660	PMC10694403	True
37916194	PMC10616674	False
37917578	PMC10651771	True
37917687	PMC7615307	True
37918322		False
37922365	PMC10762336	False
37922386		False
37923712	PMC10624868	True
37925492	PMC10625560	True
37926143	PMC11380027	False
37929823	PMC10832515	False
37930294		False
37930473		False
37930831	PMC10767933	True
37930937	PMC10790129	False
37931251		False
37932968		False
37938705	PMC11465930	False
37938768	PMC10999258	False
37940345	PMC10632904	False
37940417		False
37941028	PMC10634099	True
37944069		False
37944273	PMC10665693	False
37944567	PMC10939893	False
37945169		False
37945652	PMC10636045	True
37947389		False
37947445		False
37949903	PMC10638413	True
37950108		False
37951222		False
37951556		False
37953901	PMC10638100	True
37955355		False
37963860	PMC10646072	True
37965314	PMC10642198	True
37966347	PMC10715063	True
37966390		False
37966945		False
37967345	PMC10767400	True
37968278	PMC10651914	True
37968509		False
37971282	PMC10696421	True
37971875	PMC10807718	True
37973910	PMC10654773	True
37975535		False
37975765		False
37976596		False
37978175	PMC10656524	True
37979459		False
37981106		False
37981525		False
37983263	PMC10695376	True
37985711	PMC10661180	True
37989079		False
37989313	PMC10761003	False
37996709	PMC10719097	True
37998380	PMC10670585	True
38000512	PMC10843673	False
38001115	PMC10673997	True
38001143	PMC10673884	True
38001396		False
38001678	PMC10670027	True
38003552	PMC10671194	True
38004297	PMC10671877	True
38011284	PMC10703419	True
38012145	PMC10682386	True
38012544	PMC10680295	True
38012715	PMC10680280	True
38015097	PMC10823293	False
38015629	PMC10786701	True
38016072		False
38017066	PMC10684574	True
38022693	PMC10651449	False
38023786	PMC10665632	False
38025194	PMC10651367	True
38026254	PMC10649030	False
38027137	PMC10661932	True
38035195	PMC10682747	False
38036041		False
38036240		False
38036508	PMC10689734	True
38036767	PMC10932731	False
38037751		False
38044994	PMC10693413	True
38047711		False
38049509	PMC10776400	True
38049980	PMC10894842	False
38050313	PMC10695538	True
38050674		False
38051734	PMC10697592	True
38054742		False
38055799		False
38056453	PMC10843773	False
38056896	PMC10711876	False
38057330	PMC10700591	True
38057799	PMC10699039	True
38061822		False
38063198	PMC10795830	True
38064127	PMC11374862	True
38064511	PMC10723124	False
38065068		False
38065081		False
38072172	PMC10955501	False
38073300		False
38076455	PMC10704452	True
38077152	PMC10700854	False
38077315	PMC10703486	True
38077373	PMC10701536	True
38081188		False
38081433	PMC10843623	False
38081768	PMC10729175	False
38082266	PMC10714482	True
38082796		False
38084582		False
38085267	PMC10716256	True
38088903	PMC10753523	True
38091407	PMC11405121	False
38091994		False
38093720	PMC10718469	False
38095316	PMC11017837	False
38098084	PMC10722698	True
38101116		False
38101758		False
38102001	PMC10922420	False
38107402	PMC10723038	True
38107616	PMC10722899	True
38110990	PMC10726543	True
38114474	PMC10730913	True
38116123	PMC10726494	True
38116140	PMC10729863	True
38116637		False
38116849		False
38123537	PMC10733381	True
38123979	PMC11103337	False
38124397	PMC10768883	True
38125737	PMC10730865	False
38126809	PMC10753500	True
38127300	PMC10922461	False
38127591		False
38129075	PMC10760527	False
38131168	PMC10739156	True
38133956	PMC10777061	True
38136590	PMC10742035	True
38141910	PMC11168890	False
38146776	PMC10791142	False
38147125		False
38147684		False
38148453	PMC11073916	False
38149253	PMC10749952	True
38151946	PMC10753322	False
38153787	PMC10904044	True
38154234		False
38156317	PMC10754520	True
38157851	PMC10828814	True
38160315		False
38160529	PMC10792461	False
38161331	PMC10755405	True
38161574	PMC10751870	False
38163012	PMC10757300	False
38165044	PMC10760966	True
38167429	PMC10761845	True
38169383	PMC10763093	True
38169984	PMC10758883	False
38170540	PMC10768704	True
38171013	PMC10845144	False
38172489	PMC11009167	True
38177364	PMC10768635	True
38177382	PMC10883279	True
38177468	PMC10765963	False
38179047	PMC10765495	True
38181731	PMC10806756	True
38182756	PMC10770164	True
38183988	PMC10870143	False
38186215		False
38187133	PMC10771846	True
38189174		False
38189188		False
38190125	PMC10777876	True
38193534	PMC10906463	True
38193585		False
38194027		False
38194031		False
38194685	PMC11103101	False
38194911		False
38195661	PMC10776581	True
38197309	PMC10777172	False
38201244	PMC10777943	True
38202898	PMC10780704	True
38206731	PMC10754615	True
38206991	PMC10807757	True
38212493	PMC11236958	True
38213022		False
38213621	PMC10783626	False
38213789	PMC10783620	False
38213834	PMC10783493	False
38215741		False
38217732		False
38218283		False
38219025		False
38224822		False
38226451	PMC10921005	False
38228117		False
38230733		False
38233089	PMC10794113	False
38233503	PMC11089590	False
38235364	PMC10508790	False
38237304	PMC10828585	False
38237862		False
38240906		False
38241148	PMC10976296	False
38241554	PMC10798722	True
38241777		False
38241845		False
38243138	PMC10897382	True
38246658	PMC11170113	False
38246974		False
38248810	PMC10817428	True
38250042	PMC10797290	True
38250149	PMC10797688	True
38253407	PMC11468350	True
38254271	PMC11000715	False
38255832	PMC10815447	True
38256066	PMC10816024	True
38256095	PMC10816327	True
38259061	PMC10865840	True
38259487	PMC10800382	True
38262408	PMC10872279	False
38264936	PMC10807352	True
38266046	PMC10835125	False
38266073	PMC10945708	True
38268924	PMC10806211	True
38269588	PMC10880937	True
38272562	PMC10824072	False
38273014	PMC10811239	True
38273792	PMC10995486	False
38274274	PMC10808704	True
38277717		False
38278218		False
38279056	PMC10817853	True
38280005	PMC10821851	True
38287007	PMC10824761	True
38287014	PMC10825117	True
38288110	PMC10822883	True
38288660		False
38289112	PMC10913382	True
38289873	PMC11218691	True
38290089	PMC10972584	True
38299230		False
38299827	PMC10929459	False
38300122		False
38300336	PMC10834659	True
38302340		False
38303275		False
38306039		False
38311375	PMC11439802	False
38314680		False
38316934	PMC10940301	True
38317054	PMC10873586	True
38318192	PMC10839013	True
38318382	PMC10839690	False
38318637	PMC10844893	True
38319978		False
38323426	PMC11210058	False
38324478	PMC11014417	True
38327127	PMC11005692	True
38328934	PMC10978267	False
38329424	PMC10911369	True
38331937	PMC10853183	True
38334674	PMC10854820	True
38336903		False
38340557	PMC10869748	False
38340731		False
38341080	PMC10964393	False
38343544	PMC10853383	True
38345255		False
38345650	PMC10861702	True
38346193	PMC10895349	False
38348657	PMC10906678	False
38354482		False
38356095		False
38356448	PMC11290544	False
38357816		False
38359819	PMC10988632	False
38361757	PMC10865732	True
38363129	PMC10898341	True
38363784	PMC10871517	True
38365102		False
38369542	PMC10874565	True
38370397	PMC10873338	True
38372282		False
38373659		False
38374265	PMC11588359	False
38377465		False
38377795	PMC10884342	False
38378635	PMC10877852	True
38382325		False
38383558	PMC10881482	True
38384469	PMC10879551	True
38385142	PMC10879604	True
38385967	PMC10929801	True
38386197		False
38388213	PMC11006566	False
38388697	PMC10884101	True
38394345		False
38395213		False
38396136	PMC10891070	True
38396138	PMC10891129	True
38397773	PMC10885885	True
38398467	PMC10889924	True
38400862	PMC10894114	True
38407233		False
38408082	PMC10919852	True
38413559	PMC10899600	True
38414241	PMC11403217	False
38415934		False
38416702	PMC11226886	False
38416842		False
38418383	PMC10941184	True
38420807		False
38421863	PMC10910315	False
38422814		False
38423139		False
38424167	PMC11014989	True
38429414		False
38429730	PMC10908074	True
38429845	PMC10905933	True
38429984	PMC11393047	True
38432161		False
38432629	PMC10981115	True
38436570		False
38441998	PMC11407778	False
38442575		False
38443340	PMC10914684	True
38447518		False
38449289	PMC10963074	True
38453465	PMC11294415	True
38454166	PMC11058874	False
38454506	PMC10918881	True
38458195		False
38459022	PMC10923912	True
38459052	PMC10923916	True
38460300		False
38461288	PMC10924416	True
38463758	PMC10923719	True
38463883	PMC10920739	False
38466151		False
38466569	PMC10962315	True
38468285	PMC10929117	True
38468869	PMC10925684	True
38471041	PMC10950026	True
38471398	PMC10945207	False
38472183	PMC10933286	True
38473915	PMC10931578	True
38474251	PMC10931571	True
38478339		False
38480714	PMC10937996	True
38481039	PMC11393181	False
38481993	PMC10933029	True
38482016	PMC10933018	True
38482696	PMC11043006	False
38483256	PMC10938542	False
38483861	PMC10939233	True
38484200		False
38484851		False
38485105		False
38488530		False
38488684		False
38489161		False
38489349	PMC11064129	False
38489541	PMC11271984	False
38490162		False
38490199	PMC7616059	True
38490439	PMC10990868	True
38491170	PMC11143203	True
38492844	PMC10973979	True
38494151		False
38494372		False
38495102	PMC10940384	True
38496762	PMC10941338	True
38497466		False
38498682	PMC11151010	True
38499565	PMC10948896	True
38504138		False
38505619	PMC10945348	True
38507067		False
38507104		False
38507610	PMC11273307	False
38508210		False
38508954		False
38509326	PMC11093739	True
38510108	PMC10954255	False
38513048	PMC10995904	True
38514085		False
38515364	PMC11569772	False
38516783	PMC10975023	False
38517922	PMC10959392	True
38525780	PMC10961800	True
38528120		False
38530897	PMC10998581	True
38533509	PMC10963403	True
38537351		False
38540800	PMC10967957	True
38541737	PMC10971338	True
38542150	PMC10970428	True
38543785	PMC10975730	True
38545295	PMC10964764	False
38546434	PMC11250166	False
38548093	PMC11303600	False
38550593	PMC10972971	True
38552055	PMC10977572	True
38552092	PMC10977571	False
38553133		False
38555567		False
38556157		False
38561223	PMC10985218	True
38562519	PMC10984200	False
38564045		False
38565973	PMC11445396	False
38567514		False
38569372		False
38571938	PMC10987760	True
38572648		False
38573545		False
38580652	PMC10997783	True
38581069	PMC10998320	True
38581422	PMC10998639	True
38582204		False
38583803		False
38586587	PMC10995363	True
38587452	PMC11094391	False
38588437		False
38590928	PMC10999515	False
38594652	PMC11005813	True
38596431	PMC11000318	False
38597415	PMC11005461	True
38597938		False
38598841	PMC11302459	False
38599212	PMC11189759	False
38599684	PMC11146598	True
38600020	PMC11292672	False
38600383		False
38601476	PMC11004278	True
38601985	PMC11386982	False
38602753		False
38605083	PMC11009229	True
38605184		False
38605363	PMC11008053	True
38607063	PMC11011555	True
38607670	PMC11014727	True
38608194	PMC11060865	True
38612880	PMC11012451	True
38612943	PMC11012314	True
38613320	PMC11178447	False
38619428		False
38621647	PMC11103571	True
38625068		False
38625747	PMC11142735	True
38630048	PMC11427100	True
38630195	PMC11024070	True
38630257	PMC10233696	True
38630537	PMC11164123	False
38631144		False
38631549		False
38634131		False
38635528	PMC11025768	True
38637689	PMC11147769	True
38641637	PMC11031595	True
38643019		False
38643189	PMC11031963	True
38646541	PMC11026543	True
38647326		False
38648677		False
38649439	PMC11035622	True
38652106	PMC11037917	True
38653857		False
38654090		False
38658988	PMC11040894	True
38660385	PMC11040102	True
38661639		False
38662111	PMC11045650	True
38662817	PMC11223672	False
38663914	PMC11087127	True
38664360		False
38664501		False
38664775	PMC11046830	True
38670301		False
38677173		False
38677762		False
38678050	PMC11519519	True
38678781		False
38682900	PMC11057873	True
38683136	PMC11132022	True
38683993	PMC11087781	False
38684946	PMC11059774	True
38687796	PMC11087780	False
38691604	PMC11062572	False
38692408		False
38692795		False
38693260		False
38695862	PMC11065422	True
38696703		False
38696728	PMC11531854	True
38696904		False
38698251		False
38699276	PMC11062128	False
38699440	PMC11062026	False
38700015	PMC11471399	True
38701411	PMC11066897	True
38701542		False
38703772		False
38704137		False
38708480		False
38708689	PMC11230747	False
38709484		False
38710051	PMC11081191	False
38711017	PMC11073985	True
38713017		False
38714074		False
38714554		False
38714665	PMC11076527	True
38718125	PMC11078187	False
38718319		False
38719867	PMC11078960	True
38720076	PMC11164319	False
38724705	PMC11673812	False
38724733		False
38727823		False
38728838	PMC11090066	False
38729881		False
38729966	PMC11087651	True
38730034	PMC11473735	False
38733989	PMC11223890	False
38733993		False
38734674	PMC11088083	True
38734811		False
38734898	PMC11286809	False
38736872	PMC11082397	True
38740918	PMC11091124	True
38741085	PMC11092170	True
38741091	PMC11092182	True
38742767	PMC11452293	False
38743204		False
38743220		False
38744443	PMC11671884	False
38744814	PMC11094127	True
38744866	PMC11094166	True
38747042	PMC11493530	False
38747612	PMC11168342	True
38748299	PMC11096297	True
38748883	PMC11109296	False
38749417		False
38750093	PMC11096368	True
38752329		False
38754366		False
38754425		False
38758956	PMC11139321	True
38760895	PMC11101670	True
38761231		False
38761373	PMC11234887	False
38762823	PMC11227479	True
38762882		False
38763048		False
38763712		False
38763964	PMC11102895	True
38766745	PMC11188597	False
38768529	PMC11134553	False
38770741		False
38770833		False
38771057	PMC11332349	True
38772524	PMC11198871	False
38773970	PMC11103500	True
38773982	PMC11103506	True
38774864	PMC11106441	True
38776309	PMC11111020	True
38777177		False
38778114	PMC11153150	True
38778573	PMC11304254	True
38778753	PMC11123506	True
38781372		False
38786096	PMC11119830	True
38788630	PMC11140565	False
38788687		False
38789090	PMC11259947	False
38792135	PMC11123716	True
38795546	PMC11140794	False
38797240	PMC11456383	False
38797724		False
38799556	PMC11126825	True
38802459	PMC11130338	True
38802640	PMC11584426	True
38804277	PMC11130821	True
38804879	PMC11166460	True
38805789		False
38806249	PMC11223476	False
38806459	PMC11133459	True
38811544	PMC11137048	True
38811723		False
38812299		False
38812536	PMC11134544	True
38813484	PMC10760585	True
38818625		False
38819913	PMC11142639	True
38820773		False
38820963		False
38823000		False
38824268		False
38828615	PMC11653304	False
38828726	PMC11142749	True
38829178		False
38829682	PMC11247696	False
38832018	PMC11144743	True
38833655		False
38835052	PMC11149263	True
38839023		False
38839373	PMC11610577	False
38840387		False
38841898		False
38847472	PMC11157676	True
38848341		False
38848880		False
38849140		False
38849333	PMC11161503	True
38849539	PMC11291999	False
38850292		False
38850804		False
38851650		False
38852289		False
38852606		False
38852635		False
38852983		False
38853238	PMC11163722	True
38856167	PMC11163381	True
38858591		False
38858728	PMC11163765	True
38861604	PMC11194509	False
38862813	PMC11166644	True
38865481		False
38866216		False
38867614	PMC11321654	True
38869460		False
38874373	PMC11321630	True
38877600	PMC11177509	True
38878815	PMC11638401	False
38879591	PMC11180180	True
38880233		False
38881188	PMC11267618	True
38881531	PMC11434209	True
38886186	PMC11423853	True
38886290	PMC11612040	False
38887298	PMC11181350	True
38887492	PMC11181307	True
38890370	PMC11189439	True
38890481	PMC11189419	True
38891024	PMC11172166	True
38892162	PMC11172799	True
38898005	PMC11187153	True
38898888	PMC11185935	True
38899562	PMC11503253	True
38900636	PMC11562929	True
38902737	PMC11191174	True
38902764	PMC11188239	True
38902848	PMC11189801	True
38905023	PMC11279525	False
38907154		False
38907155		False
38907786		False
38908292		False
38914829		False
38916477		False
38916962	PMC11383597	True
38917805	PMC11348917	True
38917807	PMC11512683	True
38922688	PMC11317173	True
38922860		False
38923700		False
38926573	PMC11338177	False
38926793	PMC11210138	True
38927045	PMC11201704	True
38927058	PMC11201675	True
38927734	PMC11202427	True
38927778	PMC11200440	True
38928833	PMC11203209	True
38929060	PMC11201246	True
38934720		False
38936911	PMC11215628	False
38937567	PMC11211431	True
38938001	PMC11434125	True
38940624	PMC11300156	False
38941479		False
38941603		False
38943021		False
38946005	PMC11214886	True
38946191		False
38948355	PMC11211573	True
38948888	PMC11213259	True
38950874		False
38954022	PMC11219989	True
38954386	PMC11645890	False
38954412	PMC11220564	True
38954467	PMC11343600	True
38956662	PMC11218415	True
38959321	PMC11221508	True
38961294	PMC11306109	True
38962012	PMC11220120	True
38965211	PMC11224406	True
38968937	PMC11344674	False
38969738	PMC11226607	True
38970067	PMC11225302	True
38971839	PMC11227725	True
38972305	PMC11345939	False
38973560		False
38977070	PMC11444371	False
38977459		False
38981925	PMC11233473	True
38986720		False
38991381	PMC11663762	True
38992008	PMC11239663	True
38992643		False
38992777	PMC11286356	False
38993102	PMC11581424	False
38993177	PMC11302772	False
38994078	PMC11237950	False
38995035	PMC11323485	True
38995538	PMC11633445	False
38995959	PMC11364423	True
38996022	PMC11244543	False
38996561		False
39007962		False
39008197		False
39009452	PMC11253755	False
39010176	PMC11251367	True
39011643		False
39018367		False
39018376	PMC11449638	False
39019115	PMC11327474	False
39020010	PMC11255230	True
39024231	PMC11257366	True
39024901	PMC11411814	False
39025930	PMC11258247	True
39026685	PMC11254671	True
39028743	PMC11259301	True
39029952	PMC11289588	True
39029972		False
39030982	PMC11258436	True
39032948		False
39033326	PMC11427771	False
39036049	PMC11257892	True
39037654		False
39037657		False
39039320	PMC11537836	False
39040064	PMC11260866	False
39040112	PMC11260619	True
39041203	PMC11587564	False
39042160	PMC11520405	True
39042694	PMC11295037	False
39043661	PMC11266704	True
39045131	PMC11263170	True
39047727		False
39048044		False
39048792	PMC11592391	False
39053226		False
39053437	PMC11460981	False
39054501	PMC11270957	True
39054612	PMC11285216	False
39055655	PMC11269147	True
39058036		False
39058588	PMC11326898	False
39058664		False
39062997	PMC11277372	True
39064529	PMC11279064	True
39066212	PMC11281670	True
39068459	PMC11282869	True
39069172		False
39073036		False
39073775	PMC11285114	False
39073828	PMC11285170	True
39074412	PMC11455618	False
39075108	PMC11286765	True
39075536	PMC11285326	False
39076204	PMC11285198	True
39081100	PMC11289421	False
39081317	PMC11286416	True
39084491	PMC11405820	True
39085295	PMC11291923	False
39085419	PMC11485206	True
39085925	PMC11293141	False
39087828	PMC11299089	False
39088323	PMC11342177	True
39088391	PMC11317592	False
39089850	PMC11345830	True
39091993	PMC11292610	True
39092178	PMC11292540	False
39093901	PMC11347022	True
39095385	PMC11297347	True
39095531	PMC11297166	False
39097159		False
39097202		False
39098508	PMC11560686	False
39099200	PMC11350481	True
39100886	PMC11295624	False
39103633	PMC11666463	True
39103856	PMC11302842	False
39104175		False
39105287	PMC11430373	False
39105910		False
39105914		False
39107149		False
39107200		False
39107346	PMC11303794	True
39110034		False
39111509		False
39112913		False
39113431		False
39113699	PMC11302877	True
39113874	PMC11301302	False
39117110		False
39120281	PMC11311847	True
39122679	PMC11315938	False
39122969		False
39127325		False
39128726	PMC11416241	True
39129168		False
39133039	PMC11572288	True
39133097	PMC11318059	True
39135088	PMC11321202	True
39136008	PMC11317297	True
39136109		False
39136147	PMC11481225	True
39136172	PMC11481286	True
39136778		False
39137242		False
39138165	PMC11322166	True
39138468	PMC11323592	True
39141563		False
39141700		False
39141819	PMC11665487	False
39142507		False
39144144	PMC11321965	True
39146244	PMC11378299	True
39147354	PMC11392458	False
39147600	PMC11443526	True
39153198		False
39154311	PMC11625024	False
39154827		False
39155294	PMC11330976	False
39160174	PMC11333755	True
39160534	PMC11334370	False
39162343		False
39162344	PMC11486570	False
39163122	PMC11466193	True
39165361	PMC11333250	True
39167495	PMC11516076	True
39167665		False
39168116	PMC11631174	False
39169177		False
39169233		False
39169376	PMC11337642	False
39170389	PMC11337026	True
39176095	PMC11338811	True
39177649		False
39178831		False
39181326		False
39182076	PMC11344945	False
39183273	PMC11346000	True
39183699		False
39186216		False
39186857		False
39187937	PMC11347392	True
39190022	PMC11349301	True
39190401	PMC11412070	False
39191313		False
39194618	PMC11352363	True
39196061	PMC11357996	True
39196121	PMC11358021	True
39196156		False
39196292	PMC11358583	False
39196501		False
39196621	PMC11388289	False
39197811		False
39198543	PMC11372182	True
39198884	PMC11351195	True
39198909	PMC11360321	False
39198924	PMC11351506	False
39201742	PMC11354574	True
39205093	PMC11359151	True
39206892		False
39206928	PMC11515902	True
39206965	PMC11363054	False
39208878		False
39209455	PMC11409359	False
39210066	PMC11466816	False
39211769	PMC11357920	True
39212256	PMC11610648	True
39214087		False
39214236		False
39215354	PMC11365245	False
39217701		False
39218971	PMC11366752	True
39221955		False
39222149	PMC11511695	True
39222304		False
39222712		False
39224111	PMC11367031	True
39225682	PMC11371312	False
39226116	PMC11466195	True
39227650	PMC11372077	True
39231609	PMC11529864	False
39232000	PMC11374804	False
39232287		False
39232378	PMC11404215	True
39234309	PMC11372795	True
39235945		False
39236079	PMC11421795	True
39237260	PMC11381726	False
39237613	PMC11377825	False
39237674	PMC11377494	False
39240134		False
39240270	PMC11447695	True
39244229		False
39252309		False
39254004		False
39254347	PMC11457648	False
39255163		False
39256364	PMC11387609	True
39256753	PMC11389425	False
39258913		False
39260310		False
39263607	PMC11387721	True
39267750	PMC11390420	True
39270732		False
39271013		False
39271378		False
39271815	PMC11399095	True
39276327	PMC11401448	True
39278108	PMC11419830	True
39279265		False
39282932		False
39283481		False
39284539		False
39286641	PMC11403260	False
39287589	PMC11412383	False
39287634	PMC11408458	False
39288616		False
39294741	PMC11410555	True
39295144	PMC11573599	False
39295860	PMC11408188	True
39298419	PMC11412656	True
39299236		False
39300255	PMC11534694	False
39302317	PMC11415307	True
39302728	PMC11465374	False
39303725		False
39305055	PMC11415598	True
39305820		False
39307100		False
39308059	PMC11417141	True
39308152		False
39311699	PMC11418232	True
39311840	PMC11637489	False
39315092	PMC11417001	True
39317200		False
39318093	PMC11573594	False
39320351	PMC11450322	False
39322281	PMC11529870	False
39322475		False
39322987		False
39324219	PMC11443328	False
39324802		False
39326207	PMC11470415	False
39326641		False
39326935		False
39329203		False
39329281		False
39329951	PMC11429816	True
39331099	PMC11613083	False
39340759	PMC11529413	True
39344093		False
39346819	PMC11425831	False
39346916	PMC11427318	True
39349819	PMC11444042	True
39353832	PMC11581877	False
39353975	PMC11445445	False
39354036	PMC11445263	False
39354507	PMC11446005	True
39357209		False
39358545	PMC11446930	False
39358991	PMC11688627	True
39359266	PMC11445660	True
39360911	PMC11471013	False
39362011		False
39362301		False
39362841	PMC11450014	True
39364403	PMC11446812	True
39364775		False
39366996	PMC11452611	False
39367648	PMC11452536	True
39372411	PMC11449742	True
39373211		False
39373986		False
39374078		False
39375194	PMC11512640	False
39375337	PMC11458589	False
39382155	PMC11638132	False
39382264		False
39382426		False
39383112		False
39385814	PMC11462363	False
39387248	PMC11600295	True
39387301	PMC11554263	True
39387404		False
39391837	PMC11466621	False
39393503		False
39394187	PMC11470040	True
39395421	PMC11578068	False
39395995	PMC11471021	True
39396018	PMC11470663	False
39396232		False
39396768		False
39397246	PMC11668956	False
39399894		False
39400400	PMC11589693	True
39401908		False
39402072	PMC11473755	False
39402579	PMC11472516	False
39404697	PMC7616549	False
39405200		False
39409176	PMC11476868	True
39413671	PMC11530925	True
39413693	PMC11525228	False
39413785		False
39415535	PMC11487980	False
39420062		False
39422672	PMC11665497	True
39424259		False
39424732		False
39425044	PMC11488178	False
39426602		False
39427059	PMC11490566	False
39428871		False
39430746	PMC11486715	True
39435665	PMC11529980	True
39438079	PMC11495875	False
39441940	PMC11498211	False
39442266		False
39442638		False
39442965		False
39443310		False
39447345		False
39447410		False
39447683		False
39447972		False
39449071	PMC11515389	True
39449149	PMC11515432	False
39451586	PMC11505874	True
39454432	PMC11539345	True
39454576	PMC11556465	False
39454761		False
39455342	PMC11631666	False
39455382	PMC11614679	False
39458937	PMC11514591	True
39461479		False
39461490		False
39462849		False
39463444	PMC11514286	False
39464674	PMC11512692	False
39464736	PMC11502647	False
39471215	PMC11551439	False
39472635	PMC11522423	False
39472920	PMC11523653	False
39473904	PMC11518694	True
39474705		False
39476323		False
39478207	PMC11525190	False
39478225		False
39478865	PMC11521820	True
39480496	PMC11665584	True
39484208	PMC11526786	True
39485996		False
39486405	PMC11589478	False
39486749		False
39487311		False
39487537	PMC11529445	False
39487735	PMC11565238	False
39492482		False
39492693		False
39496595	PMC11535409	True
39498080	PMC11534185	False
39499634	PMC11573666	True
39503880	PMC11541268	False
39504244		False
39506125		False
39506790	PMC11539756	False
39512888	PMC11540046	False
39513864	PMC11545488	True
39514276	PMC11548875	True
39515323		False
39515332		False
39516313		False
39519172	PMC11547107	True
39521332		False
39524999	PMC11543061	False
39527224		False
39527470	PMC11556273	False
39527920		False
39528670	PMC11555373	False
39529170	PMC11552398	False
39529255		False
39530237		False
39535280	PMC11560131	True
39537608	PMC11561119	True
39539547	PMC11557307	True
39540948	PMC11564594	False
39541212		False
39541355	PMC11588128	False
39543109	PMC11564768	False
39543112	PMC11564529	False
39543956		False
39544932	PMC11560440	True
39547207	PMC11569382	False
39547226		False
39549703	PMC11652226	False
39552067	PMC11570543	False
39554845	PMC11565936	True
39555707	PMC11611226	True
39557841	PMC11574084	True
39558690	PMC11575895	True
39560158		False
39562007	PMC11580249	False
39562684	PMC11577091	False
39562752		False
39565586		False
39565588		False
39566499	PMC11652222	False
39566842		False
39567784	PMC11578893	True
39570809		False
39571412		False
39571722	PMC11667160	False
39571792		False
39572742		False
39577228		False
39577984		False
39580568	PMC11585558	True
39582226	PMC11668243	False
39584353		False
39585539		False
39586797	PMC11588433	True
39588378	PMC11586715	True
39589893		False
39594630	PMC11593141	True
39595551	PMC11592052	True
39596062	PMC11593560	True
39596526	PMC11595218	True
39601181	PMC11600394	False
39602349	PMC11665846	False
39603403		False
39607309	PMC11603426	True
39608974	PMC11603735	False
39609127		False
39609679	PMC11603849	False
39612968		False
39614112		False
39614426		False
39616577		False
39619686	PMC11605478	False
39620946	PMC11694247	True
39621077		False
39621665	PMC11611111	True
39621695	PMC11611154	True
39627201	PMC11615378	True
39627493		False
39628692	PMC11610333	True
39630883		False
39632930	PMC11618476	True
39636859	PMC11648891	False
39637474		False
39638997	PMC11621701	True
39641872	PMC11624184	True
39647286		False
39655660		False
39656086	PMC11630822	True
39656606	PMC11630819	True
39658102		False
39658263		False
39660139	PMC11628389	True
39660837		False
39661628	PMC11633960	True
39661664	PMC11633743	False
39663572		False
39666394		False
39671305	PMC11643619	True
39671349	PMC11642954	True
39672099		False
39677076	PMC11643412	True
39684426	PMC11641192	True
39684481	PMC11641733	True
39691721	PMC11649506	True
39694058		False
39695118	PMC11655871	False
39696438	PMC11656870	False
39698109	PMC11652281	True
39699377	PMC11653488	True
39701305		False
39702326	PMC11657537	True
39704500		False
39704704	PMC11659981	True
39706179		False
39706840	PMC11662019	True
39708920		False
39710434		False
39710672	PMC11665215	False
39714200		False
39715972		False
39717507	PMC11663970	True
39719707		False
39727221	PMC11677232	True
39730504	PMC11680847	True
39733990		False
39735711	PMC11671640	True
