360 nm-cone	cell_phenotype	CL:0004162
5-HT neuron	cell_phenotype	CL:0000850
5-HT secreting cell	cell_phenotype	CL:0000458
5-Hydroxytryptamine secreting cell	cell_phenotype	CL:0000458
5-hydroxytryptamine neuron	cell_phenotype	CL:0000850
510 nm-cone	cell_phenotype	CL:0004161
A Horizontal Cell	cell_phenotype	CL:0004217
A-like	cell_phenotype	CL:0002284
A2 amacrine cell	cell_phenotype	CL:0004219
A2-like amacrine cell	cell_phenotype	CL:0004229
A7 cell (Mus musculus)	cell_phenotype	CL:4023010
AB broad diffuse-1 amacrine cell	cell_phenotype	CL:0004235
AB broad diffuse-2 amacrine cell	cell_phenotype	CL:0004236
AB diffuse-1 amacrine cell	cell_phenotype	CL:0004223
AB diffuse-2 amacrine cell	cell_phenotype	CL:0004224
ACTH secreting cell	cell_phenotype	CL:0000467
AGM hematopoietic stem cell	cell_phenotype	CL:0002360
APUD cell	cell_phenotype	CL:0000568
ARC	cell_phenotype	CL:0000669
AS DC, human	cell_phenotype	CL:0017009
AV bundle cell	cell_phenotype	CL:0010005
AV nodal myocyte	cell_phenotype	CL:1000410
AV node cardiac muscle cell	cell_phenotype	CL:1000410
AV node cell	cell_phenotype	CL:1000410
Ammon's horn basket cell	cell_phenotype	CL:2000088
An1 B cell	cell_phenotype	CL:0000960
Askanazy cells	cell_phenotype	CL:0002200
Axl+ dendritic cell, human	cell_phenotype	CL:0017009
B Horizontal Cell	cell_phenotype	CL:0004218
B cell	cell_phenotype	CL:0000236
B cell of anorectum	cell_phenotype	CL:0009050
B cell of appendix	cell_phenotype	CL:0009032
B cell of appendix vermiformis	cell_phenotype	CL:0009032
B cell of marginal zone of spleen	cell_phenotype	CL:0000845
B cell of medullary sinus of lymph node	cell_phenotype	CL:0009045
B cell of vermiform appendix	cell_phenotype	CL:0009032
B cell zone reticular cell	cell_phenotype	CL:0009104
B cell, CD19-positive	cell_phenotype	CL:0001201
B effector 1 cell	cell_phenotype	CL:0000943
B effector 2 cell	cell_phenotype	CL:0000944
B effector cell	cell_phenotype	CL:0000968
B lymphocyte	cell_phenotype	CL:0000236
B lymphocyte, CD19-positive	cell_phenotype	CL:0001201
B(reg)	cell_phenotype	CL:0000969
B-1 B cell	cell_phenotype	CL:0000819
B-1 B lymphocyte	cell_phenotype	CL:0000819
B-1 B-cell	cell_phenotype	CL:0000819
B-1 B-lymphocyte	cell_phenotype	CL:0000819
B-1 cell	cell_phenotype	CL:0000819
B-1a B cell	cell_phenotype	CL:0000820
B-1a B lymphocyte	cell_phenotype	CL:0000820
B-1a B-cell	cell_phenotype	CL:0000820
B-1a B-lymphocyte	cell_phenotype	CL:0000820
B-1b B cell	cell_phenotype	CL:0000821
B-1b B lymphocyte	cell_phenotype	CL:0000821
B-1b B-cell	cell_phenotype	CL:0000821
B-1b B-lymphocyte	cell_phenotype	CL:0000821
B-2 B cell	cell_phenotype	CL:0000822
B-2 B lymphocyte	cell_phenotype	CL:0000822
B-2 B-cell	cell_phenotype	CL:0000822
B-2 B-lymphocyte	cell_phenotype	CL:0000822
B-IC	cell_phenotype	CL:4030005
B-cell	cell_phenotype	CL:0000236
B-cell of pancreatic islet	cell_phenotype	CL:0000169
B-cell, CD19-positive	cell_phenotype	CL:0001201
B-lymphoblast	cell_phenotype	CL:0017006
B-lymphocyte	cell_phenotype	CL:0000236
B-lymphocyte, CD19-positive	cell_phenotype	CL:0001201
B1 B cell	cell_phenotype	CL:0000819
B1 B lymphocyte	cell_phenotype	CL:0000819
B1 B-cell	cell_phenotype	CL:0000819
B1 B-lymphocyte	cell_phenotype	CL:0000819
B1 cell	cell_phenotype	CL:0000819
B10 cell	cell_phenotype	CL:0000969
B1a B cell	cell_phenotype	CL:0000820
B1a B lymphocyte	cell_phenotype	CL:0000820
B1a B-cell	cell_phenotype	CL:0000820
B1a B-lymphocyte	cell_phenotype	CL:0000820
B1a cell	cell_phenotype	CL:0000820
B1b B cell	cell_phenotype	CL:0000821
B1b B lymphocyte	cell_phenotype	CL:0000821
B1b B-cell	cell_phenotype	CL:0000821
B1b B-lymphocyte	cell_phenotype	CL:0000821
B1b cell	cell_phenotype	CL:0000821
B2 B cell	cell_phenotype	CL:0000822
B2 B lymphocyte	cell_phenotype	CL:0000822
B2 B-cell	cell_phenotype	CL:0000822
B2 B-lymphocyte	cell_phenotype	CL:0000822
B2 cell	cell_phenotype	CL:0000822
B220+CD38+ naive B cell	cell_phenotype	CL:0002109
B220+CD38+ naive B lymphocyte	cell_phenotype	CL:0002109
B220+CD38+ naive B-cell	cell_phenotype	CL:0002109
B220+CD38+ naive B-lymphocyte	cell_phenotype	CL:0002109
B220-low CD38-negative unswitched memory B cell	cell_phenotype	CL:0002113
B220-low CD38-positive IgG-negative class switched memory B cell	cell_phenotype	CL:0002123
B220-low CD38-positive naive B cell	cell_phenotype	CL:0002110
B220-low CD38-positive unswitched memory B cell	cell_phenotype	CL:0002116
B220-positive CD38-negative unswitched memory B cell	cell_phenotype	CL:0002112
B220-positive CD38-positive IgG-negative class switched memory B cell	cell_phenotype	CL:0002122
B220-positive CD38-positive naive B cell	cell_phenotype	CL:0002109
B220-positive CD38-positive naive B lymphocyte	cell_phenotype	CL:0002109
B220-positive CD38-positive naive B-cell	cell_phenotype	CL:0002109
B220-positive CD38-positive naive B-lymphocyte	cell_phenotype	CL:0002109
B220-positive CD38-positive unswitched memory B cell	cell_phenotype	CL:0002115
BASC	cell_phenotype	CL:0002638
BB cone bipolar cell	cell_phenotype	CL:0000761
BEST4+ colonocyte	cell_phenotype	CL:4047052
BEST4+ enterocyte	cell_phenotype	CL:4030026
BJ fibroblast	cell_phenotype	CL:1001608
BMCP	cell_phenotype	CL:0002028
BaP	cell_phenotype	CL:0000613
Be cell	cell_phenotype	CL:0000968
Be1 Cell	cell_phenotype	CL:0000943
Be2 cell	cell_phenotype	CL:0000944
Bergmann astrocyte	cell_phenotype	CL:0000644
Bergmann glial cell	cell_phenotype	CL:0000644
Bergmann glial cell of cerebellum	cell_phenotype	CL:0000644
Betz cell	cell_phenotype	CL:0008049
Betz upper motor neuron	cell_phenotype	CL:4023052
Bm1 B cell	cell_phenotype	CL:0000961
Bm1 B lymphocyte	cell_phenotype	CL:0000961
Bm1 B-cell	cell_phenotype	CL:0000961
Bm1 B-lymphocyte	cell_phenotype	CL:0000961
Bm2 B cell	cell_phenotype	CL:0000962
Bm2 B lymphocyte	cell_phenotype	CL:0000962
Bm2 B-cell	cell_phenotype	CL:0000962
Bm2 B-lymphocyte	cell_phenotype	CL:0000962
Bm2' B cell	cell_phenotype	CL:0000964
Bm2' B lymphocyte	cell_phenotype	CL:0000964
Bm2' B-cell	cell_phenotype	CL:0000964
Bm2-prime B cell	cell_phenotype	CL:0000964
Bm2-prime B-lymphocyte	cell_phenotype	CL:0000964
Bm3 B cell	cell_phenotype	CL:0000965
Bm3 B lymphocyte	cell_phenotype	CL:0000965
Bm3 B-cell	cell_phenotype	CL:0000965
Bm3 B-lymphocyte	cell_phenotype	CL:0000965
Bm3-delta B cell	cell_phenotype	CL:0000963
Bm3-delta B lymphocyte	cell_phenotype	CL:0000963
Bm3-delta B-cell	cell_phenotype	CL:0000963
Bm3-delta B-lymphocyte	cell_phenotype	CL:0000963
Bm4 B cell	cell_phenotype	CL:0000966
Bm4 B lymphocyte	cell_phenotype	CL:0000966
Bm4 B-cell	cell_phenotype	CL:0000966
Bm4 B-lymphocyte	cell_phenotype	CL:0000966
Bm5 B cell	cell_phenotype	CL:0000967
Bm5 B lymphocyte	cell_phenotype	CL:0000967
Bm5 B-cell	cell_phenotype	CL:0000967
Bm5 B-lymphocyte	cell_phenotype	CL:0000967
Boettcher cell	cell_phenotype	CL:0002084
Boettcher's cell	cell_phenotype	CL:0002084
Bottcher cell	cell_phenotype	CL:0002084
Bottcher's cell	cell_phenotype	CL:0002084
Bowmans capsule epithelial cell	cell_phenotype	CL:1000450
Breg	cell_phenotype	CL:0000969
C cell	cell_phenotype	CL:0000570
C cell of thyroid gland	cell_phenotype	CL:0000570
CAP motoneuron	cell_phenotype	CL:0000532
CCK cell	cell_phenotype	CL:0002277
CCL3-positive alveolar macrophage	cell_phenotype	CL:4033041
CCR+ Treg	cell_phenotype	CL:0001047
CD10-positive common lymphocyte precursor	cell_phenotype	CL:0001021
CD10-positive common lymphocyte progenitor	cell_phenotype	CL:0001021
CD10-positive common lymphoid precursor	cell_phenotype	CL:0001021
CD103-negative, langerin-positive lymph node dendritic cell	cell_phenotype	CL:0002510
CD103-positive dendritic cell	cell_phenotype	CL:0002461
CD103-positive, langerin-positive lymph node dendritic cell	cell_phenotype	CL:0002509
CD115-positive monocyte	cell_phenotype	CL:0001022
CD115-positive monocyte OR common dendritic progenitor	cell_phenotype	CL:0001019
CD117-positive common myeloid progenitor OR CD217-positive common lymphoid progenitor	cell_phenotype	CL:0001030
CD11b-high, CD103-negative, langerin-negative lymph node dendritic cell	cell_phenotype	CL:0002512
CD11b-low, CD103-negative, langerin-negative lymph node dendritic cell	cell_phenotype	CL:0002511
CD11b-positive dendritic cell	cell_phenotype	CL:0002465
CD11b-positive, CD27-positive natural killer cell, mouse	cell_phenotype	CL:0002426
CD11c+CD123- DC	cell_phenotype	CL:0000782
CD11c-low plasmacytoid dendritic cell	cell_phenotype	CL:0000989
CD11c-negative plasmacytoid dendritic cell	cell_phenotype	CL:0000991
CD133-positive hematopoietic stem cell	cell_phenotype	CL:0001024
CD133-positive prostate epithelial cell	cell_phenotype	CL:0002339
CD14+ dermal DC	cell_phenotype	CL:0002526
CD14-low, CD16-positive monocyte	cell_phenotype	CL:0002396
CD14-positive dermal dendritic cell	cell_phenotype	CL:0002526
CD14-positive monocyte	cell_phenotype	CL:0001054
CD14-positive, CD16-low monocyte	cell_phenotype	CL:0001055
CD14-positive, CD16-negative classical monocyte	cell_phenotype	CL:0002057
CD14-positive, CD16-positive monocyte	cell_phenotype	CL:0002397
CD141-positive myeloid dendritic cell	cell_phenotype	CL:0002394
CD16+ mDC	cell_phenotype	CL:0002532
CD16+ monocyte	cell_phenotype	CL:0002397
CD16+CD56+ NK cell	cell_phenotype	CL:0000939
CD16- monocyte	cell_phenotype	CL:0002057
CD16-CD56bright NK cell	cell_phenotype	CL:0000938
CD16-mDC	cell_phenotype	CL:0002532
CD16-negative monocyte	cell_phenotype	CL:0002057
CD16-negative, CD56-bright NK cell	cell_phenotype	CL:0000938
CD16-negative, CD56-bright natural killer cell, human	cell_phenotype	CL:0000938
CD16-positive myeloid dendritic cell	cell_phenotype	CL:0002532
CD16-positive, CD56-dim NK cell	cell_phenotype	CL:0000939
CD16-positive, CD56-dim natural killer cell, human	cell_phenotype	CL:0000939
CD16-positive, CD56-low NK cell	cell_phenotype	CL:0000939
CD16-positive, CD56-low natural killer cell	cell_phenotype	CL:0000939
CD16-positive, CD56-positive NK cell	cell_phenotype	CL:0000939
CD16-positive, CD56-positive natural killer cell	cell_phenotype	CL:0000939
CD19+ B cell	cell_phenotype	CL:0001201
CD19-positive B cell	cell_phenotype	CL:0001201
CD1a+ dermal DC	cell_phenotype	CL:0002529
CD1a-LC	cell_phenotype	CL:0001014
CD1a-positive Langerhans cell	cell_phenotype	CL:0001014
CD1a-positive dermal dendritic cell	cell_phenotype	CL:0002529
CD1c-positive myeloid dendritic cell	cell_phenotype	CL:0002399
CD2-positive, CD5-positive, CD44-positive alpha-beta intraepithelial T cell	cell_phenotype	CL:0002037
CD217-positive common lymphocyte precursor	cell_phenotype	CL:0001025
CD217-positive common lymphocyte progenitor	cell_phenotype	CL:0001025
CD217-positive common lymphoid precursor	cell_phenotype	CL:0001025
CD22-positive, CD38-low small pre-B cell	cell_phenotype	CL:0002053
CD24-negative CD38-negative IgG-negative class switched memory B cell	cell_phenotype	CL:0002121
CD24-positive CD38-negative IgG-negative class switched memory B cell	cell_phenotype	CL:0002120
CD24-positive, CD-133-positive, vimentin-positive proximal tubular cell	cell_phenotype	CL:4030038
CD24-positive, CD4 single-positive semimature thymocyte	cell_phenotype	CL:0002432
CD24-positive, CD4 single-positive thymocyte	cell_phenotype	CL:0002432
CD24-positive, CD8 single-positive semimature thymocyte	cell_phenotype	CL:0002434
CD24-positive, CD8 single-positive thymocyte	cell_phenotype	CL:0002434
CD25+ mast cell	cell_phenotype	CL:0011023
CD25+ neoplastic mast cell	cell_phenotype	CL:0011023
CD25-positive, CD27-positive immature gamma-delta T cell	cell_phenotype	CL:0002126
CD27-high, CD11b-high natural killer cell, mouse	cell_phenotype	CL:0002347
CD27-high, CD11b-low natural killer cell, mouse	cell_phenotype	CL:0002349
CD27-low, CD11b-high natural killer cell, mouse	cell_phenotype	CL:0002348
CD27-low, CD11b-low immature natural killer cell, mouse	cell_phenotype	CL:0002345
CD27-negative gamma-delta T cell	cell_phenotype	CL:0002125
CD27-positive gamma-delta T cell	cell_phenotype	CL:0002124
CD27-positive, CD38-positive, CD20-negative B cell	cell_phenotype	CL:0000980
CD303-positive dendritic cell	cell_phenotype	CL:0000991
CD34-negative, CD117-positive ILC	cell_phenotype	CL:0001072
CD34-negative, CD117-positive ILCP	cell_phenotype	CL:0001072
CD34-negative, CD117-positive innate lymphoid cell precusor	cell_phenotype	CL:0001072
CD34-negative, CD117-positive innate lymphoid cell, human	cell_phenotype	CL:0001072
CD34-negative, CD41-positive, CD42-positive megakaryocyte cell	cell_phenotype	CL:0002026
CD34-negative, CD56-positive, CD117-positive ILC	cell_phenotype	CL:0001073
CD34-negative, CD56-positive, CD117-positive ILCP	cell_phenotype	CL:0001073
CD34-negative, CD56-positive, CD117-positive innate lymphoid cell precursor	cell_phenotype	CL:0001073
CD34-negative, CD56-positive, CD117-positive innate lymphoid cell, human	cell_phenotype	CL:0001073
CD34-negative, GlyA-negative proerythroblast	cell_phenotype	CL:0002004
CD34-positive, CD38-negative hematopoietic stem cell	cell_phenotype	CL:0001024
CD34-positive, CD38-negative multipotent progenitor cell	cell_phenotype	CL:0002043
CD34-positive, CD38-positive common lymphoid progenitor	cell_phenotype	CL:0001021
CD34-positive, CD38-positive common myeloid progenitor	cell_phenotype	CL:0001026
CD34-positive, CD38-positive common myeloid progenitor OR CD34-positive, CD38-positive common lymphoid progenitor	cell_phenotype	CL:0000995
CD34-positive, CD38-positive eosinophil progenitor cell	cell_phenotype	CL:0002008
CD34-positive, CD38-positive granulocyte monocyte progenitor	cell_phenotype	CL:0002001
CD34-positive, CD38-positive megakaryocyte erythroid progenitor cell	cell_phenotype	CL:0002005
CD34-positive, CD41-positive, CD42-negative megakaryocyte progenitor cell	cell_phenotype	CL:0002025
CD34-positive, CD41-positive, CD42-positive megakaryocyte progenitor cell	cell_phenotype	CL:0002023
CD34-positive, CD56-positive, CD117-positive CILP	cell_phenotype	CL:0001074
CD34-positive, CD56-positive, CD117-positive common innate lymphoid precursor, human	cell_phenotype	CL:0001074
CD34-positive, GlyA-negative erythroid progenitor cell	cell_phenotype	CL:0002003
CD38+ IgG memory B cell	cell_phenotype	CL:0002105
CD38+ IgG memory B lymphocyte	cell_phenotype	CL:0002105
CD38+ IgG memory B-cell	cell_phenotype	CL:0002105
CD38+ IgG memory B-lymphocyte	cell_phenotype	CL:0002105
CD38+ naive B cell	cell_phenotype	CL:0002101
CD38+ naive B lymphocyte	cell_phenotype	CL:0002101
CD38+ naive B-cell	cell_phenotype	CL:0002101
CD38+ naive B-lymphocyte	cell_phenotype	CL:0002101
CD38+ unswitched memory B cell	cell_phenotype	CL:0002114
CD38+ unswitched memory B lymphocyte	cell_phenotype	CL:0002114
CD38+ unswitched memory B-cell	cell_phenotype	CL:0002114
CD38+ unswitched memory B-lymphocyte	cell_phenotype	CL:0002114
CD38+B220+ naive B cell	cell_phenotype	CL:0002109
CD38+B220+ naive B lymphocyte	cell_phenotype	CL:0002109
CD38+B220+ naive B-cell	cell_phenotype	CL:0002109
CD38+B220+ naive B-lymphocyte	cell_phenotype	CL:0002109
CD38- naive B cell	cell_phenotype	CL:0002102
CD38- naive B lymphocyte	cell_phenotype	CL:0002102
CD38- naive B-cell	cell_phenotype	CL:0002102
CD38- naive B-lymphocyte	cell_phenotype	CL:0002102
CD38- unswitched memory B cell	cell_phenotype	CL:0002111
CD38- unswitched memory B lymphocyte	cell_phenotype	CL:0002111
CD38- unswitched memory B-cell	cell_phenotype	CL:0002111
CD38- unswitched memory B-lymphocyte	cell_phenotype	CL:0002111
CD38-high pre-BCR positive cell	cell_phenotype	CL:0002051
CD38-negative IgG memory B cell	cell_phenotype	CL:0002108
CD38-negative IgG-negative class switched memory B cell	cell_phenotype	CL:0002118
CD38-negative immature B cell	cell_phenotype	CL:0002055
CD38-negative naive B cell	cell_phenotype	CL:0002102
CD38-negative naive B lymphocyte	cell_phenotype	CL:0002102
CD38-negative naive B-cell	cell_phenotype	CL:0002102
CD38-negative naive B-lymphocyte	cell_phenotype	CL:0002102
CD38-negative unswitched memory B cell	cell_phenotype	CL:0002111
CD38-negative unswitched memory B lymphocyte	cell_phenotype	CL:0002111
CD38-negative unswitched memory B-cell	cell_phenotype	CL:0002111
CD38-negative unswitched memory B-lymphocyte	cell_phenotype	CL:0002111
CD38-positive IgG memory B cell	cell_phenotype	CL:0002105
CD38-positive IgG memory B lymphocyte	cell_phenotype	CL:0002105
CD38-positive IgG memory B-cell	cell_phenotype	CL:0002105
CD38-positive IgG memory B-lymphocyte	cell_phenotype	CL:0002105
CD38-positive IgG-negative class switched memory B cell	cell_phenotype	CL:0002119
CD38-positive naive B cell	cell_phenotype	CL:0002101
CD38-positive naive B lymphocyte	cell_phenotype	CL:0002101
CD38-positive naive B-cell	cell_phenotype	CL:0002101
CD38-positive naive B-lymphocyte	cell_phenotype	CL:0002101
CD38-positive unswitched memory B cell	cell_phenotype	CL:0002114
CD38-positive unswitched memory B lymphocyte	cell_phenotype	CL:0002114
CD38-positive unswitched memory B-cell	cell_phenotype	CL:0002114
CD38-positive unswitched memory B-lymphocyte	cell_phenotype	CL:0002114
CD3e-positive T cell	cell_phenotype	CL:0002419
CD4+ TEMRA	cell_phenotype	CL:0001087
CD4-CD8- T cell	cell_phenotype	CL:0002489
CD4-intermediate, CD8-positive double-positive thymocyte	cell_phenotype	CL:0002430
CD4-negative CD8-negative gamma-delta intraepithelial T cell	cell_phenotype	CL:0000803
CD4-negative, CD8-alpha-negative, CD11b-positive dendritic cell	cell_phenotype	CL:0002454
CD4-negative, CD8-negative type I NK T cell	cell_phenotype	CL:0000924
CD4-negative, CD8-negative type I NK T cell secreting IFN-gamma	cell_phenotype	CL:0000929
CD4-negative, CD8-negative type I NK T cell secreting IL-4	cell_phenotype	CL:0000930
CD4-negative, CD8-negative type I NK T cell secreting interferon-gamma	cell_phenotype	CL:0000929
CD4-negative, CD8-negative type I NK T cell secreting interleukin-4	cell_phenotype	CL:0000930
CD4-negative, CD8-negative type I NK T lymphocyte	cell_phenotype	CL:0000924
CD4-negative, CD8-negative type I NK T lymphocyte secreting interferon-gamma	cell_phenotype	CL:0000929
CD4-negative, CD8-negative type I NK T lymphocyte secreting interleukin-4	cell_phenotype	CL:0000930
CD4-negative, CD8-negative type I NK T-cell	cell_phenotype	CL:0000924
CD4-negative, CD8-negative type I NK T-cell secreting interferon-gamma	cell_phenotype	CL:0000929
CD4-negative, CD8-negative type I NK T-cell secreting interleukin-4	cell_phenotype	CL:0000930
CD4-negative, CD8-negative type I NK T-lymphocyte	cell_phenotype	CL:0000924
CD4-negative, CD8-negative type I NK T-lymphocyte secreting interferon-gamma	cell_phenotype	CL:0000929
CD4-negative, CD8-negative type I NK T-lymphocyte secreting interleukin-4	cell_phenotype	CL:0000930
CD4-negative, CD8-negative type I NKT cell	cell_phenotype	CL:0000924
CD4-negative, CD8-negative type I NKT cell secreting interferon-gamma	cell_phenotype	CL:0000929
CD4-negative, CD8-negative type I NKT cell secreting interleukin-4	cell_phenotype	CL:0000930
CD4-negative, CD8-negative, alpha-beta intraepithelial T cell	cell_phenotype	CL:0000935
CD4-negative, CD8-negative, alpha-beta intraepithelial T lymphocyte	cell_phenotype	CL:0000935
CD4-negative, CD8-negative, alpha-beta intraepithelial T-cell	cell_phenotype	CL:0000935
CD4-negative, CD8-negative, alpha-beta intraepithelial T-lymphocyte	cell_phenotype	CL:0000935
CD4-negative, CD8-negative, alpha-beta regulatory T cells	cell_phenotype	CL:0011024
CD4-positive CD11b-positive dendritic cell	cell_phenotype	CL:0000999
CD4-positive T-helper cell	cell_phenotype	CL:0000492
CD4-positive TEMRA	cell_phenotype	CL:0001087
CD4-positive helper T cell	cell_phenotype	CL:0000492
CD4-positive helper T lymphocyte	cell_phenotype	CL:0000492
CD4-positive helper T-cell	cell_phenotype	CL:0000492
CD4-positive helper T-lymphocyte	cell_phenotype	CL:0000492
CD4-positive type I NK T cell	cell_phenotype	CL:0000923
CD4-positive type I NK T cell secreting IFN-gamma	cell_phenotype	CL:0000926
CD4-positive type I NK T cell secreting IL-4	cell_phenotype	CL:0000927
CD4-positive type I NK T cell secreting interferon-gamma	cell_phenotype	CL:0000926
CD4-positive type I NK T cell secreting interleukin-4	cell_phenotype	CL:0000927
CD4-positive type I NK T lymphocyte	cell_phenotype	CL:0000923
CD4-positive type I NK T lymphocyte secreting interferon-gamma	cell_phenotype	CL:0000926
CD4-positive type I NK T lymphocyte secreting interleukin-4	cell_phenotype	CL:0000927
CD4-positive type I NK T-cell	cell_phenotype	CL:0000923
CD4-positive type I NK T-cell secreting interferon-gamma	cell_phenotype	CL:0000926
CD4-positive type I NK T-cell secreting interleukin-4	cell_phenotype	CL:0000927
CD4-positive type I NK T-lymphocyte	cell_phenotype	CL:0000923
CD4-positive type I NK T-lymphocyte secreting interferon-gamma	cell_phenotype	CL:0000926
CD4-positive type I NK T-lymphocyte secreting interleukin-4	cell_phenotype	CL:0000927
CD4-positive type I NKT cell	cell_phenotype	CL:0000923
CD4-positive type I NKT cell secreting interferon-gamma	cell_phenotype	CL:0000926
CD4-positive type I NKT cell secreting interleukin-4	cell_phenotype	CL:0000927
CD4-positive, CD25-positive, CCR4-positive, alpha-beta regulatory T cell	cell_phenotype	CL:0001047
CD4-positive, CD25-positive, CCR4-positive, alpha-beta regulatory T lymphocyte	cell_phenotype	CL:0001047
CD4-positive, CD25-positive, CCR4-positive, alpha-beta regulatory T-cell	cell_phenotype	CL:0001047
CD4-positive, CD25-positive, CCR4-positive, alpha-beta regulatory T-lymphocyte	cell_phenotype	CL:0001047
CD4-positive, CD25-positive, alpha-beta regulatory T cell	cell_phenotype	CL:0000792
CD4-positive, CD25-positive, alpha-beta regulatory T lymphocyte	cell_phenotype	CL:0000792
CD4-positive, CD25-positive, alpha-beta regulatory T-cell	cell_phenotype	CL:0000792
CD4-positive, CD25-positive, alpha-beta regulatory T-lymphocyte	cell_phenotype	CL:0000792
CD4-positive, CD8-intermediate double-positive thymocyte	cell_phenotype	CL:0002431
CD4-positive, CXCR3-negative, CCR6-negative, alpha-beta T cell	cell_phenotype	CL:0001051
CD4-positive, CXCR3-negative, CCR6-negative, alpha-beta T lymphocyte	cell_phenotype	CL:0001051
CD4-positive, CXCR3-negative, CCR6-negative, alpha-beta T-cell	cell_phenotype	CL:0001051
CD4-positive, CXCR3-negative, CCR6-negative, alpha-beta T-lymphocyte	cell_phenotype	CL:0001051
CD4-positive, alpha-beta T cell	cell_phenotype	CL:0000624
CD4-positive, alpha-beta T lymphocyte	cell_phenotype	CL:0000624
CD4-positive, alpha-beta T-cell	cell_phenotype	CL:0000624
CD4-positive, alpha-beta T-lymphocyte	cell_phenotype	CL:0000624
CD4-positive, alpha-beta cytotoxic T cell	cell_phenotype	CL:0000934
CD4-positive, alpha-beta cytotoxic T lymphocyte	cell_phenotype	CL:0000934
CD4-positive, alpha-beta cytotoxic T-cell	cell_phenotype	CL:0000934
CD4-positive, alpha-beta cytotoxic T-lymphocyte	cell_phenotype	CL:0000934
CD4-positive, alpha-beta immature T lymphocyte	cell_phenotype	CL:0000810
CD4-positive, alpha-beta immature T-cell	cell_phenotype	CL:0000810
CD4-positive, alpha-beta immature T-lymphocyte	cell_phenotype	CL:0000810
CD4-positive, alpha-beta intraepithelial T cell	cell_phenotype	CL:0000793
CD4-positive, alpha-beta intraepithelial T lymphocyte	cell_phenotype	CL:0000793
CD4-positive, alpha-beta intraepithelial T-cell	cell_phenotype	CL:0000793
CD4-positive, alpha-beta intraepithelial T-lymphocyte	cell_phenotype	CL:0000793
CD4-positive, alpha-beta memory T cell	cell_phenotype	CL:0000897
CD4-positive, alpha-beta memory T cell, CD45RO-positive	cell_phenotype	CL:0001204
CD4-positive, alpha-beta memory T lymphocyte	cell_phenotype	CL:0000897
CD4-positive, alpha-beta memory T lymphocyte, CD45RO-positive	cell_phenotype	CL:0001204
CD4-positive, alpha-beta memory T-cell	cell_phenotype	CL:0000897
CD4-positive, alpha-beta memory T-cell, CD45RO-positive	cell_phenotype	CL:0001204
CD4-positive, alpha-beta memory T-lymphocyte	cell_phenotype	CL:0000897
CD4-positive, alpha-beta memory T-lymphocyte, CD45RO-positive	cell_phenotype	CL:0001204
CD4-positive, alpha-beta thymocyte	cell_phenotype	CL:0000810
CD4-positive, gamma-delta intraepithelial T lymphocyte	cell_phenotype	CL:0000803
CD4-positive, gamma-delta intraepithelial T-cell	cell_phenotype	CL:0000803
CD4-positive, gamma-delta intraepithelial T-lymphocyte	cell_phenotype	CL:0000803
CD5(+) B1 cell	cell_phenotype	CL:0000820
CD5+ B1 cell	cell_phenotype	CL:0000820
CD5-positive B1 cell	cell_phenotype	CL:0000820
CD56-bright cytokine secreting NK cell	cell_phenotype	CL:0000938
CD56-bright cytokine secreting natural killer cell	cell_phenotype	CL:0000938
CD56-negative, CD161-positive immature natural killer cell, human	cell_phenotype	CL:0002344
CD56-positive, CD161-positive immature natural killer cell, human	cell_phenotype	CL:0002338
CD57+ enterocyte	cell_phenotype	CL:4033092
CD57-positive enterocyte	cell_phenotype	CL:4033092
CD69-positive double-positive thymocyte	cell_phenotype	CL:0002429
CD69-positive, CD4-positive single-positive thymocyte	cell_phenotype	CL:0002433
CD69-positive, CD8-positive single-positive thymocyte	cell_phenotype	CL:0002435
CD7-negative lymphoid precursor	cell_phenotype	CL:0001027
CD7-negative lymphoid progenitor OR granulocyte monocyte progenitor	cell_phenotype	CL:0001012
CD7-negative lymphoid progenitor cell	cell_phenotype	CL:0001027
CD7-positive lymphoid precursor	cell_phenotype	CL:0001028
CD7-positive lymphoid progenitor cell	cell_phenotype	CL:0001028
CD71-low, GlyA-positive polychromatic erythroblast	cell_phenotype	CL:0002016
CD71-negative, GlyA-positive orthochromatic erythroblast	cell_phenotype	CL:0002018
CD8+ T(reg)	cell_phenotype	CL:0000795
CD8+ TEMRA	cell_phenotype	CL:0001062
CD8+ Treg	cell_phenotype	CL:0000795
CD8+ regulatory T cell	cell_phenotype	CL:0000795
CD8+CD25+ T cell	cell_phenotype	CL:0000919
CD8+CD25+ T lymphocyte	cell_phenotype	CL:0000919
CD8+CD25+ T(reg)	cell_phenotype	CL:0000919
CD8+CD25+ T-cell	cell_phenotype	CL:0000919
CD8+CD25+ T-lymphocyte	cell_phenotype	CL:0000919
CD8+CD25+ Treg	cell_phenotype	CL:0000919
CD8+CD28- T cell	cell_phenotype	CL:0000920
CD8+CD28- T lymphocyte	cell_phenotype	CL:0000920
CD8+CD28- T(reg)	cell_phenotype	CL:0000920
CD8+CD28- T-cell	cell_phenotype	CL:0000920
CD8+CD28- T-lymphocyte	cell_phenotype	CL:0000920
CD8+CD28- Treg	cell_phenotype	CL:0000920
CD8+CXCR3+ T cell	cell_phenotype	CL:0001041
CD8+CXCR3+ T lymphocyte	cell_phenotype	CL:0001041
CD8+CXCR3+ T(reg)	cell_phenotype	CL:0001041
CD8+CXCR3+ T-cell	cell_phenotype	CL:0001041
CD8+CXCR3+ Treg	cell_phenotype	CL:0001041
CD8-alpha alpha positive, gamma-delta intraepithelial T cell	cell_phenotype	CL:0000802
CD8-alpha-alpha-positive, alpha-beta intraepithelial T cell	cell_phenotype	CL:0000915
CD8-alpha-alpha-positive, alpha-beta intraepithelial T lymphocyte	cell_phenotype	CL:0000915
CD8-alpha-alpha-positive, alpha-beta intraepithelial T-cell	cell_phenotype	CL:0000915
CD8-alpha-alpha-positive, alpha-beta intraepithelial T-lymphocyte	cell_phenotype	CL:0000915
CD8-alpha-beta-positive, alpha-beta intraepithelial T cell	cell_phenotype	CL:0000796
CD8-alpha-low Langerhans cell	cell_phenotype	CL:0001015
CD8-alpha-negative CD11b-negative dendritic cell	cell_phenotype	CL:0000998
CD8-alpha-negative plasmacytoid dendritic cell	cell_phenotype	CL:0002455
CD8-alpha-negative thymic conventional dendritic cell	cell_phenotype	CL:0002460
CD8-alpha-positive CD11b-negative dendritic cell	cell_phenotype	CL:0001000
CD8-alpha-positive plasmacytoid dendritic cell	cell_phenotype	CL:0002456
CD8-alpha-positive thymic conventional dendritic cell	cell_phenotype	CL:0002059
CD8-positive T(reg)	cell_phenotype	CL:0000795
CD8-positive TEMRA	cell_phenotype	CL:0001062
CD8-positive Th1 cell	cell_phenotype	CL:0000917
CD8-positive Th17 cell	cell_phenotype	CL:0002128
CD8-positive Th2 cell	cell_phenotype	CL:0000918
CD8-positive Treg	cell_phenotype	CL:0000795
CD8-positive, CD25-positive Treg	cell_phenotype	CL:0000919
CD8-positive, CD25-positive, alpha-beta regulatory T cell	cell_phenotype	CL:0000919
CD8-positive, CD25-positive, alpha-beta regulatory T lymphocyte	cell_phenotype	CL:0000919
CD8-positive, CD25-positive, alpha-beta regulatory T-cell	cell_phenotype	CL:0000919
CD8-positive, CD25-positive, alpha-beta regulatory T-lymphocyte	cell_phenotype	CL:0000919
CD8-positive, CD28-negative T(reg)	cell_phenotype	CL:0000920
CD8-positive, CD28-negative Treg	cell_phenotype	CL:0000920
CD8-positive, CD28-negative, alpha-beta regulatory T cell	cell_phenotype	CL:0000920
CD8-positive, CD28-negative, alpha-beta regulatory T lymphocyte	cell_phenotype	CL:0000920
CD8-positive, CD28-negative, alpha-beta regulatory T-cell	cell_phenotype	CL:0000920
CD8-positive, CD28-negative, alpha-beta regulatory T-lymphocyte	cell_phenotype	CL:0000920
CD8-positive, CXCR3-negative, CCR6-negative, alpha-beta T cell	cell_phenotype	CL:0001052
CD8-positive, CXCR3-negative, CCR6-negative, alpha-beta T lymphocyte	cell_phenotype	CL:0001052
CD8-positive, CXCR3-negative, CCR6-negative, alpha-beta T-cell	cell_phenotype	CL:0001052
CD8-positive, CXCR3-negative, CCR6-negative, alpha-beta T-lymphocyte	cell_phenotype	CL:0001052
CD8-positive, CXCR3-positive, T(reg)	cell_phenotype	CL:0001041
CD8-positive, CXCR3-positive, Treg	cell_phenotype	CL:0001041
CD8-positive, CXCR3-positive, alpha-beta regulatory T cell	cell_phenotype	CL:0001041
CD8-positive, CXCR3-positive, alpha-beta regulatory T lymphocyte	cell_phenotype	CL:0001041
CD8-positive, CXCR3-positive, alpha-beta regulatory T-cell	cell_phenotype	CL:0001041
CD8-positive, CXCR3-positive, alpha-beta regulatory T-lymphocyte	cell_phenotype	CL:0001041
CD8-positive, alpha-beta T cell	cell_phenotype	CL:0000625
CD8-positive, alpha-beta T lymphocyte	cell_phenotype	CL:0000625
CD8-positive, alpha-beta T-cell	cell_phenotype	CL:0000625
CD8-positive, alpha-beta T-lymphocyte	cell_phenotype	CL:0000625
CD8-positive, alpha-beta Treg	cell_phenotype	CL:0000795
CD8-positive, alpha-beta cytokine secreting effector T cell	cell_phenotype	CL:0000908
CD8-positive, alpha-beta cytokine secreting effector T lymphocyte	cell_phenotype	CL:0000908
CD8-positive, alpha-beta cytokine secreting effector T-cell	cell_phenotype	CL:0000908
CD8-positive, alpha-beta cytokine secreting effector T-lymphocyte	cell_phenotype	CL:0000908
CD8-positive, alpha-beta cytotoxic T cell	cell_phenotype	CL:0000794
CD8-positive, alpha-beta cytotoxic T lymphocyte	cell_phenotype	CL:0000794
CD8-positive, alpha-beta cytotoxic T-cell	cell_phenotype	CL:0000794
CD8-positive, alpha-beta cytotoxic T-lymphocyte	cell_phenotype	CL:0000794
CD8-positive, alpha-beta immature T lymphocyte	cell_phenotype	CL:0000811
CD8-positive, alpha-beta immature T-cell	cell_phenotype	CL:0000811
CD8-positive, alpha-beta immature T-lymphocyte	cell_phenotype	CL:0000811
CD8-positive, alpha-beta intraepithelial T lymphocyte	cell_phenotype	CL:0000796
CD8-positive, alpha-beta intraepithelial T-cell	cell_phenotype	CL:0000796
CD8-positive, alpha-beta intraepithelial T-lymphocyte	cell_phenotype	CL:0000796
CD8-positive, alpha-beta memory T cell	cell_phenotype	CL:0000909
CD8-positive, alpha-beta memory T cell, CD45RO-positive	cell_phenotype	CL:0001203
CD8-positive, alpha-beta memory T lymphocyte	cell_phenotype	CL:0000909
CD8-positive, alpha-beta memory T lymphocyte, CD45RO-positive	cell_phenotype	CL:0001203
CD8-positive, alpha-beta memory T-cell	cell_phenotype	CL:0000909
CD8-positive, alpha-beta memory T-cell, CD45RO-positive	cell_phenotype	CL:0001203
CD8-positive, alpha-beta memory T-lymphocyte	cell_phenotype	CL:0000909
CD8-positive, alpha-beta memory T-lymphocyte, CD45RO-positive	cell_phenotype	CL:0001203
CD8-positive, alpha-beta regulatory T cell	cell_phenotype	CL:0000795
CD8-positive, alpha-beta regulatory T lymphocyte	cell_phenotype	CL:0000795
CD8-positive, alpha-beta regulatory T-cell	cell_phenotype	CL:0000795
CD8-positive, alpha-beta regulatory T-lymphocyte	cell_phenotype	CL:0000795
CD8-positive, alpha-beta thymocyte	cell_phenotype	CL:0000811
CD8-positive, gamma-delta intraepithelial T lymphocyte	cell_phenotype	CL:0000802
CD8-positive, gamma-delta intraepithelial T-cell	cell_phenotype	CL:0000802
CD8-positive, gamma-delta intraepithelial T-lymphocyte	cell_phenotype	CL:0000802
CD86+ plasmablast	cell_phenotype	CL:0001202
CD86-positive plasmablast	cell_phenotype	CL:0001202
CD8aa(I) thymocyte	cell_phenotype	CL:0009068
CD8aa(II) thymocyte	cell_phenotype	CL:0009069
CD8alpha-alpha-positive thymic conventional dendritic cell	cell_phenotype	CL:0002059
CD9-positive, CD41-positive megakaryocyte cell	cell_phenotype	CL:0002027
CD94- Ly49I-negative NK cell	cell_phenotype	CL:0002442
CD94-negative natural killer cell, mouse	cell_phenotype	CL:0002447
CD94-negative, Ly49CI-negative natural killer cell, mouse	cell_phenotype	CL:0002442
CD94-positive Ly49CI-positive natural killer cell, mouse	cell_phenotype	CL:0002449
CD94-positive natural killer cell, mouse	cell_phenotype	CL:0002441
CDP	cell_phenotype	CL:0001029
CFU-EM	cell_phenotype	CL:0000050
CFU-Hill	cell_phenotype	CL:0009085
CFU-Meg	cell_phenotype	CL:0000553
CFU-MegE	cell_phenotype	CL:0000050
CGRP-expressing neuron	cell_phenotype	CL:4042034
CNS long range interneuron	cell_phenotype	CL:0000410
CNS macrophage	cell_phenotype	CL:0000878
CNS neuron (sensu Nematoda and Protostomia)	cell_phenotype	CL:0000028
CNS neuron (sensu Vertebrata)	cell_phenotype	CL:0000117
CNS short range interneuron	cell_phenotype	CL:0000406
COP	cell_phenotype	CL:4023059
CR cells	cell_phenotype	CL:0000695
CT VAL/VM M1	cell_phenotype	CL:4023055
CT VAL/VM MOp	cell_phenotype	CL:4023055
CT projecting neuron	cell_phenotype	CL:4023013
CaP motorneuron	cell_phenotype	CL:0000532
Caenorhabditis hypodermal cell	cell_phenotype	CL:0000411
Cajal-Retzius cell	cell_phenotype	CL:0000695
Calcitonin gene-related peptide neuron	cell_phenotype	CL:4042034
Cap-Venous endothelial cell	cell_phenotype	CL:4047030
Chandelier PV	cell_phenotype	CL:4023036
Clara cell	cell_phenotype	CL:0000158
Claudius cell	cell_phenotype	CL:0000634
D cell	cell_phenotype	CL:0000502
D-cell of pancreatic islet	cell_phenotype	CL:0000173
D1-MSN	cell_phenotype	CL:4023026
D1/D2-hybrid medium spiny neuron	cell_phenotype	CL:4030050
D2-MSN	cell_phenotype	CL:4023029
DAPI-3 amacrine cell	cell_phenotype	CL:0004233
DB1 cone bipolar cell	cell_phenotype	CL:0000753
DB2 cone bipolar cell	cell_phenotype	CL:0000755
DB3 cone bipolar cell	cell_phenotype	CL:0000756
DB4 cone bipolar cell	cell_phenotype	CL:0000757
DB5 cone bipolar cell	cell_phenotype	CL:0000758
DB6 cone bipolar cell	cell_phenotype	CL:0000760
DC.103+11b-.Lv	cell_phenotype	CL:0002506
DC.103-11b+.Lv	cell_phenotype	CL:0002505
DC.11cloSer.SI	cell_phenotype	CL:0002466
DC.4+	cell_phenotype	CL:0000999
DC.8+	cell_phenotype	CL:0001000
DC.8+.Th	cell_phenotype	CL:0002059
DC.8-.Th	cell_phenotype	CL:0002460
DC.8-4-11b+	cell_phenotype	CL:0002454
DC.8-4-11b-	cell_phenotype	CL:0000998
DC.SIRPa+.Ad	cell_phenotype	CL:0002463
DC.SIRPa-.Ad	cell_phenotype	CL:0002464
DC.pDC.8+	cell_phenotype	CL:0002456
DC.pDC.8-	cell_phenotype	CL:0002455
DC1	cell_phenotype	CL:0000990
DC2	cell_phenotype	CL:0000784
DETC	cell_phenotype	CL:0000916
DMEC cell	cell_phenotype	CL:0011030
DN Treg	cell_phenotype	CL:0011024
DN1 thymic pro-T cell	cell_phenotype	CL:0000894
DN1 thymic pro-T lymphocyte	cell_phenotype	CL:0000894
DN1 thymic pro-T-cell	cell_phenotype	CL:0000894
DN1 thymic pro-T-lymphocyte	cell_phenotype	CL:0000894
DN1 thymic progenitor T cell	cell_phenotype	CL:0000894
DN1 thymocyte	cell_phenotype	CL:0000894
DN2 alpha-beta immature T lymphocyte	cell_phenotype	CL:0000806
DN2 alpha-beta immature T-cell	cell_phenotype	CL:0000806
DN2 alpha-beta immature T-lymphocyte	cell_phenotype	CL:0000806
DN2 cell	cell_phenotype	CL:0000806
DN2 immature T cell	cell_phenotype	CL:0000806
DN2 thymocyte	cell_phenotype	CL:0000806
DN2a thymocyte	cell_phenotype	CL:0002423
DN2b thymocyte	cell_phenotype	CL:0002424
DN3 alpha-beta immature T lymphocyte	cell_phenotype	CL:0000807
DN3 alpha-beta immature T-cell	cell_phenotype	CL:0000807
DN3 alpha-beta immature T-lymphocyte	cell_phenotype	CL:0000807
DN3 cell	cell_phenotype	CL:0000807
DN3 immature T cell	cell_phenotype	CL:0000807
DN3 thymocyte	cell_phenotype	CL:0000807
DN4 alpha-beta immature T lymphocyte	cell_phenotype	CL:0000808
DN4 alpha-beta immature T-lymphocyte	cell_phenotype	CL:0000808
DN4 cell	cell_phenotype	CL:0000808
DN4 immature T cell	cell_phenotype	CL:0000808
DN4 immature T-cell	cell_phenotype	CL:0000808
DN4 thymocyte	cell_phenotype	CL:0000808
DP cell	cell_phenotype	CL:0000809
DP thymocyte	cell_phenotype	CL:0000809
DPSC	cell_phenotype	CL:4030035
Deiter's cell	cell_phenotype	CL:0000635
Deiters cell	cell_phenotype	CL:0000635
Diffuse Bipolar Cell Type DB1	cell_phenotype	CL:4033027
Dx5-negative, NK1.1-positive immature natural killer cell, mouse	cell_phenotype	CL:0002346
ECFC	cell_phenotype	CL:0009090
ECL	cell_phenotype	CL:0000504
EPC	cell_phenotype	CL:0002619
ER-negative luminal alveolar progenitor	cell_phenotype	CL:4033057
ER-positive luminal hormone-sensor cell	cell_phenotype	CL:4033058
ESC	cell_phenotype	CL:0002322
ET projecting neuron	cell_phenotype	CL:4023009
ETP	cell_phenotype	CL:0002425
EVT	cell_phenotype	CL:0008036
EryP-CFC	cell_phenotype	CL:0002361
Eumycetozoan cell	cell_phenotype	CL:0000257
F4/80-negative adipose macrophage	cell_phenotype	CL:0002478
F4/80-positive adipose macrophage	cell_phenotype	CL:0002479
FMB cone bipolar cell	cell_phenotype	CL:0000754
FTE stem-like cell	cell_phenotype	CL:4033014
FTESC	cell_phenotype	CL:4033014
Fc-epsilon RIalpha-high basophil progenitor cell	cell_phenotype	CL:0002030
Fc-epsilon RIalpha-low mast cell progenitor	cell_phenotype	CL:0002029
Feyrter cell	cell_phenotype	CL:0002066
Fo B cell	cell_phenotype	CL:0000843
Fo B-cell	cell_phenotype	CL:0000843
G cell	cell_phenotype	CL:0000508
G1 retinal ganglion cell	cell_phenotype	CL:0003002
G10 retinal ganglion cell	cell_phenotype	CL:0003013
G11 retinal ganglion cell	cell_phenotype	CL:0003014
G11-OFF retinal ganglion cell	cell_phenotype	CL:0003016
G11-ON retinal ganglion cell	cell_phenotype	CL:0003015
G2 retinal ganglion cell	cell_phenotype	CL:0003003
G3 retinal ganglion cell	cell_phenotype	CL:0003004
G4 retinal ganglion cell	cell_phenotype	CL:0003005
G4-OFF retinal ganglion cell	cell_phenotype	CL:0003007
G4-ON retinal ganglion cell	cell_phenotype	CL:0003006
G5 retinal ganglion cell	cell_phenotype	CL:0003008
G6 retinal ganglion cell	cell_phenotype	CL:0003009
G7 retinal ganglion cell	cell_phenotype	CL:0003010
G8 retinal ganglion cell	cell_phenotype	CL:0003011
G9 retinal ganglion cell	cell_phenotype	CL:0003012
GABA-ergic neuron	cell_phenotype	CL:0000617
GABAergic amacrine cell	cell_phenotype	CL:4030027
GABAergic inhibitory interneuron	cell_phenotype	CL:0011005
GABAergic interneuron	cell_phenotype	CL:0011005
GABAergic interneuron of the anterior substantia nigra pars reticulata	cell_phenotype	CL:4042026
GABAergic interneuron of the posterior substantia nigra pars reticulata	cell_phenotype	CL:4042027
GABAergic neuron	cell_phenotype	CL:0000617
GABAnergic interplexiform cell	cell_phenotype	CL:0011106
GAG secreting cell	cell_phenotype	CL:0000153
GBC	cell_phenotype	CL:4023164
GC B cell	cell_phenotype	CL:0000844
GC B lymphocyte	cell_phenotype	CL:0000844
GC B-cell	cell_phenotype	CL:0000844
GC B-lymphocyte	cell_phenotype	CL:0000844
GHRH secreting cell	cell_phenotype	CL:0002373
GIP cell	cell_phenotype	CL:0002278
GLR cell	cell_phenotype	CL:0000427
GlyA-positive basophilic erythroblast	cell_phenotype	CL:0002013
GlyA-positive erythrocyte	cell_phenotype	CL:0002021
GlyA-positive reticulocytes	cell_phenotype	CL:0002020
GnRH neuron	cell_phenotype	CL:0011111
GnRH-secreting neuron	cell_phenotype	CL:0011111
Golgi cell	cell_phenotype	CL:0000119
Golgi neuron	cell_phenotype	CL:0000119
Goormaghtigh cell	cell_phenotype	CL:0002173
Gr1-high classical monocyte	cell_phenotype	CL:0002395
Gr1-high myeloid suppressor cell	cell_phenotype	CL:0002467
Gr1-low myeloid suppressor cell	cell_phenotype	CL:0002468
Gr1-low non-classical monocyte	cell_phenotype	CL:0002058
Gr1-positive, CD43-positive monocyte	cell_phenotype	CL:0002398
H minus	cell_phenotype	CL:0002674
H plus	cell_phenotype	CL:0002675
H- cell	cell_phenotype	CL:0002674
H1 horizontal cell	cell_phenotype	CL:0004217
H2 horizontal cell	cell_phenotype	CL:0004218
HEV cell	cell_phenotype	CL:0002652
HHyP cell	cell_phenotype	CL:0009013
Hensen cell	cell_phenotype	CL:0000633
Hensen's cell	cell_phenotype	CL:0000633
His-Purkinje system cell	cell_phenotype	CL:0010007
Hofbauer cell	cell_phenotype	CL:3000001
Horizontal cells of Cajal	cell_phenotype	CL:0000695
Hurthle cells	cell_phenotype	CL:0002200
ICC	cell_phenotype	CL:0002088
IEL	cell_phenotype	CL:0002496
IL-17-producing CD4+ T helper	cell_phenotype	CL:0000899
ILC1	cell_phenotype	CL:0001068
ILC1, human	cell_phenotype	CL:0001077
ILC2	cell_phenotype	CL:0001069
ILC2, human	cell_phenotype	CL:0001081
ILC3	cell_phenotype	CL:0001071
ILC3, human	cell_phenotype	CL:0001078
IMB cone bipolar cell	cell_phenotype	CL:0000759
IPC	cell_phenotype	CL:0000784
ISP	cell_phenotype	CL:0000805
IT neuron	cell_phenotype	CL:4023008
IgA memory B cell	cell_phenotype	CL:0000973
IgA memory B lymphocyte	cell_phenotype	CL:0000973
IgA memory B-cell	cell_phenotype	CL:0000973
IgA memory B-lymphocyte	cell_phenotype	CL:0000973
IgA plasma cell	cell_phenotype	CL:0000987
IgA plasmablast	cell_phenotype	CL:0000984
IgA short lived plasma cell	cell_phenotype	CL:0000976
IgD plasmablast	cell_phenotype	CL:0000949
IgD- memory B cell	cell_phenotype	CL:0001053
IgD-negative CD38-positive IgG memory B cell	cell_phenotype	CL:0002107
IgD-negative memory B cell	cell_phenotype	CL:0001053
IgD-positive CD38-positive IgG memory B cell	cell_phenotype	CL:0002106
IgE memory B cell	cell_phenotype	CL:0000948
IgE memory B lymphocyte	cell_phenotype	CL:0000948
IgE memory B-cell	cell_phenotype	CL:0000948
IgE memory B-lymphocyte	cell_phenotype	CL:0000948
IgE plasma cell	cell_phenotype	CL:0000947
IgE plasmablast	cell_phenotype	CL:0000950
IgE short lived plasma cell	cell_phenotype	CL:0000951
IgG memory B cell	cell_phenotype	CL:0000979
IgG memory B lymphocyte	cell_phenotype	CL:0000979
IgG memory B-cell	cell_phenotype	CL:0000979
IgG memory B-lymphocyte	cell_phenotype	CL:0000979
IgG plasma cell	cell_phenotype	CL:0000985
IgG plasmablast	cell_phenotype	CL:0000982
IgG short lived plasma cell	cell_phenotype	CL:0000977
IgG+ dn memory B cell	cell_phenotype	CL:0002103
IgG+ dn memory B lymphocyte	cell_phenotype	CL:0002103
IgG+ dn memory B-cell	cell_phenotype	CL:0002103
IgG+ dn memory B-lymphocyte	cell_phenotype	CL:0002103
IgG+ double negative memory B cell	cell_phenotype	CL:0002103
IgG+ double negative memory B lymphocyte	cell_phenotype	CL:0002103
IgG+ double negative memory B-cell	cell_phenotype	CL:0002103
IgG+ double negative memory B-lymphocyte	cell_phenotype	CL:0002103
IgG- class switched memory B cell	cell_phenotype	CL:0002117
IgG- class switched memory B lymphocyte	cell_phenotype	CL:0002117
IgG- class switched memory B-cell	cell_phenotype	CL:0002117
IgG- class switched memory B-lymphocyte	cell_phenotype	CL:0002117
IgG- dn memory B cell	cell_phenotype	CL:0002104
IgG- dn memory B lymphocyte	cell_phenotype	CL:0002104
IgG- dn memory B-cell	cell_phenotype	CL:0002104
IgG- dn memory B-lymphocyte	cell_phenotype	CL:0002104
IgG- double negative memory B cell	cell_phenotype	CL:0002104
IgG- double negative memory B lymphocyte	cell_phenotype	CL:0002104
IgG- double negative memory B-cell	cell_phenotype	CL:0002104
IgG- double negative memory B-lymphocyte	cell_phenotype	CL:0002104
IgG-negative class switched memory B cell	cell_phenotype	CL:0002117
IgG-negative class switched memory B lymphocyte	cell_phenotype	CL:0002117
IgG-negative class switched memory B-cell	cell_phenotype	CL:0002117
IgG-negative class switched memory B-lymphocyte	cell_phenotype	CL:0002117
IgG-negative dn memory B cell	cell_phenotype	CL:0002104
IgG-negative dn memory B lymphocyte	cell_phenotype	CL:0002104
IgG-negative dn memory B-cell	cell_phenotype	CL:0002104
IgG-negative dn memory B-lymphocyte	cell_phenotype	CL:0002104
IgG-negative double negative memory B cell	cell_phenotype	CL:0002104
IgG-negative double negative memory B lymphocyte	cell_phenotype	CL:0002104
IgG-negative double negative memory B-cell	cell_phenotype	CL:0002104
IgG-negative double negative memory B-lymphocyte	cell_phenotype	CL:0002104
IgG-positive dn memory B cell	cell_phenotype	CL:0002103
IgG-positive dn memory B lymphocyte	cell_phenotype	CL:0002103
IgG-positive dn memory B-cell	cell_phenotype	CL:0002103
IgG-positive dn memory B-lymphocyte	cell_phenotype	CL:0002103
IgG-positive double negative memory B cell	cell_phenotype	CL:0002103
IgG-positive double negative memory B lymphocyte	cell_phenotype	CL:0002103
IgG-positive double negative memory B-cell	cell_phenotype	CL:0002103
IgG-positive double negative memory B-lymphocyte	cell_phenotype	CL:0002103
IgM memory B cell	cell_phenotype	CL:0000971
IgM memory B lymphocyte	cell_phenotype	CL:0000971
IgM memory B-cell	cell_phenotype	CL:0000971
IgM memory B-lymphocyte	cell_phenotype	CL:0000971
IgM plasma cell	cell_phenotype	CL:0000986
IgM plasmablast	cell_phenotype	CL:0000983
IgM short lived plasma cell	cell_phenotype	CL:0000978
Island of Calleja granule cell	cell_phenotype	CL:4030053
Ito cell	cell_phenotype	CL:0000632
Ivy cell	cell_phenotype	CL:4042013
JG cell	cell_phenotype	CL:0000648
K cell	cell_phenotype	CL:4023187
KA cell	cell_phenotype	CL:0005007
KA interneuron	cell_phenotype	CL:0005007
KA neuron	cell_phenotype	CL:0005007
KLRG1-positive ILC	cell_phenotype	CL:0001075
KLRG1-positive innate lymphoid cell, human	cell_phenotype	CL:0001075
KNDy neuron	cell_phenotype	CL:4023125
KSL cell	cell_phenotype	CL:0002036
Kenyon cell	cell_phenotype	CL:0000673
Kit and Sca1-positive hematopoietic stem cell	cell_phenotype	CL:0001008
Kit-low proerythroblast	cell_phenotype	CL:0002012
Kit-low, CD34-positive eosinophil progenitor cell	cell_phenotype	CL:0002007
Kit-negative, Ly-76 high basophilic erythroblast	cell_phenotype	CL:0002014
Kit-negative, Ly-76 high orthochromatophilic erythroblasts	cell_phenotype	CL:0002017
Kit-negative, Ly-76 high polychromatophilic erythroblast	cell_phenotype	CL:0002015
Kit-positive erythroid progenitor cell	cell_phenotype	CL:0002000
Kit-positive granulocyte monocyte progenitor	cell_phenotype	CL:0002002
Kit-positive macrophage dendritic cell progenitor	cell_phenotype	CL:0002011
Kit-positive megakaryocyte progenitor cell	cell_phenotype	CL:0002024
Kit-positive, CD34-negative megakaryocyte erythroid progenitor cell	cell_phenotype	CL:0002006
Kit-positive, CD34-positive common myeloid progenitor	cell_phenotype	CL:0001023
Kit-positive, Sca1-positive common lymphoid progenitor	cell_phenotype	CL:0001025
Kit-positive, integrin beta7-high basophil mast progenitor cell	cell_phenotype	CL:0002044
Kolmer-Agduhr cell	cell_phenotype	CL:0005007
Kolmer-Agduhr neuron	cell_phenotype	CL:0005007
Kolmer’s cell	cell_phenotype	CL:4042004
Kulchitsky cell	cell_phenotype	CL:0000577
Kultschitzky cell of bronchiole	cell_phenotype	CL:0002066
Kupffer cell	cell_phenotype	CL:0000091
L cone	cell_phenotype	CL:0003048
L cone cell	cell_phenotype	CL:0003048
L-cone	cell_phenotype	CL:0003048
L2 intratelencephalic projecting glutamatergic neuron	cell_phenotype	CL:4030060
L2 marginal neuron	cell_phenotype	CL:4042012
L2/3 IT M1	cell_phenotype	CL:4023047
L2/3 IT MOp	cell_phenotype	CL:4023047
L2/3 bipolar VIP GABAergic interneuron (Mmus)	cell_phenotype	CL:4023007
L2/3 bipolar Vip (Mus musculus)	cell_phenotype	CL:4023007
L2/3 intratelencephalic projecting glutamatergic neuron	cell_phenotype	CL:4030059
L2/3 intratelencephalic projecting glutamatergic neuron of the primary motor cortex	cell_phenotype	CL:4023047
L2/3-6 IT projecting neuron	cell_phenotype	CL:4023040
L2/3-6 intratelencephalic projecting glutamatergic neuron	cell_phenotype	CL:4023040
L2/3/5 fan Martinotti SST (Mus musculus)	cell_phenotype	CL:4023030
L2/3/5 fan Martinotti sst GABAergic interneuron (Mmus)	cell_phenotype	CL:4023030
L3 intratelencephalic projecting glutamatergic neuron	cell_phenotype	CL:4030061
L4 SST (Mus musculus)	cell_phenotype	CL:4023031
L4 intratelencephalic projecting glutamatergic neuron	cell_phenotype	CL:4030063
L4 sst Martinotti interneuron (Mmus)	cell_phenotype	CL:4023031
L4/5 IT M1	cell_phenotype	CL:4023048
L4/5 IT MOp	cell_phenotype	CL:4023048
L4/5 intratelencephalic projecting glutamatergic neuron	cell_phenotype	CL:4030062
L4/5 intratelencephalic projecting glutamatergic neuron of the primary motor cortex	cell_phenotype	CL:4023048
L5 IT M1	cell_phenotype	CL:4023049
L5 IT MOp	cell_phenotype	CL:4023049
L5 T Martinotti SST (Mus musculus)	cell_phenotype	CL:4023027
L5 VIP (Mus musculus)	cell_phenotype	CL:4023014
L5 VIP GABAergic interneuron (Mmus)	cell_phenotype	CL:4023014
L5 extratelencephalic projecting glutamatergic cortical neuron	cell_phenotype	CL:4023041
L5 intratelencephalic projecting glutamatergic neuron	cell_phenotype	CL:4030064
L5 intratelencephalic projecting glutamatergic neuron of the primary motor cortex	cell_phenotype	CL:4023049
L5 non-Martinotti SST (Mus musculus)	cell_phenotype	CL:4023028
L5 non-Martinotti sst GABAergic interneuron (Mmus)	cell_phenotype	CL:4023028
L5 sst T-Martinotti interneuron (Mmus)	cell_phenotype	CL:4023027
L5,6 NGC Lamp5 (Mus musculus)	cell_phenotype	CL:4023023
L5,6 neurogliaform lamp5 GABAergic interneuron (Mmus)	cell_phenotype	CL:4023023
L5/6 CCK (Mus musculus)	cell_phenotype	CL:4023071
L5/6 CCK Vip (Mus musculus)	cell_phenotype	CL:4023019
L5/6 NP M1	cell_phenotype	CL:4023043
L5/6 NP MOp	cell_phenotype	CL:4023043
L5/6 cck GABAergic interneuron (Mmus)	cell_phenotype	CL:4023071
L5/6 cck, VIP GABAergic interneuron (Mmus)	cell_phenotype	CL:4023019
L5/6 near-projecting glutamatergic neuron	cell_phenotype	CL:4030067
L5/6 near-projecting glutamatergic neuron of the primary motor cortex	cell_phenotype	CL:4023043
L5/6 non-Martinotti SST (Mus musculus)	cell_phenotype	CL:4023118
L5/6 non-Martinotti morphology sst expressing GABAergic cortical interneuron (Mus musculus)	cell_phenotype	CL:4023118
L5/6 non-Martinotti sst GABAergic interneuron (Mmus)	cell_phenotype	CL:4023118
L6 CT	cell_phenotype	CL:4023042
L6 IT Car3 glutamatergic neuron	cell_phenotype	CL:4030068
L6 IT M1	cell_phenotype	CL:4023050
L6 IT MOp	cell_phenotype	CL:4023050
L6 Th+ SST (Mus musculus)	cell_phenotype	CL:4023075
L6 corticothalamic-projecting glutamatergic cortical neuron	cell_phenotype	CL:4023042
L6 intratelencephalic projecting Car3 glutamatergic neuron	cell_phenotype	CL:4030068
L6 intratelencephalic projecting glutamatergic neuron	cell_phenotype	CL:4030065
L6 intratelencephalic projecting glutamatergic neuron of the primary motor cortex	cell_phenotype	CL:4023050
L6 th sst GABAergic interneuron (Mmus)	cell_phenotype	CL:4023075
L6 tyrosine hydroxylase positive sst expressing GABAergic cortical interneuron (Mus musculus)	cell_phenotype	CL:4023075
L6b glutamatergic cortical neuron	cell_phenotype	CL:4023038
L6b glutamatergic neuron of the primary motor cortex	cell_phenotype	CL:4023046
L6b subplate glutamatergic neuron of the primary motor cortex	cell_phenotype	CL:4023046
LC	cell_phenotype	CL:0000453
LEC	cell_phenotype	CL:0002138
LGE-derived neuron	cell_phenotype	CL:4023035
LP SST (Mus musculus)	cell_phenotype	CL:4023025
LRE	cell_phenotype	CL:0011032
LSEC	cell_phenotype	CL:1000398
LSK stem cell	cell_phenotype	CL:0001008
LT stem cell	cell_phenotype	CL:0002034
LT-HSC	cell_phenotype	CL:0002034
LTi	cell_phenotype	CL:0011018
Lamp5 Lhx6 neuron	cell_phenotype	CL:4042013
Lamp5-Lhx6 type	cell_phenotype	CL:4042013
Langerhans cell	cell_phenotype	CL:0000453
Langerhans giant cell	cell_phenotype	CL:0000647
Leydig cell	cell_phenotype	CL:0000178
Leydig stem cell	cell_phenotype	CL:0009091
Lugaro cell	cell_phenotype	CL:0011006
Ly-76 high positive erythrocyte	cell_phenotype	CL:0002022
Ly-76 high reticulocyte	cell_phenotype	CL:0002019
Ly49CI-negative natural killer cell, mouse	cell_phenotype	CL:0002446
Ly49CI-positive natural killer cell, mouse	cell_phenotype	CL:0002443
Ly49D-negative natural killer cell, mouse	cell_phenotype	CL:0002445
Ly49D-positive natural killer cell, mouse	cell_phenotype	CL:0002440
Ly49H-negative natural killer cell, mouse	cell_phenotype	CL:0002448
Ly49H-positive natural killer cell, mouse	cell_phenotype	CL:0002444
Ly49I-negative NK cell	cell_phenotype	CL:0002446
Ly49I-positive NK cell	cell_phenotype	CL:0002443
LyH49H-negative	cell_phenotype	CL:0002448
LyH49H-positive	cell_phenotype	CL:0002444
M cell of anorectum	cell_phenotype	CL:0009054
M cell of gut	cell_phenotype	CL:0000682
M cone	cell_phenotype	CL:0003049
M cone cell	cell_phenotype	CL:0003049
M-cell	cell_phenotype	CL:0000682
M-cone	cell_phenotype	CL:0003049
M1 retinal ganglion cell	cell_phenotype	CL:0003028
M10 retinal ganglion cell	cell_phenotype	CL:0003043
M11 retinal ganglion cell	cell_phenotype	CL:0003044
M12 retinal ganglion cell	cell_phenotype	CL:0003045
M13 retinal ganglion cell	cell_phenotype	CL:0003046
M14 retinal ganglion cell	cell_phenotype	CL:0003047
M2 retinal ganglion cell	cell_phenotype	CL:0003029
M3 retinal ganglion cell	cell_phenotype	CL:0003030
M3-OFF retinal ganglion cell	cell_phenotype	CL:0003032
M3-ON retinal ganglion cell	cell_phenotype	CL:0003031
M4 retinal ganglion cell	cell_phenotype	CL:0003033
M5 retinal ganglion cell	cell_phenotype	CL:0003034
M6 retinal ganglion cell	cell_phenotype	CL:0003035
M7 retinal ganglion cell	cell_phenotype	CL:0003036
M7-OFF retinal ganglion cell	cell_phenotype	CL:0003038
M7-ON retinal ganglion cell	cell_phenotype	CL:0003037
M8 retinal ganglion cell	cell_phenotype	CL:0003039
M9 retinal ganglion cell	cell_phenotype	CL:0003040
M9-OFF retinal ganglion cell	cell_phenotype	CL:0003042
M9-ON retinal ganglion cell	cell_phenotype	CL:0003041
MC(T)	cell_phenotype	CL:0000485
MC(TC)	cell_phenotype	CL:0000484
MCP	cell_phenotype	CL:0000831
MCT	cell_phenotype	CL:0000485
MCTC	cell_phenotype	CL:0000484
MDDC cell	cell_phenotype	CL:0011031
MDP	cell_phenotype	CL:0002009
MDS.Gr1hi	cell_phenotype	CL:0002467
MDS.Gr1lo	cell_phenotype	CL:0002468
MEP	cell_phenotype	CL:0000050
MF.Autofl.Ad	cell_phenotype	CL:0002478
MF.F480+.Ad	cell_phenotype	CL:0002479
MF.LN	cell_phenotype	CL:0000868
MFB	cell_phenotype	CL:0000186
MGE cortical interneuron	cell_phenotype	CL:4023069
MGE interneuron	cell_phenotype	CL:4023063
MHC-II-high non-classical monocyte	cell_phenotype	CL:0002473
MHC-II-low non-classical monocyte	cell_phenotype	CL:0002472
MHC-II-negative classical monocyte	cell_phenotype	CL:0002469
MHC-II-negative non-classical monocyte	cell_phenotype	CL:0002471
MHC-II-positive classical monocyte	cell_phenotype	CL:0002470
MPP	cell_phenotype	CL:0000837
MY ET M1	cell_phenotype	CL:4023045
MY ET MOp	cell_phenotype	CL:4023045
Malpighian tubule Type II cell	cell_phenotype	CL:1000155
Malpighian tubule stellate cell	cell_phenotype	CL:1000155
Martinotti neuron	cell_phenotype	CL:4023076
Mauthner neuron	cell_phenotype	CL:0000246
Meg-CFC	cell_phenotype	CL:0000553
Meg/E progenitor	cell_phenotype	CL:0000050
Merkel cell	cell_phenotype	CL:0000242
Merkel's cell	cell_phenotype	CL:0000242
Meynert cell	cell_phenotype	CL:2000056
MkP	cell_phenotype	CL:0000553
Mo.6C+II-	cell_phenotype	CL:0002469
Mo.6C-II+	cell_phenotype	CL:0002473
Mo.6C-II-	cell_phenotype	CL:0002471
Mo.6C-IIint	cell_phenotype	CL:0002472
Mo.6c+II	cell_phenotype	CL:0002470
Mueller cell	cell_phenotype	CL:0000636
Muller cell	cell_phenotype	CL:0000636
Muller glia	cell_phenotype	CL:0000636
Müller cell	cell_phenotype	CL:0000636
N cell	cell_phenotype	CL:0002280
NAc shell and OT D1 medium spiny neuron	cell_phenotype	CL:4030051
NAc shell and OT D2 medium spiny neuron	cell_phenotype	CL:4030052
NGC Lamp5 (Mus musculus)	cell_phenotype	CL:4023024
NGF cell	cell_phenotype	CL:0000693
NK cell	cell_phenotype	CL:0000623
NK.49Cl+.Sp	cell_phenotype	CL:0002443
NK.49Cl+94+.Sp	cell_phenotype	CL:0002449
NK.49Cl-.Sp	cell_phenotype	CL:0002446
NK.49Cl-94-.Sp	cell_phenotype	CL:0002442
NK.49D+.Sp	cell_phenotype	CL:0002440
NK.49D-.Sp	cell_phenotype	CL:0002445
NK.94+.Sp	cell_phenotype	CL:0002441
NK.94-.Sp	cell_phenotype	CL:0002447
NK.G2A+.SP	cell_phenotype	CL:0002439
NK.sp	cell_phenotype	CL:0002438
NK1.1-positive NK cell	cell_phenotype	CL:0002438
NK1.1-positive natural killer cell, mouse	cell_phenotype	CL:0002438
NKGA2-positive natural killer cell, mouse	cell_phenotype	CL:0002439
NKP	cell_phenotype	CL:0000825
NKT.44-NK1.1-.Th	cell_phenotype	CL:0002040
NKp44-negative group 3 innate lymphoid cell, human	cell_phenotype	CL:0001080
NKp44-positive group 3 innate lymphoid cell, human	cell_phenotype	CL:0001079
NKp46-positive ILC	cell_phenotype	CL:0001076
NKp46-positive innate lymphoid cell, human	cell_phenotype	CL:0001076
NP neuron	cell_phenotype	CL:4023012
NPE cell	cell_phenotype	CL:0002304
NSC	cell_phenotype	CL:0000047
OAMSC	cell_phenotype	CL:4040004
OEC	cell_phenotype	CL:0011028
OFF midget ganglion cell	cell_phenotype	CL:4033047
OFF parasol ganglion cell	cell_phenotype	CL:4033051
OFF retinal ganglion cell	cell_phenotype	CL:4023033
OFF-bipolar cell	cell_phenotype	CL:0000750
OFF-midget RGC	cell_phenotype	CL:4033047
OFF-midget cell	cell_phenotype	CL:4033047
OFF-parasol RGC	cell_phenotype	CL:4033051
OFF-parasol retinal ganglion cell	cell_phenotype	CL:4033051
OFFx cell	cell_phenotype	CL:4033036
OLs	cell_phenotype	CL:0000128
ON midget ganglion cell	cell_phenotype	CL:4033046
ON parasol ganglion cell	cell_phenotype	CL:4033052
ON retinal ganglion cell	cell_phenotype	CL:4023032
ON-OFF DS	cell_phenotype	CL:0003010
ON-bipolar cell	cell_phenotype	CL:0000749
ON-blue cone bipolar cell	cell_phenotype	CL:4033019
ON-midget RGC	cell_phenotype	CL:4033046
ON-midget cell	cell_phenotype	CL:4033046
ON-parasol RGC	cell_phenotype	CL:4033052
ON-parasol retinal ganglion cell	cell_phenotype	CL:4033052
Orbital ASCs	cell_phenotype	CL:4040004
P cell	cell_phenotype	CL:0002072
P enteroendocrine cell	cell_phenotype	CL:0002500
P/D1 enteroendocrine cell	cell_phenotype	CL:0002268
PAX6 GABAergic cortical interneuron	cell_phenotype	CL:4042032
PBSC	cell_phenotype	CL:0002246
PE cell	cell_phenotype	CL:0002303
PMN	cell_phenotype	CL:0000096
PNS neuron	cell_phenotype	CL:2000032
PP cell	cell_phenotype	CL:0000696
PP cell of intestine	cell_phenotype	CL:0002680
PP cell of pancreatic islet	cell_phenotype	CL:0002275
PP-cell of pancreatic islet	cell_phenotype	CL:0002275
PaSC	cell_phenotype	CL:0002410
Peyer's patch B cell	cell_phenotype	CL:0002402
Peyer's patch follicular dendritic cell	cell_phenotype	CL:0009015
Peyer's patch lymphocyte	cell_phenotype	CL:0009014
Peyer's patch macrophage	cell_phenotype	CL:0000870
Peyer's patch resident lymphocyte	cell_phenotype	CL:0009014
Peyers patch B cell	cell_phenotype	CL:0002402
Purkinje cell	cell_phenotype	CL:0000121
Purkinje cell fiber	cell_phenotype	CL:0002068
Purkinje muscle cell	cell_phenotype	CL:0002068
Purkinje myocyte	cell_phenotype	CL:0002068
Purkinje myocyte of atrioventricular bundle	cell_phenotype	CL:1000484
Purkinje myocyte of atrioventricular node	cell_phenotype	CL:1000479
Purkinje myocyte of internodal tract	cell_phenotype	CL:1000483
Purkinje myocyte of interventricular septum	cell_phenotype	CL:1000376
Purkinje neuron	cell_phenotype	CL:0000121
Pyramidal tract-like (PT-l)	cell_phenotype	CL:4023041
R1 cell	cell_phenotype	CL:0000687
R1 photoreceptor cell	cell_phenotype	CL:0000687
R2 cell	cell_phenotype	CL:0000690
R2 photoreceptor cell	cell_phenotype	CL:0000690
R3 cell	cell_phenotype	CL:0000694
R3 photoreceptor cell	cell_phenotype	CL:0000694
R4 cell	cell_phenotype	CL:0000697
R4 photoreceptor cell	cell_phenotype	CL:0000697
R5 cell	cell_phenotype	CL:0000702
R5 photoreceptor cell	cell_phenotype	CL:0000702
R6 cell	cell_phenotype	CL:0000705
R6 photoreceptor cell	cell_phenotype	CL:0000705
R7 cell	cell_phenotype	CL:0000707
R7 photoreceptor cell	cell_phenotype	CL:0000707
R8 cell	cell_phenotype	CL:0000709
R8 photoreceptor cell	cell_phenotype	CL:0000709
RBC	cell_phenotype	CL:0000232
RP3V KNDy neuron	cell_phenotype	CL:4023128
RSN	cell_phenotype	CL:4023107
RXFP1-positive interface island D1-medium spiny neuron	cell_phenotype	CL:4030054
RXFP1-positive island D1-medium spiny neuron	cell_phenotype	CL:4030054
Rohon Beard cell	cell_phenotype	CL:0000247
Rohon-Beard cell	cell_phenotype	CL:0000247
Rohon-Beard neuron	cell_phenotype	CL:0000247
S cone	cell_phenotype	CL:0003050
S cone cell	cell_phenotype	CL:0003050
S-(short-wavelength sensitive) cone	cell_phenotype	CL:0003050
S-cone	cell_phenotype	CL:0003050
S-cone photoreceptor	cell_phenotype	CL:0003050
SA nodal myocyte	cell_phenotype	CL:1000409
SA node cardiac muscle cell	cell_phenotype	CL:1000409
SACMN	cell_phenotype	CL:0000741
SIRPa-negative adipose dendritic cell	cell_phenotype	CL:0002464
SIRPa-positive adipose dendritic cell	cell_phenotype	CL:0002463
SMCs	cell_phenotype	CL:0000192
SP CD4 cell	cell_phenotype	CL:0000810
SP CD8 cell	cell_phenotype	CL:0000811
ST stem cell	cell_phenotype	CL:0002033
ST-HSC	cell_phenotype	CL:0002033
Sca1-positive hematopoietic stem cell	cell_phenotype	CL:0001008
Schultze's cell	cell_phenotype	CL:0000207
Schwann cell	cell_phenotype	CL:0002573
Schwann cell precursor	cell_phenotype	CL:0002375
Schwann cell precursor cell	cell_phenotype	CL:0002375
Semper cell	cell_phenotype	CL:0000718
Sertoli cell	cell_phenotype	CL:0000216
Slamf1-negative multipotent progenitor cell	cell_phenotype	CL:0002035
Slamf1-positive multipotent progenitor cell	cell_phenotype	CL:0002036
Stiftchenzellen	cell_phenotype	CL:0007017
T Martinotti neuron	cell_phenotype	CL:4023086
T cell	cell_phenotype	CL:0000084
T cell of Peyer's patch of small intestine	cell_phenotype	CL:0009023
T cell of anorectum	cell_phenotype	CL:0009051
T cell of appendix	cell_phenotype	CL:0009031
T cell of appendix vermiformis	cell_phenotype	CL:0009031
T cell of lymph node paracortex	cell_phenotype	CL:0009064
T cell of medullary sinus of lymph node	cell_phenotype	CL:0009046
T cell of small intestine Peyer's patch	cell_phenotype	CL:0009023
T cell of vermiform appendix	cell_phenotype	CL:0009031
T cell receptor positive macrophage	cell_phenotype	CL:4030058
T cell zone reticular cell	cell_phenotype	CL:0009105
T follicular helper cell	cell_phenotype	CL:0002038
T follicular helper cell of germinal center of lymph node	cell_phenotype	CL:0009062
T follicular helper cell of lymph node germinal center	cell_phenotype	CL:0009062
T follicular regulatory cell	cell_phenotype	CL:0009113
T helper cells type 1	cell_phenotype	CL:0000545
T helper cells type 17	cell_phenotype	CL:0000899
T helper cells type 2	cell_phenotype	CL:0000546
T helper cells type 9	cell_phenotype	CL:0002061
T lymphocyte	cell_phenotype	CL:0000084
T mast cells	cell_phenotype	CL:0000485
T(FH)	cell_phenotype	CL:0002038
T(H)-1 cell	cell_phenotype	CL:0000545
T(H)-17 cell	cell_phenotype	CL:0000899
T(H)-2 cell	cell_phenotype	CL:0000546
T(H)-22 cell	cell_phenotype	CL:0001042
T(H)-9 cell	cell_phenotype	CL:0002061
T-associated plasma cell	cell_phenotype	CL:0000784
T-cell	cell_phenotype	CL:0000084
T-cytotoxic T cell type 1	cell_phenotype	CL:0000917
T-cytotoxic T cell type 2	cell_phenotype	CL:0000918
T-helper 1 cell	cell_phenotype	CL:0000545
T-helper 17 cell	cell_phenotype	CL:0000899
T-helper 2 cell	cell_phenotype	CL:0000546
T-helper 22 cell	cell_phenotype	CL:0001042
T-helper 9 cell	cell_phenotype	CL:0002061
T-helper cell	cell_phenotype	CL:0000912
T-lymphocyte	cell_phenotype	CL:0000084
T-regulatory T cell type 1	cell_phenotype	CL:0000901
T-shaped Martinotti neuron	cell_phenotype	CL:4023086
T.4+8int.Th	cell_phenotype	CL:0002431
T.4Nve.Sp	cell_phenotype	CL:0000895
T.4SP24int.Th	cell_phenotype	CL:0002432
T.4SP69+.Th	cell_phenotype	CL:0002433
T.4int8+.Th	cell_phenotype	CL:0002430
T.8SP24-.Th	cell_phenotype	CL:0002437
T.8SP24int.Th	cell_phenotype	CL:0002434
T.8SP69+.Th	cell_phenotype	CL:0002435
T.DN4.th	cell_phenotype	CL:0000808
T.DP.sm.Th	cell_phenotype	CL:0002427
T.DP69+.Th	cell_phenotype	CL:0002429
T.DPb.Th	cell_phenotype	CL:0002428
T.ISP.th	cell_phenotype	CL:0000805
T1 B cell	cell_phenotype	CL:0000958
T1 B lymphocyte	cell_phenotype	CL:0000958
T1 B-cell	cell_phenotype	CL:0000958
T1 B-lymphocyte	cell_phenotype	CL:0000958
T2 B cell	cell_phenotype	CL:0000959
T2 B lymphocyte	cell_phenotype	CL:0000959
T2 B-cell	cell_phenotype	CL:0000959
T2 B-lymphocyte	cell_phenotype	CL:0000959
T3 B cell	cell_phenotype	CL:0000960
T3 B lymphocyte	cell_phenotype	CL:0000960
T3 B-cell	cell_phenotype	CL:0000960
T3 B-lymphocyte	cell_phenotype	CL:0000960
TAC3 interneuron	cell_phenotype	CL:4042001
TAC3-positive medium spiny neuron	cell_phenotype	CL:4042002
TAC3-positive striatal interneuron	cell_phenotype	CL:4042001
TC mast cells	cell_phenotype	CL:0000484
TCR+ macrophage	cell_phenotype	CL:4030058
TCR-positive macrophage	cell_phenotype	CL:4030058
TEMRA cell	cell_phenotype	CL:4030002
TN2 cell	cell_phenotype	CL:0000806
TN2 thymocyte	cell_phenotype	CL:0000806
TN3 cell	cell_phenotype	CL:0000807
TN3 thymocyte	cell_phenotype	CL:0000807
T_4+8int_Th	cell_phenotype	CL:0002431
T_4int8+_Th	cell_phenotype	CL:0002430
Tc1 CD8+ T cell	cell_phenotype	CL:0000917
Tc1 T cell	cell_phenotype	CL:0000917
Tc1 T lymphocyte	cell_phenotype	CL:0000917
Tc1 T-cell	cell_phenotype	CL:0000917
Tc1 T-lymphocyte	cell_phenotype	CL:0000917
Tc1 cell	cell_phenotype	CL:0000917
Tc17 CD8+ T cell	cell_phenotype	CL:0002128
Tc17 T cell	cell_phenotype	CL:0002128
Tc17 T lymphocyte	cell_phenotype	CL:0002128
Tc17 T-cell	cell_phenotype	CL:0002128
Tc17 T-lymphocyte	cell_phenotype	CL:0002128
Tc17 cell	cell_phenotype	CL:0002128
Tc2 T cell	cell_phenotype	CL:0000918
Tc2 T lymphocyte	cell_phenotype	CL:0000918
Tc2 T-cell	cell_phenotype	CL:0000918
Tc2 T-lymphocyte	cell_phenotype	CL:0000918
Tc2 cell	cell_phenotype	CL:0000918
Tex cell	cell_phenotype	CL:0011025
Tfh	cell_phenotype	CL:0002038
Th0	cell_phenotype	CL:0000895
Th1 CD4+ T cell	cell_phenotype	CL:0000545
Th1 CD8-positive T cell	cell_phenotype	CL:0000917
Th1 T cell	cell_phenotype	CL:0000545
Th1 T lymphocyte	cell_phenotype	CL:0000545
Th1 T-cell	cell_phenotype	CL:0000545
Th1 T-lymphocyte	cell_phenotype	CL:0000545
Th1 cell	cell_phenotype	CL:0000545
Th1 non-TFH CD8-positive T cell	cell_phenotype	CL:0000917
Th17 CD4+ T cell	cell_phenotype	CL:0000899
Th17 CD8-positive T cell	cell_phenotype	CL:0002128
Th17 T cell	cell_phenotype	CL:0000899
Th17 T lymphocyte	cell_phenotype	CL:0000899
Th17 T-cell	cell_phenotype	CL:0000899
Th17 T-lymphocyte	cell_phenotype	CL:0000899
Th17 cell	cell_phenotype	CL:0000899
Th17 non-TFH CD8-positive T cell	cell_phenotype	CL:0002128
Th2 CD8-positive T cell	cell_phenotype	CL:0000918
Th2 T cell	cell_phenotype	CL:0000546
Th2 T lymphocyte	cell_phenotype	CL:0000546
Th2 T-cell	cell_phenotype	CL:0000546
Th2 T-lymphocyte	cell_phenotype	CL:0000546
Th2 cell	cell_phenotype	CL:0000546
Th2 non-TFH CD8-positive T cell	cell_phenotype	CL:0000918
Th22 T cell	cell_phenotype	CL:0001042
Th22 T lymphocyte	cell_phenotype	CL:0001042
Th22 T-cell	cell_phenotype	CL:0001042
Th22 T-lymphocyte	cell_phenotype	CL:0001042
Th22 cell	cell_phenotype	CL:0001042
Th9	cell_phenotype	CL:0002061
Tr1 T cell	cell_phenotype	CL:0000901
Tr1 T lymphocyte	cell_phenotype	CL:0000901
Tr1 T-cell	cell_phenotype	CL:0000901
Tr1 T-lymphocyte	cell_phenotype	CL:0000901
Tr1 cell	cell_phenotype	CL:0000901
Treg	cell_phenotype	CL:0000815
UV cone cell	cell_phenotype	CL:0003051
UV sensitive photoreceptor cell	cell_phenotype	CL:0000494
VEC	cell_phenotype	CL:4030033
VIC	cell_phenotype	CL:4030032
VIP GABAergic cortical interneuron	cell_phenotype	CL:4023016
VIP+/ChAT+ interneuron	cell_phenotype	CL:4042015
VIP-ChAT interneuron	cell_phenotype	CL:4042015
VIP/ChAT interneuron	cell_phenotype	CL:4042015
VLMC	cell_phenotype	CL:4023051
VLMC (Mus musculus)	cell_phenotype	CL:4023056
VSMC	cell_phenotype	CL:0000359
Vg1.1+Vd6.3+ T cell	cell_phenotype	CL:0002412
Vg1.1-positive, Vd6.3-negative T cell	cell_phenotype	CL:0002411
Vgamma1.1-positive, Vdelta6.3-negative thymocyte	cell_phenotype	CL:0002411
Vgamma1.1-positive, Vdelta6.3-positive thymocyte	cell_phenotype	CL:0002412
Vgamma2-negative	cell_phenotype	CL:0002409
Vgamma2-positive	cell_phenotype	CL:0002407
Vgamma5-negative CD8-alpha alpha positive gamma-delta intraepithelial T cell	cell_phenotype	CL:0002514
Vgamma5-positive CD8-alpha alpha positive gamma-delta intraepithelial T cell	cell_phenotype	CL:0002513
WF1 amacrine cell	cell_phenotype	CL:0004240
WF2 amacrine cell	cell_phenotype	CL:0004241
WF3-1 amacrine cell	cell_phenotype	CL:0004242
WF3-2 amacrine cell	cell_phenotype	CL:0004243
WF4 amacrine cell	cell_phenotype	CL:0004244
X bearing sperm	cell_phenotype	CL:0002291
X chromosome-bearing sperm cell	cell_phenotype	CL:0002291
X-bearing sperm	cell_phenotype	CL:0002291
X/A-like	cell_phenotype	CL:0002284
Y bearing sperm	cell_phenotype	CL:0002290
Y chromosome-bearing sperm cell	cell_phenotype	CL:0002290
Y-bearing sperm	cell_phenotype	CL:0002290
abnormal cell	cell_phenotype	CL:0001061
absorptive cell	cell_phenotype	CL:0000212
acceleration receptive cell	cell_phenotype	CL:0000204
acidophil cell of pars anterior of adenohypophysis	cell_phenotype	CL:0000638
acidophil cell of pars distalis of adenohypophysis	cell_phenotype	CL:0000638
acidophil of pars anterior of adenohypophysis	cell_phenotype	CL:0000638
acidophil of pars distalis of adenohypophysis	cell_phenotype	CL:0000638
acidophilic erythroblast	cell_phenotype	CL:0000552
acinar cell	cell_phenotype	CL:0000622
acinar cell of pancreas	cell_phenotype	CL:0002064
acinar cell of salivary gland	cell_phenotype	CL:0002623
acinar cell of skin sebaceous gland	cell_phenotype	CL:0002140
acinar epithelial cell of prostate	cell_phenotype	CL:0002233
acinic cell	cell_phenotype	CL:0000622
acinous cell	cell_phenotype	CL:0000622
actinomycete-type spore	cell_phenotype	CL:0002630
activated CCR4+ Treg	cell_phenotype	CL:0001048
activated CD4-negative, CD8-negative type I NK T cell	cell_phenotype	CL:0000928
activated CD4-negative, CD8-negative type I NK T lymphocyte	cell_phenotype	CL:0000928
activated CD4-negative, CD8-negative type I NK T-cell	cell_phenotype	CL:0000928
activated CD4-negative, CD8-negative type I NK T-lymphocyte	cell_phenotype	CL:0000928
activated CD4-negative, CD8-negative type I NKT cell	cell_phenotype	CL:0000928
activated CD4-positive type I NK T cell	cell_phenotype	CL:0000925
activated CD4-positive type I NK T lymphocyte	cell_phenotype	CL:0000925
activated CD4-positive type I NK T-cell	cell_phenotype	CL:0000925
activated CD4-positive type I NK T-lymphocyte	cell_phenotype	CL:0000925
activated CD4-positive type I NKT cell	cell_phenotype	CL:0000925
activated CD4-positive, CD25-positive, CCR4-positive, alpha-beta regulatory T cell, human	cell_phenotype	CL:0001048
activated CD4-positive, CD25-positive, CCR4-positive, alpha-beta regulatory T lymphocyte	cell_phenotype	CL:0001048
activated CD4-positive, CD25-positive, CCR4-positive, alpha-beta regulatory T-cell	cell_phenotype	CL:0001048
activated CD4-positive, CD25-positive, CCR4-positive, alpha-beta regulatory T-lymphocyte	cell_phenotype	CL:0001048
activated CD4-positive, alpha-beta T cell	cell_phenotype	CL:0000896
activated CD4-positive, alpha-beta T cell, human	cell_phenotype	CL:0001043
activated CD4-positive, alpha-beta T lymphocyte	cell_phenotype	CL:0000896
activated CD4-positive, alpha-beta T lymphocyte, human	cell_phenotype	CL:0001043
activated CD4-positive, alpha-beta T-cell	cell_phenotype	CL:0000896
activated CD4-positive, alpha-beta T-cell, human	cell_phenotype	CL:0001043
activated CD4-positive, alpha-beta T-lymphocyte	cell_phenotype	CL:0000896
activated CD4-positive, alpha-beta T-lymphocyte, human	cell_phenotype	CL:0001043
activated CD8-positive, alpha-beta T cell	cell_phenotype	CL:0000906
activated CD8-positive, alpha-beta T cell, human	cell_phenotype	CL:0001049
activated CD8-positive, alpha-beta T lymphocyte	cell_phenotype	CL:0000906
activated CD8-positive, alpha-beta T lymphocyte, human	cell_phenotype	CL:0001049
activated CD8-positive, alpha-beta T-cell	cell_phenotype	CL:0000906
activated CD8-positive, alpha-beta T-cell, human	cell_phenotype	CL:0001049
activated CD8-positive, alpha-beta T-lymphocyte	cell_phenotype	CL:0000906
activated CD8-positive, alpha-beta T-lymphocyte, human	cell_phenotype	CL:0001049
activated astrocyte	cell_phenotype	CL:0002627
activated double-positive thymocyte	cell_phenotype	CL:0002428
activated microglia	cell_phenotype	CL:0002629
activated skeletal muscle satellite cell	cell_phenotype	CL:0008016
activated type II NK T cell	cell_phenotype	CL:0000931
activated type II NK T lymphocyte	cell_phenotype	CL:0000931
activated type II NK T-cell	cell_phenotype	CL:0000931
activated type II NK T-lymphocyte	cell_phenotype	CL:0000931
activated type II NKT cell	cell_phenotype	CL:0000931
active chief cell of parathyroid gland	cell_phenotype	CL:0002141
adaxial cell	cell_phenotype	CL:0007016
adepithelial cell	cell_phenotype	CL:0000462
adipocyte	cell_phenotype	CL:0000136
adipocyte of breast	cell_phenotype	CL:0002617
adipocyte of epicardial fat	cell_phenotype	CL:1000309
adipocyte of epicardial fat of left ventricle	cell_phenotype	CL:1000311
adipocyte of epicardial fat of right ventricle	cell_phenotype	CL:1000310
adipocyte of omentum tissue	cell_phenotype	CL:0002615
adipose cell	cell_phenotype	CL:0000136
adipose dendritic cell	cell_phenotype	CL:0002462
adipose macrophage	cell_phenotype	CL:0002477
adipose microvascular endothelial cell	cell_phenotype	CL:2000072
adrenal chromaffin cell	cell_phenotype	CL:1000426
adrenal cortex cell	cell_phenotype	CL:0002097
adrenal cortex chromaffin cell	cell_phenotype	CL:1000427
adrenal gland glandular cell	cell_phenotype	CL:1001601
adrenal medulla chromaffin cell	cell_phenotype	CL:0000336
adrenal secreting cell of the adrenal medulla	cell_phenotype	CL:0002082
adrenaline secreting cell	cell_phenotype	CL:0000454
adrenergic chromaffin cell	cell_phenotype	CL:0002082
adrenergic neuron	cell_phenotype	CL:0000109
adrenocortical cell	cell_phenotype	CL:0002097
adrenocorticotrophic hormone secreting cell	cell_phenotype	CL:0000467
adrenocorticotropic hormone secreting cell	cell_phenotype	CL:0000467
adult endothelial progenitor cell	cell_phenotype	CL:0002619
adult skeletal muscle myoblast	cell_phenotype	CL:0008017
adventitial cell	cell_phenotype	CL:0002503
adventitial fibroblast	cell_phenotype	CL:4052030
adventitial reticular cell	cell_phenotype	CL:0000669
afferent neuron	cell_phenotype	CL:0000526
agranular leukocyte	cell_phenotype	CL:0002087
airway basal cell	cell_phenotype	CL:0002633
airway basal stem cell	cell_phenotype	CL:0002633
airway epithelial cell	cell_phenotype	CL:0002368
airway submucosal gland collecting duct epithelial cell	cell_phenotype	CL:4033023
airway submucosal gland duct basal cell	cell_phenotype	CL:4033024
airway submucosal gland duct ciliated cell	cell_phenotype	CL:4033055
airway submucosal gland duct multiciliated cell	cell_phenotype	CL:4033055
alarm substance cell	cell_phenotype	CL:0007021
alarm substance secreting cell	cell_phenotype	CL:0007021
alkali secreting cell	cell_phenotype	CL:0000435
alpha cell	cell_phenotype	CL:0004117
alpha cell of islet of Langerhans	cell_phenotype	CL:0000171
alpha motoneuron	cell_phenotype	CL:0008038
alpha motor neuron	cell_phenotype	CL:0008038
alpha-beta T cell	cell_phenotype	CL:0000789
alpha-beta T lymphocyte	cell_phenotype	CL:0000789
alpha-beta T-cell	cell_phenotype	CL:0000789
alpha-beta T-lymphocyte	cell_phenotype	CL:0000789
alpha-beta intraepithelial T cell	cell_phenotype	CL:0000797
alpha-beta intraepithelial T lymphocyte	cell_phenotype	CL:0000797
alpha-beta intraepithelial T-cell	cell_phenotype	CL:0000797
alpha-beta intraepithelial T-lymphocyte	cell_phenotype	CL:0000797
alpha1-tanycyte	cell_phenotype	CL:4042017
alpha2-tanycyte	cell_phenotype	CL:4042018
alpha7 GABAergic cortical interneuron (Mmus)	cell_phenotype	CL:4023010
alternatively activated macrophage	cell_phenotype	CL:0000890
alveolar adventitial fibroblast	cell_phenotype	CL:4028006
alveolar capillary type 1 endothelial cell	cell_phenotype	CL:4028002
alveolar capillary type 2 endothelial cell	cell_phenotype	CL:4028003
alveolar epithelial cell	cell_phenotype	CL:0000322
alveolar macrophage	cell_phenotype	CL:0000583
alveolar macrophage CCL3-positive	cell_phenotype	CL:4033041
alveolar macrophage MT-positive	cell_phenotype	CL:4033042
alveolar macrophage metallothionein-positive	cell_phenotype	CL:4033042
alveolar type 1 fibroblast cell	cell_phenotype	CL:4028004
alveolar type 2 fibroblast cell	cell_phenotype	CL:4028006
alveolus of lung epithelial cell	cell_phenotype	CL:0000322
amacrine cell	cell_phenotype	CL:0000561
amacrine cell, GABAergic	cell_phenotype	CL:4030027
amacrine cell, glycinergic	cell_phenotype	CL:4030028
amacrine neuron	cell_phenotype	CL:0000561
amelanotic melanocyte	cell_phenotype	CL:0002567
amelanotic melanophore	cell_phenotype	CL:0002567
ameloblast	cell_phenotype	CL:0000059
amelocyte	cell_phenotype	CL:0000059
amine precursor uptake and decarboxylation cell	cell_phenotype	CL:0000568
amniocyte	cell_phenotype	CL:0002323
amnion mesenchymal stem cell	cell_phenotype	CL:0002537
amnioserosal cell	cell_phenotype	CL:0000350
amniotic epithelial cell	cell_phenotype	CL:0002536
amniotic epithelial stem cell	cell_phenotype	CL:0002640
amniotic membrane stem cell	cell_phenotype	CL:0002537
amniotic stem cell	cell_phenotype	CL:0002639
amoeboid cell	cell_phenotype	CL:0000732
amoeboid sperm cell	cell_phenotype	CL:0011015
amygdala excitatory neuron	cell_phenotype	CL:4023039
amygdala pyramidal neuron	cell_phenotype	CL:4023110
anal canal stratified squamous epithelial cell	cell_phenotype	CL:0009066
anchoring trophoblast	cell_phenotype	CL:0002219
androgen binding protein secreting cell	cell_phenotype	CL:0000511
androgen secreting cell	cell_phenotype	CL:0000593
angioblast	cell_phenotype	CL:0000566
angioblastic mesenchymal cell	cell_phenotype	CL:0000566
angiogenic pericyte	cell_phenotype	CL:4047012
animal stem cell	cell_phenotype	CL:0000034
animal zygote	cell_phenotype	CL:0000365
annulus pulposus cell	cell_phenotype	CL:0002602
anorectum enterocyte	cell_phenotype	CL:0009058
anorectum enteroendocrine cell	cell_phenotype	CL:0009063
anorectum goblet cell	cell_phenotype	CL:0009057
anorectum intestinal crypt stem cell	cell_phenotype	CL:0009061
anorectum macrophage	cell_phenotype	CL:0009048
anorectum paneth cell	cell_phenotype	CL:0009055
anorectum smooth muscle cell	cell_phenotype	CL:0009052
anorectum transit amplifying cell	cell_phenotype	CL:0009056
anorectum tuft cell	cell_phenotype	CL:0009065
anterior cone cell (sensu Endopterygota)	cell_phenotype	CL:0000720
anterior horn cell	cell_phenotype	CL:2000048
anterior horn motor neuron	cell_phenotype	CL:2000048
anterior lateral line ganglion neuron	cell_phenotype	CL:0008021
anterior lateral line nerve glial cell	cell_phenotype	CL:1000239
anterior lateral line neuromast hair cell	cell_phenotype	CL:2000034
anterior lateral line neuromast mantle cell	cell_phenotype	CL:2000035
anterior lateral line neuromast support cell	cell_phenotype	CL:2000036
anterior lateral line neuromast supporting cell	cell_phenotype	CL:2000036
anterior lens cell	cell_phenotype	CL:0002223
anterior visceral endoderm cell	cell_phenotype	CL:2000075
antibody secreting cell	cell_phenotype	CL:0000946
anucleate cell	cell_phenotype	CL:0000225
anucleate thrombocyte	cell_phenotype	CL:0000233
anulus pulposus cell	cell_phenotype	CL:0002602
aortic endothelial cell	cell_phenotype	CL:0002544
aortic smooth muscle cell	cell_phenotype	CL:0002539
apocrine cell	cell_phenotype	CL:0000033
apoptosis fated cell	cell_phenotype	CL:0000445
appendix B cell	cell_phenotype	CL:0009032
appendix T cell	cell_phenotype	CL:0009031
appendix dendritic cell	cell_phenotype	CL:0009034
appendix enterocyte	cell_phenotype	CL:0009026
appendix enteroendocrine cell	cell_phenotype	CL:0009030
appendix glandular cell	cell_phenotype	CL:1001585
appendix goblet cell	cell_phenotype	CL:1000327
appendix intestinal crypt stem cell	cell_phenotype	CL:0009028
appendix macrophage	cell_phenotype	CL:0009036
appendix mesothelial cell	cell_phenotype	CL:0009029
appendix plasma cell	cell_phenotype	CL:0009033
appendix transit amplifying cell	cell_phenotype	CL:0009027
appendix tuft cell	cell_phenotype	CL:0009020
arachnoid barrier cell	cell_phenotype	CL:4023097
arachnoid cap cell	cell_phenotype	CL:0002379
arcade cell	cell_phenotype	CL:0000418
arcuate artery cell	cell_phenotype	CL:1001135
arcuate artery endothelial cell	cell_phenotype	CL:1001213
arcuate artery smooth muscle cell	cell_phenotype	CL:1001214
arcuate nucleus of hypothalamus KNDy neuron	cell_phenotype	CL:4023127
arcuate vein cell	cell_phenotype	CL:1001142
arcuate vein endothelial cell	cell_phenotype	CL:1001220
arcuate vein smooth muscle cell	cell_phenotype	CL:1001221
argentaffin cell	cell_phenotype	CL:0000577
arterial endothelial cell	cell_phenotype	CL:1000413
arthroconidium	cell_phenotype	CL:0002387
articular chondrocyte	cell_phenotype	CL:1001607
articular chondrocyte of knee joint	cell_phenotype	CL:2000007
ascospore	cell_phenotype	CL:0000607
astrocyte	cell_phenotype	CL:0000127
astrocyte of the cerebellum	cell_phenotype	CL:0002603
astrocyte of the cerebral cortex	cell_phenotype	CL:0002605
astrocyte of the forebrain	cell_phenotype	CL:0012000
astrocyte of the hippocampal formation	cell_phenotype	CL:0002604
astrocyte of the hippocampus	cell_phenotype	CL:0002604
astrocyte of the spinal cord	cell_phenotype	CL:0002606
astrocyte-restricted precursor	cell_phenotype	CL:4042022
astrocytic glia	cell_phenotype	CL:0000127
asymmetric bistratified amacrine cell	cell_phenotype	CL:0004238
atretic follicular cell of ovary	cell_phenotype	CL:4033089
atretic granulosa cell	cell_phenotype	CL:4033090
atretic theca cell	cell_phenotype	CL:4052027
atrial cardiac muscle cell	cell_phenotype	CL:0002129
atrial myocyte	cell_phenotype	CL:0002129
atrioventricular bundle cell	cell_phenotype	CL:0010005
atrioventricular node cell	cell_phenotype	CL:1000410
atrioventricular node myocyte	cell_phenotype	CL:1000410
attachment cell	cell_phenotype	CL:0000386
auditory epithelial cell	cell_phenotype	CL:0002491
auditory epithelial support cell	cell_phenotype	CL:0005014
auditory epithelial supporting cell	cell_phenotype	CL:0005014
auditory hair cell	cell_phenotype	CL:0000202
autonomic neuron	cell_phenotype	CL:0000107
axial mesodermal cell	cell_phenotype	CL:0007006
bacterial spore	cell_phenotype	CL:0000563
bag1 fiber	cell_phenotype	CL:4023005
bag2 fiber	cell_phenotype	CL:4023006
band form basophil	cell_phenotype	CL:0000770
band form eosinophil	cell_phenotype	CL:0000774
band form neutrophil	cell_phenotype	CL:0000560
barrier cell	cell_phenotype	CL:0000215
basal cell	cell_phenotype	CL:0000646
basal cell of acinus of lactiferous gland	cell_phenotype	CL:1000468
basal cell of alveolus of lactiferous gland	cell_phenotype	CL:1000418
basal cell of bronchus	cell_phenotype	CL:1000349
basal cell of epidermis	cell_phenotype	CL:0002187
basal cell of epithelium of bronchus	cell_phenotype	CL:1000349
basal cell of epithelium of lobular bronchiole	cell_phenotype	CL:1000352
basal cell of epithelium of respiratory bronchiole	cell_phenotype	CL:1000351
basal cell of epithelium of terminal bronchiole	cell_phenotype	CL:1000350
basal cell of epithelium of trachea	cell_phenotype	CL:1000348
basal cell of esophageal epithelium	cell_phenotype	CL:1000447
basal cell of olfactory epithelium	cell_phenotype	CL:0002169
basal cell of prostate epithelium	cell_phenotype	CL:0002341
basal cell of prostatic acinus	cell_phenotype	CL:0002234
basal cell of urothelium	cell_phenotype	CL:1000486
basal epithelial cell of bronchioalveolar duct junction	cell_phenotype	CL:0002638
basal epithelial cell of prostatic acinus	cell_phenotype	CL:0002234
basal epithelial cell of prostatic duct	cell_phenotype	CL:0002236
basal epithelial cell of tracheobronchial tree	cell_phenotype	CL:0002329
basal external epithelial cell of tympanic membrane	cell_phenotype	CL:0002160
basal proper cell of olfactory epithelium	cell_phenotype	CL:0002184
basal-myoepithelial cell of mammary gland	cell_phenotype	CL:0002324
basidiospore	cell_phenotype	CL:0000615
basket cell	cell_phenotype	CL:0000118
basket epithelial cell	cell_phenotype	CL:0000185
basophil	cell_phenotype	CL:0000767
basophil cell of anterior lobe of hypophysis	cell_phenotype	CL:0000639
basophil cell of pars distalis of adenohypophysis	cell_phenotype	CL:0000639
basophil mast progenitor cell	cell_phenotype	CL:0002028
basophil progenitor cell	cell_phenotype	CL:0000613
basophilic erythroblast	cell_phenotype	CL:0000549
basophilic leucocyte	cell_phenotype	CL:0000767
basophilic leukocyte	cell_phenotype	CL:0000767
basophilic metamyelocyte	cell_phenotype	CL:0000769
basophilic myeloblast	cell_phenotype	CL:0000829
basophilic myelocyte	cell_phenotype	CL:0000614
basophilic normoblast	cell_phenotype	CL:0000549
basophilic promyelocyte	cell_phenotype	CL:0000830
beige adipocyte	cell_phenotype	CL:0001070
beige brown adipocyte	cell_phenotype	CL:0001070
beige fat cell	cell_phenotype	CL:0001070
beige/brite adipocyte	cell_phenotype	CL:0001070
beta cell of pancreatic islet	cell_phenotype	CL:0000169
beta motor neuron	cell_phenotype	CL:4023000
beta-basophil	cell_phenotype	CL:0000476
beta1-tanycyte	cell_phenotype	CL:4042019
beta2-tanycyte	cell_phenotype	CL:4042020
binucleate cell	cell_phenotype	CL:0000227
biogenic amine secreting cell	cell_phenotype	CL:0000457
bipolar neuron	cell_phenotype	CL:0000103
bistratified cell	cell_phenotype	CL:0004247
bistratified retinal amacrine cell	cell_phenotype	CL:0004250
bistratified retinal ganglion cell	cell_phenotype	CL:0003001
bitufted neuron	cell_phenotype	CL:4023077
bladder cell	cell_phenotype	CL:1001319
bladder microvascular endothelial cell	cell_phenotype	CL:2000040
bladder urothelial cell	cell_phenotype	CL:1001428
blast cell	cell_phenotype	CL:0000055
blastema cell	cell_phenotype	CL:0000354
blastema cell of olfactory epithelium	cell_phenotype	CL:0002171
blastemal cell	cell_phenotype	CL:0000354
blastoconidium	cell_phenotype	CL:0002385
blastoderm cell	cell_phenotype	CL:0000353
blastomere	cell_phenotype	CL:0000353
blood cell	cell_phenotype	CL:0000081
blood cell (sensu Nematoda and Protostomia)	cell_phenotype	CL:0000390
blood forming stem cell	cell_phenotype	CL:0000037
blood lymphocyte	cell_phenotype	CL:4030029
blood platelet	cell_phenotype	CL:0000233
blood vessel endothelial cell	cell_phenotype	CL:0000071
blood vessel smooth muscle cell	cell_phenotype	CL:0019018
blue sensitive photoreceptor cell	cell_phenotype	CL:0000495
bombesin stimulating hormone secreting cell	cell_phenotype	CL:0000483
bone cell	cell_phenotype	CL:0001035
bone marrow cell	cell_phenotype	CL:0002092
bone marrow hematopoietic cell	cell_phenotype	CL:1001610
bone marrow macrophage	cell_phenotype	CL:0002476
bone marrow mononuclear cell	cell_phenotype	CL:0010004
bone marrow stromal cell	cell_phenotype	CL:0010001
bone matrix secreting cell	cell_phenotype	CL:0000054
border associated macrophage	cell_phenotype	CL:4042003
border cell of cochlea	cell_phenotype	CL:0002168
border follicle cell	cell_phenotype	CL:0000579
bottle cell	cell_phenotype	CL:0007020
boundary cell	cell_phenotype	CL:0000213
bouton vestibular afferent neuron	cell_phenotype	CL:4023113
brain macroglial cell	cell_phenotype	CL:2000005
brain microvascular endothelial cell	cell_phenotype	CL:2000044
brain pericyte	cell_phenotype	CL:2000043
brain vascular cell	cell_phenotype	CL:4023072
brain-resident macrophage	cell_phenotype	CL:0000129
brainstem motor neuron	cell_phenotype	CL:2000047
branched duct epithelial cell	cell_phenotype	CL:0000069
branchi motor neuron	cell_phenotype	CL:0005023
branchiomotor neuron	cell_phenotype	CL:0005023
breast adipocyte	cell_phenotype	CL:0002617
breast epithelial cell	cell_phenotype	CL:0002327
breast fibroblast	cell_phenotype	CL:4006000
brite adipocyte	cell_phenotype	CL:0001070
brite cell	cell_phenotype	CL:0001070
brite fat cell	cell_phenotype	CL:0001070
broad diffuse amacrine cell	cell_phenotype	CL:0004228
bronchial epithelial cell	cell_phenotype	CL:0002328
bronchial gland mucous cell	cell_phenotype	CL:4033022
bronchial goblet cell	cell_phenotype	CL:1000312
bronchial smooth muscle cell	cell_phenotype	CL:0002598
bronchioalveolar stem cell	cell_phenotype	CL:0002638
bronchiolar Kulchitsky cell	cell_phenotype	CL:0002066
bronchiolar smooth muscle cell	cell_phenotype	CL:4033017
bronchus fibroblast of lung	cell_phenotype	CL:2000093
brown adipocyte	cell_phenotype	CL:0000449
brown adipose cell	cell_phenotype	CL:0000449
brown fat cell	cell_phenotype	CL:0000449
brown preadipocyte	cell_phenotype	CL:0002335
brush border cell of the proximal tubule	cell_phenotype	CL:0002307
brush border epithelial cell	cell_phenotype	CL:0000239
brush cell	cell_phenotype	CL:0002204
brush cell of bronchus	cell_phenotype	CL:0002208
brush cell of epithelium of lobar bronchus	cell_phenotype	CL:4033007
brush cell of epithelium of small intestine	cell_phenotype	CL:0009080
brush cell of epithelium proper of large intestine	cell_phenotype	CL:0002203
brush cell of epithelium proper of small intestine	cell_phenotype	CL:0009080
brush cell of large intestine	cell_phenotype	CL:0002203
brush cell of lobular bronchiole	cell_phenotype	CL:0002205
brush cell of small intestine	cell_phenotype	CL:0009080
brush cell of terminal bronchiole	cell_phenotype	CL:0002206
brush cell of trachea	cell_phenotype	CL:0002207
brush cell of tracheobronchial tree	cell_phenotype	CL:0002075
buccal mucosa cell	cell_phenotype	CL:0002336
bulge keratinocyte	cell_phenotype	CL:0002337
burr cell	cell_phenotype	CL:0002155
burst-firing layer 5 neuron	cell_phenotype	CL:4023041
bushy cell	cell_phenotype	CL:4023162
c- Kit-positive erythroid progenitor cell	cell_phenotype	CL:0002000
cDC	cell_phenotype	CL:0000990
cTEC	cell_phenotype	CL:0002364
calcitonin secreting cell	cell_phenotype	CL:0000443
calvarial osteoblast	cell_phenotype	CL:2000058
calyx vestibular afferent neuron	cell_phenotype	CL:4023114
camera type eye photoreceptor cell	cell_phenotype	CL:0010009
camera-type eye photoreceptor cell	cell_phenotype	CL:0010009
candelabrum cell	cell_phenotype	CL:4042030
candelabrum interneuron	cell_phenotype	CL:4042030
canopy lamp5 GABAergic cortical interneuron (Mmus)	cell_phenotype	CL:4023022
cap cell	cell_phenotype	CL:0000676
capillary endothelial cell	cell_phenotype	CL:0002144
carbohydrate secreting cell	cell_phenotype	CL:0000447
cardiac atrium fibroblast	cell_phenotype	CL:2000067
cardiac blood vessel endothelial cell	cell_phenotype	CL:0010006
cardiac endothelial cell	cell_phenotype	CL:0010008
cardiac fibroblast	cell_phenotype	CL:0002548
cardiac glial cell	cell_phenotype	CL:0010020
cardiac mesenchymal cell	cell_phenotype	CL:0000569
cardiac muscle cell	cell_phenotype	CL:0000746
cardiac muscle cell (sensu Arthopoda)	cell_phenotype	CL:0000193
cardiac muscle fiber	cell_phenotype	CL:0000746
cardiac muscle myoblast	cell_phenotype	CL:0000513
cardiac muscle progenitor cell	cell_phenotype	CL:0000513
cardiac myoblast	cell_phenotype	CL:0010021
cardiac myocyte	cell_phenotype	CL:0000746
cardiac neural crest cell	cell_phenotype	CL:2000073
cardiac neuron	cell_phenotype	CL:0010022
cardiac pacemaker cell	cell_phenotype	CL:0002072
cardiac pacemaker cell of sinoatrial node	cell_phenotype	CL:1000477
cardiac pacemaker cell of sinuatrial node	cell_phenotype	CL:1000477
cardiac septum cell	cell_phenotype	CL:2000022
cardiac valve cell	cell_phenotype	CL:1000147
cardiac valve interstitial cell	cell_phenotype	CL:4030032
cardiac ventricle fibroblast	cell_phenotype	CL:2000066
cardioblast	cell_phenotype	CL:0002664
cardioblast (sensu Arthropoda)	cell_phenotype	CL:0000465
cardiocyte	cell_phenotype	CL:0002494
cardiomyocyte	cell_phenotype	CL:0000746
cardiomyocyte progenitor cell	cell_phenotype	CL:0000513
cardiovascular progenitor cell	cell_phenotype	CL:0002664
carotid body sustentacular cell	cell_phenotype	CL:0002256
cartilage cell	cell_phenotype	CL:0000138
cartwheel cell	cell_phenotype	CL:4023160
catecholaminergic neuron	cell_phenotype	CL:4033050
caudal ganglionic eminence derived GABAergic cortical interneuron	cell_phenotype	CL:4023064
caudal ganglionic eminence derived cortical interneuron	cell_phenotype	CL:4023064
caudal ganglionic eminence derived neuron	cell_phenotype	CL:4042039
caveolated cell	cell_phenotype	CL:0002204
cell	cell_phenotype	CL:0000000
cell in vitro	cell_phenotype	CL:0001034
cell of Claudius	cell_phenotype	CL:0000634
cell of Hensen	cell_phenotype	CL:0000633
cell of Rouget	cell_phenotype	CL:0000669
cell of epidermis	cell_phenotype	CL:0000362
cell of skeletal muscle	cell_phenotype	CL:0000188
cell of surface ectoderm	cell_phenotype	CL:0000114
cementoblast	cell_phenotype	CL:0000061
cementocyte	cell_phenotype	CL:0000141
cementum secreting cell	cell_phenotype	CL:0000061
central CD4-positive, alpha-beta memory T cell	cell_phenotype	CL:0000904
central CD4-positive, alpha-beta memory T lymphocyte	cell_phenotype	CL:0000904
central CD4-positive, alpha-beta memory T-cell	cell_phenotype	CL:0000904
central CD4-positive, alpha-beta memory T-lymphocyte	cell_phenotype	CL:0000904
central CD8-positive, alpha-beta memory T cell	cell_phenotype	CL:0000907
central CD8-positive, alpha-beta memory T lymphocyte	cell_phenotype	CL:0000907
central CD8-positive, alpha-beta memory T-cell	cell_phenotype	CL:0000907
central CD8-positive, alpha-beta memory T-lymphocyte	cell_phenotype	CL:0000907
central memory CD4-positive, alpha-beta T cell	cell_phenotype	CL:0000904
central memory CD4-positive, alpha-beta T lymphocyte	cell_phenotype	CL:0000904
central memory CD4-positive, alpha-beta T-cell	cell_phenotype	CL:0000904
central memory CD4-positive, alpha-beta T-lymphocyte	cell_phenotype	CL:0000904
central memory CD8-positive, alpha-beta T cell	cell_phenotype	CL:0000907
central memory CD8-positive, alpha-beta T lymphocyte	cell_phenotype	CL:0000907
central memory CD8-positive, alpha-beta T-cell	cell_phenotype	CL:0000907
central memory CD8-positive, alpha-beta T-lymphocyte	cell_phenotype	CL:0000907
central nervous system macrophage	cell_phenotype	CL:0000878
central nervous system neuron	cell_phenotype	CL:2000029
central nervous system pericyte	cell_phenotype	CL:0002575
central venous hepatic sinusoidal endothelial cell	cell_phenotype	CL:0019022
centrilobular hepatocyte	cell_phenotype	CL:0019029
centrilobular region hepatocyte	cell_phenotype	CL:0019029
centripetal follicle cell	cell_phenotype	CL:0000671
centripetally migrating follicle cell	cell_phenotype	CL:0000671
centroacinar cell of Langerhans	cell_phenotype	CL:0002080
centroblast	cell_phenotype	CL:0009112
centrocyte	cell_phenotype	CL:0009111
cerebellar Golgi cell	cell_phenotype	CL:0000119
cerebellar Golgi neuron	cell_phenotype	CL:0000119
cerebellar Purkinje cell	cell_phenotype	CL:0000121
cerebellar granule cell	cell_phenotype	CL:0001031
cerebellar granule cell precursor	cell_phenotype	CL:0002362
cerebellar inhibitory GABAergic interneuron	cell_phenotype	CL:4023057
cerebellar neuron	cell_phenotype	CL:1001611
cerebellar stellate cell	cell_phenotype	CL:0010010
cerebellum Golgi cell	cell_phenotype	CL:0000119
cerebellum basket cell	cell_phenotype	CL:2000027
cerebellum glutamatergic neuron	cell_phenotype	CL:2000028
cerebral cortex GABAergic interneuron	cell_phenotype	CL:0010011
cerebral cortex endothelial cell	cell_phenotype	CL:1001602
cerebral cortex glial cell	cell_phenotype	CL:1001579
cerebral cortex interneuron	cell_phenotype	CL:0008031
cerebral cortex neuron	cell_phenotype	CL:0010012
cerebral cortex pyramidal neuron	cell_phenotype	CL:4023111
cerebrospinal fluid secreting cell	cell_phenotype	CL:0000686
cervical canal epithelial cell	cell_phenotype	CL:0002535
cervical canal of uterus epithelial cell	cell_phenotype	CL:0002535
cervix epithelial cell	cell_phenotype	CL:0002535
cervix of uterus epithelial cell	cell_phenotype	CL:0002535
chalice cell	cell_phenotype	CL:0000160
chandelier cell	cell_phenotype	CL:4023083
chandelier pvalb GABAergic cortical interneuron	cell_phenotype	CL:4023036
chemoreceptor cell	cell_phenotype	CL:0000206
chief cell of parathyroid gland	cell_phenotype	CL:0000446
chief cell of stomach	cell_phenotype	CL:0000155
chlamydospore	cell_phenotype	CL:0000726
cholangiocyte	cell_phenotype	CL:1000488
cholecystokin stimulating hormone secreting cell	cell_phenotype	CL:0000481
cholinergic neuron	cell_phenotype	CL:0000108
chondroblast	cell_phenotype	CL:0000058
chondrocyte	cell_phenotype	CL:0000138
chondrocyte of tracheobronchial tree	cell_phenotype	CL:0019002
chondroplast	cell_phenotype	CL:0000566
chordablast	cell_phenotype	CL:0007008
chordamesodermal cell	cell_phenotype	CL:0007006
chordoblast	cell_phenotype	CL:0007008
chorionic girdle cell	cell_phenotype	CL:4040001
chorionic membrane mesenchymal stem cell	cell_phenotype	CL:0002541
chorionic trophoblast cell	cell_phenotype	CL:0011101
choroid epiplexus macrophage	cell_phenotype	CL:4042004
choroid plexus capillary endothelial cell	cell_phenotype	CL:4052017
choroid plexus epithelial cell	cell_phenotype	CL:0000706
choroid plexus macrophage	cell_phenotype	CL:0000880
choroidal cell of the eye	cell_phenotype	CL:0000348
choroidal melanocyte	cell_phenotype	CL:4030000
chromaffin cell	cell_phenotype	CL:0000166
chromaffin cell of adrenal cortex	cell_phenotype	CL:1000427
chromaffin cell of adrenal gland	cell_phenotype	CL:1000426
chromaffin cell of left ovary	cell_phenotype	CL:1000467
chromaffin cell of ovary	cell_phenotype	CL:1000465
chromaffin cell of para-aortic body	cell_phenotype	CL:1000424
chromaffin cell of paraaortic body	cell_phenotype	CL:1000424
chromaffin cell of paraganglion	cell_phenotype	CL:1000425
chromaffin cell of right ovary	cell_phenotype	CL:1000466
chromatocyte	cell_phenotype	CL:0000147
chromatophore	cell_phenotype	CL:0000147
chromophil cell of anterior pituitary gland	cell_phenotype	CL:0000637
chromophobe cell	cell_phenotype	CL:0000641
chromophobic cell	cell_phenotype	CL:0000641
chrondoplast	cell_phenotype	CL:0000058
ciliary muscle cell	cell_phenotype	CL:1000443
ciliated cell	cell_phenotype	CL:0000064
ciliated cell of the endometrium	cell_phenotype	CL:4030040
ciliated cell of the respiratory tract	cell_phenotype	CL:4030034
ciliated columnar cell of tracheobronchial tree	cell_phenotype	CL:0002145
ciliated epithelial cell	cell_phenotype	CL:0000067
ciliated epithelial cell of esophagus	cell_phenotype	CL:3000000
ciliated epithelial cell of the bronchus	cell_phenotype	CL:0002332
ciliated olfactory receptor neuron	cell_phenotype	CL:0000847
ciliated olfactory sensory neuron	cell_phenotype	CL:0000847
ciliated sensory neuron	cell_phenotype	CL:0000847
circulating angiogenic cell	cell_phenotype	CL:0009088
circulating cell	cell_phenotype	CL:0000080
circulating endothelial cell	cell_phenotype	CL:0002342
class switched memory B cell	cell_phenotype	CL:0000972
class switched memory B lymphocyte	cell_phenotype	CL:0000972
class switched memory B-cell	cell_phenotype	CL:0000972
class switched memory B-lymphocyte	cell_phenotype	CL:0000972
classical NK T cell	cell_phenotype	CL:0000921
classical monocyte	cell_phenotype	CL:0000860
classically activated macrophage	cell_phenotype	CL:0000863
clear cell of eccrine sweat gland	cell_phenotype	CL:0002146
clear cell of thyroid gland	cell_phenotype	CL:0000570
clear chief cell of parathyroid cell	cell_phenotype	CL:0002147
clear chief cell of parathyroid gland	cell_phenotype	CL:0002147
club cell	cell_phenotype	CL:0000158
club cell (zebrafish)	cell_phenotype	CL:0007021
club cell of the urethra epithelium	cell_phenotype	CL:4032000
club-like cell of the prostatic urethra epithelium	cell_phenotype	CL:4032000
club-like cell of the urethral epithelium	cell_phenotype	CL:4032000
cnidoblast	cell_phenotype	CL:0011029
cnidocyte	cell_phenotype	CL:0011029
cochlea auditory hair cell	cell_phenotype	CL:4023120
cochlear hair cell	cell_phenotype	CL:4023120
cochlear inner hair cell	cell_phenotype	CL:0000589
cochlear outer hair cell	cell_phenotype	CL:0000601
coelomocyte	cell_phenotype	CL:0000421
cold sensing thermoreceptor cell	cell_phenotype	CL:0000587
collagen secreting cell	cell_phenotype	CL:0000667
collar cell	cell_phenotype	CL:0010016
colon D-cell	cell_phenotype	CL:0002265
colon endothelial cell	cell_phenotype	CL:1001572
colon enteroendocrine cell	cell_phenotype	CL:0009042
colon epithelial cell	cell_phenotype	CL:0011108
colon glandular cell	cell_phenotype	CL:1001588
colon goblet cell	cell_phenotype	CL:0009039
colon macrophage	cell_phenotype	CL:0009038
colon transit amplifying cell	cell_phenotype	CL:0009011
colon tuft cell	cell_phenotype	CL:0009041
colonic delta cell	cell_phenotype	CL:0002265
colonic epithelial cell	cell_phenotype	CL:0011108
colonocyte	cell_phenotype	CL:1000347
colony forming unit erythroid megakaryocyte	cell_phenotype	CL:0000050
colony forming unit granulocyte macrophage	cell_phenotype	CL:0000557
colony forming unit – Hill cell	cell_phenotype	CL:0009085
colony-forming unit-megakaryocyte	cell_phenotype	CL:0000553
columnar cell of endocervix	cell_phenotype	CL:0002152
columnar cell of the colon	cell_phenotype	CL:0002071
columnar chondrocyte	cell_phenotype	CL:0000744
columnar epitheliocyte of appendix	cell_phenotype	CL:1000405
columnar granulosa cell	cell_phenotype	CL:4033084
columnar neuron	cell_phenotype	CL:0000112
columnar/cuboidal epithelial cell	cell_phenotype	CL:0000075
commissural neuron	cell_phenotype	CL:0000678
committed double negative thymocyte (Homo sapiens)	cell_phenotype	CL:0009082
committed oligodendrocyte precursor	cell_phenotype	CL:4023059
common dendritic precursor	cell_phenotype	CL:0001029
common dendritic progenitor	cell_phenotype	CL:0001029
common lymphocyte precursor	cell_phenotype	CL:0000051
common lymphocyte progenitor	cell_phenotype	CL:0000051
common lymphoid precursor	cell_phenotype	CL:0000051
common lymphoid progenitor	cell_phenotype	CL:0000051
common myeloid precursor	cell_phenotype	CL:0000049
common myeloid precursor, CD34-positive	cell_phenotype	CL:0001059
common myeloid progenitor	cell_phenotype	CL:0000049
common myeloid progenitor, CD34-positive	cell_phenotype	CL:0001059
compound eye cone cell	cell_phenotype	CL:0000718
compound eye photoreceptor cell	cell_phenotype	CL:2000019
compound eye retinal cell	cell_phenotype	CL:0009001
cone retinal bipolar cell	cell_phenotype	CL:0000752
conidium	cell_phenotype	CL:0000599
conidium of conidiophore head	cell_phenotype	CL:0002383
conjunctiva goblet cell	cell_phenotype	CL:2000084
conjunctival epithelial cell	cell_phenotype	CL:1000432
connecting tubule A-IC	cell_phenotype	CL:4030020
connecting tubule B-IC	cell_phenotype	CL:4030021
connective tissue cell	cell_phenotype	CL:0002320
connective tissue type mast cell	cell_phenotype	CL:0000484
contractile cell	cell_phenotype	CL:0000183
conventional dendritic cell	cell_phenotype	CL:0000990
copper accumulating cell	cell_phenotype	CL:0000309
cord blood hematopoietic stem cell	cell_phenotype	CL:2000095
corneal endothelial cell	cell_phenotype	CL:0000132
corneal epithelial cell	cell_phenotype	CL:0000575
corneal fibroblast	cell_phenotype	CL:0002363
corneal keratocyte	cell_phenotype	CL:0002363
corneocyte	cell_phenotype	CL:0002153
corona radiata cell	cell_phenotype	CL:0000713
coronet cell	cell_phenotype	CL:0010015
corpus luteum cell	cell_phenotype	CL:0000175
cortical cell of adrenal gland	cell_phenotype	CL:0002097
cortical granule cell	cell_phenotype	CL:0001032
cortical immature neuron	cell_phenotype	CL:4042029
cortical interneuron	cell_phenotype	CL:0008031
cortical nephrogenic niche cell	cell_phenotype	CL:0009019
cortical nephrogenic zone cell	cell_phenotype	CL:0009019
cortical neuron	cell_phenotype	CL:0010012
cortical thymic epithelial cell	cell_phenotype	CL:0002364
corticomedullary thymic epithelial cell	cell_phenotype	CL:0009070
corticothalamic VAL/VM projecting glutamatergic neuron of the primary motor cortex	cell_phenotype	CL:4023055
corticothalamic-projecting glutamatergic cortical neuron	cell_phenotype	CL:4023013
corticotroph	cell_phenotype	CL:0002309
corticotrophin hormone secreting cell	cell_phenotype	CL:0000467
corticotropin hormone secreting cell	cell_phenotype	CL:0000467
corticotropin secreting cell	cell_phenotype	CL:0000467
cranial motoneuron	cell_phenotype	CL:0015000
cranial motor neuron	cell_phenotype	CL:0015000
cranial somatomotor neuron	cell_phenotype	CL:0008010
cranial visceromotor neuron	cell_phenotype	CL:0008013
crypt cell	cell_phenotype	CL:0000849
crypt olfactory receptor neuron	cell_phenotype	CL:0000849
crypt olfactory sensory neuron	cell_phenotype	CL:0000849
crypt sensory neuron	cell_phenotype	CL:0000849
crypt-bottom fibroblast	cell_phenotype	CL:4052008
crypt-top fibroblast	cell_phenotype	CL:4052009
crystal cell	cell_phenotype	CL:0000392
crystallin accumulating cell	cell_phenotype	CL:0000306
cuboidal epithelial granulosa cell	cell_phenotype	CL:4033084
cuboidal granulosa cell	cell_phenotype	CL:4033084
cuboidal type II cell	cell_phenotype	CL:0002063
cultured cell	cell_phenotype	CL:0000010
cumulus cell	cell_phenotype	CL:0000711
cuprophilic cell	cell_phenotype	CL:0000309
cutaneous/subcutaneous mechanoreceptor cell	cell_phenotype	CL:0002487
cuticle secreting cell	cell_phenotype	CL:0000658
cyanoblast	cell_phenotype	CL:0005005
cyanophore	cell_phenotype	CL:0000747
cycling B cell	cell_phenotype	CL:4033068
cycling CD4-positive, alpha-beta T cell	cell_phenotype	CL:4033075
cycling CD8-positive, alpha-beta T cell	cell_phenotype	CL:4033074
cycling T cell	cell_phenotype	CL:4033069
cycling alveolar macrophage	cell_phenotype	CL:4033077
cycling basal cell	cell_phenotype	CL:4033082
cycling dendritic cell	cell_phenotype	CL:4033070
cycling endothelial cell of lymphatic vessel	cell_phenotype	CL:4033079
cycling gamma-delta T cell	cell_phenotype	CL:4033072
cycling glial cell	cell_phenotype	CL:4047002
cycling macrophage	cell_phenotype	CL:4033076
cycling monocyte	cell_phenotype	CL:4033073
cycling mononuclear phagocyte	cell_phenotype	CL:4033078
cycling myeloid cell	cell_phenotype	CL:4033081
cycling natural killer cell	cell_phenotype	CL:4033071
cycling neuroblast (sensu Vertebrata)	cell_phenotype	CL:4047005
cycling plasma cell	cell_phenotype	CL:4047003
cycling pulmonary alveolar type 2 cell	cell_phenotype	CL:4033080
cycling stromal cell	cell_phenotype	CL:4047001
cycling type EC enteroendocrine cell	cell_phenotype	CL:4047004
cystic thymic epithelial cells	cell_phenotype	CL:0002295
cystoblast	cell_phenotype	CL:0000722
cytotoxic CD56-dim NK cell	cell_phenotype	CL:0000939
cytotoxic CD56-dim natural killer cell	cell_phenotype	CL:0000939
cytotoxic T cell	cell_phenotype	CL:0000910
cytotoxic T lymphocyte	cell_phenotype	CL:0000910
cytotoxic T-cell	cell_phenotype	CL:0000910
cytotoxic T-lymphocyte	cell_phenotype	CL:0000910
dACs	cell_phenotype	CL:4023119
dNK cell	cell_phenotype	CL:0002343
dSPN	cell_phenotype	CL:4023026
dark cell of eccrine sweat gland	cell_phenotype	CL:0002142
dark chief cell of parathyroid gland	cell_phenotype	CL:0002143
dark melanocyte	cell_phenotype	CL:0002566
dark pinealocyte	cell_phenotype	CL:0010014
dark thymic epithelial cell	cell_phenotype	CL:0002296
dark tongue cell	cell_phenotype	CL:0002289
decidua cell	cell_phenotype	CL:2000002
decidual NK cell	cell_phenotype	CL:0002343
decidual cell	cell_phenotype	CL:2000002
decidual natural killer cell, human	cell_phenotype	CL:0002343
decidual pericyte	cell_phenotype	CL:0008033
decidual perivascular cell	cell_phenotype	CL:0008033
decidual resident macrophage	cell_phenotype	CL:4033088
decidual stromal cell	cell_phenotype	CL:2000002
decidualized endometrial stromal cell	cell_phenotype	CL:2000002
defensive cell	cell_phenotype	CL:0000473
delta basophil	cell_phenotype	CL:0000437
delta cell of colon	cell_phenotype	CL:0002265
delta cell of islet	cell_phenotype	CL:0000173
delta cell of pancreatic islet	cell_phenotype	CL:0000173
delta cell of small intestine	cell_phenotype	CL:0002266
delta cell of stomach	cell_phenotype	CL:0002267
dendritic cell	cell_phenotype	CL:0000451
dendritic cell of appendix	cell_phenotype	CL:0009034
dendritic cell of appendix vermiformis	cell_phenotype	CL:0009034
dendritic cell of vermiform appendix	cell_phenotype	CL:0009034
dendritic cell, human	cell_phenotype	CL:0001056
dendritic epidermal T cell	cell_phenotype	CL:0000916
dendritic epidermal T lymphocyte	cell_phenotype	CL:0000916
dendritic epidermal T-cell	cell_phenotype	CL:0000916
dendritic epidermal T-lymphocyte	cell_phenotype	CL:0000916
dendritic reticular cell	cell_phenotype	CL:0000990
dense-core granulated cell of epithelium of trachea	cell_phenotype	CL:1000377
dental papilla cell	cell_phenotype	CL:0000345
dental pulp cell	cell_phenotype	CL:0002148
dental pulp stem cell	cell_phenotype	CL:4030035
dentate gyrus granule cell	cell_phenotype	CL:2000089
dentate gyrus kisspeptin neuron	cell_phenotype	CL:4023124
dentate gyrus neuron	cell_phenotype	CL:4023062
dentate gyrus of hippocampal formation basket cell	cell_phenotype	CL:2000087
dentate gyrus of hippocampal formation granule cell	cell_phenotype	CL:2000089
dentate gyrus of hippocampal formation stellate cell	cell_phenotype	CL:2000090
dermal chromatophore	cell_phenotype	CL:4040006
dermal dendritic cell	cell_phenotype	CL:0001006
dermal melanocyte	cell_phenotype	CL:0002482
dermal microvascular endothelial cell	cell_phenotype	CL:0011030
dermal microvascular endothelium cell	cell_phenotype	CL:0011030
dermis blood vessel endothelial cell	cell_phenotype	CL:2000010
dermis lymphatic vessel endothelial cell	cell_phenotype	CL:2000011
dermis microvascular lymphatic vessel endothelial cell	cell_phenotype	CL:2000041
deuterosomal cell	cell_phenotype	CL:4033044
differentiation-committed oligodendrocyte precursor	cell_phenotype	CL:4023059
diffuse bipolar 1 cell	cell_phenotype	CL:4033027
diffuse bipolar 2 cell	cell_phenotype	CL:4033028
diffuse bipolar 3a cell	cell_phenotype	CL:4033029
diffuse bipolar 3b cell	cell_phenotype	CL:4033030
diffuse bipolar 4 cell	cell_phenotype	CL:4033031
diffuse bipolar 5 cell	cell_phenotype	CL:4033085
diffuse bipolar 6 cell	cell_phenotype	CL:4033032
diffuse bistratified amacrine cell	cell_phenotype	CL:0004230
diffuse multistratified amacrine cell	cell_phenotype	CL:0004234
digestive enzyme secreting cell	cell_phenotype	CL:0000470
dikaryon	cell_phenotype	CL:0000603
diploid cell	cell_phenotype	CL:0000415
direct pathway medium spiny neuron	cell_phenotype	CL:4023026
displaced amacrine cell	cell_phenotype	CL:4023119
disseminated nephrocyte	cell_phenotype	CL:0002524
distal tip cell (sensu Nematoda)	cell_phenotype	CL:0000661
dn memory B cell	cell_phenotype	CL:0000981
dn memory B lymphocyte	cell_phenotype	CL:0000981
dn memory B-cell	cell_phenotype	CL:0000981
dn memory B-lymphocyte	cell_phenotype	CL:0000981
dopamanergic interplexiform cell	cell_phenotype	CL:0011105
dopamine 1 medium spiny neuron	cell_phenotype	CL:4023026
dopamine 2 medium spiny neuron	cell_phenotype	CL:4023029
dopaminergic cell	cell_phenotype	CL:0000700
dopaminergic neuron	cell_phenotype	CL:0000700
dorsal horn interneuron	cell_phenotype	CL:0011000
double bouquet cell	cell_phenotype	CL:4023159
double negative 1	cell_phenotype	CL:0000894
double negative 2	cell_phenotype	CL:0000806
double negative 3	cell_phenotype	CL:0000807
double negative 4	cell_phenotype	CL:0000808
double negative T cell	cell_phenotype	CL:0002489
double negative T regulatory cell	cell_phenotype	CL:0011024
double negative memory B cell	cell_phenotype	CL:0000981
double negative memory B lymphocyte	cell_phenotype	CL:0000981
double negative memory B-cell	cell_phenotype	CL:0000981
double negative memory B-lymphocyte	cell_phenotype	CL:0000981
double negative thymocyte	cell_phenotype	CL:0002489
double-negative alpha-beta regulatory T cell	cell_phenotype	CL:0011024
double-positive blast	cell_phenotype	CL:0002428
double-positive, alpha-beta immature T lymphocyte	cell_phenotype	CL:0000809
double-positive, alpha-beta thymocyte	cell_phenotype	CL:0000809
duct epithelial cell	cell_phenotype	CL:0000068
ductal epithelial cell of prostate	cell_phenotype	CL:0002232
duodenal goblet cell	cell_phenotype	CL:1000324
duodenum secretory cell	cell_phenotype	CL:1001589
dural macrophage	cell_phenotype	CL:4042006
dust cell	cell_phenotype	CL:0000583
dynamic beta motor neuron	cell_phenotype	CL:4023002
dynamic gamma motor neuron	cell_phenotype	CL:4023020
dynamic nuclear bag fiber	cell_phenotype	CL:4023005
ear hair cell	cell_phenotype	CL:0002374
ear receptor cell	cell_phenotype	CL:0002374
early T lineage precursor	cell_phenotype	CL:0002425
early colonocyte	cell_phenotype	CL:4047018
early embryonic cell (metazoa)	cell_phenotype	CL:0000007
early enterocyte	cell_phenotype	CL:4047019
early enterocyte of colon	cell_phenotype	CL:4047018
early erythroblast	cell_phenotype	CL:0000549
early lymphoid progenitor	cell_phenotype	CL:0000936
early normoblast	cell_phenotype	CL:0000549
early pro-B cell	cell_phenotype	CL:0002046
early promyelocyte	cell_phenotype	CL:0002154
early spermatid	cell_phenotype	CL:4030036
early theca cell	cell_phenotype	CL:4052010
eccentric medium spiny neuron	cell_phenotype	CL:4030057
eccentric spiny projection neuron	cell_phenotype	CL:4030057
eccrine cell	cell_phenotype	CL:0000434
ecdysteroid secreting cell	cell_phenotype	CL:0000176
echinocyte	cell_phenotype	CL:0002155
ecto-epithelial cell	cell_phenotype	CL:0002077
ecto-epithelial cell of viscerocranial mucosa	cell_phenotype	CL:0002283
ectocervical squamous cell	cell_phenotype	CL:0002244
ectoderm cell	cell_phenotype	CL:0000221
ectodermal cell	cell_phenotype	CL:0000221
effector B cell	cell_phenotype	CL:0000968
effector B lymphocyte	cell_phenotype	CL:0000968
effector B-cell	cell_phenotype	CL:0000968
effector B-lymphocyte	cell_phenotype	CL:0000968
effector CD4-positive, alpha-beta T cell	cell_phenotype	CL:0001044
effector CD4-positive, alpha-beta T lymphocyte	cell_phenotype	CL:0001044
effector CD4-positive, alpha-beta T-cell	cell_phenotype	CL:0001044
effector CD4-positive, alpha-beta T-lymphocyte	cell_phenotype	CL:0001044
effector CD4-positive, alpha-beta memory T cell	cell_phenotype	CL:0000905
effector CD4-positive, alpha-beta memory T lymphocyte	cell_phenotype	CL:0000905
effector CD4-positive, alpha-beta memory T-cell	cell_phenotype	CL:0000905
effector CD4-positive, alpha-beta memory T-lymphocyte	cell_phenotype	CL:0000905
effector CD8-positive, alpha-beta T cell	cell_phenotype	CL:0001050
effector CD8-positive, alpha-beta T lymphocyte	cell_phenotype	CL:0001050
effector CD8-positive, alpha-beta T-cell	cell_phenotype	CL:0001050
effector CD8-positive, alpha-beta T-lymphocyte	cell_phenotype	CL:0001050
effector CD8-positive, alpha-beta memory T cell	cell_phenotype	CL:0000913
effector CD8-positive, alpha-beta memory T lymphocyte	cell_phenotype	CL:0000913
effector CD8-positive, alpha-beta memory T-cell	cell_phenotype	CL:0000913
effector CD8-positive, alpha-beta memory T-lymphocyte	cell_phenotype	CL:0000913
effector T cell	cell_phenotype	CL:0000911
effector T lymphocyte	cell_phenotype	CL:0000911
effector T-cell	cell_phenotype	CL:0000911
effector T-lymphocyte	cell_phenotype	CL:0000911
effector memory CD4-positive, alpha-beta T cell	cell_phenotype	CL:0000905
effector memory CD4-positive, alpha-beta T cell, terminally differentiated	cell_phenotype	CL:0001087
effector memory CD4-positive, alpha-beta T lymphocyte	cell_phenotype	CL:0000905
effector memory CD4-positive, alpha-beta T-cell	cell_phenotype	CL:0000905
effector memory CD4-positive, alpha-beta T-lymphocyte	cell_phenotype	CL:0000905
effector memory CD45RA-positive, alpha-beta T cell, terminally differentiated	cell_phenotype	CL:4030002
effector memory CD8-positive, alpha-beta T cell	cell_phenotype	CL:0000913
effector memory CD8-positive, alpha-beta T cell, terminally differentiated	cell_phenotype	CL:0001062
effector memory CD8-positive, alpha-beta T lymphocyte	cell_phenotype	CL:0000913
effector memory CD8-positive, alpha-beta T-cell	cell_phenotype	CL:0000913
effector memory CD8-positive, alpha-beta T-lymphocyte	cell_phenotype	CL:0000913
efferent neuron	cell_phenotype	CL:0000527
egg cell	cell_phenotype	CL:0000025
eggshell secreting cell	cell_phenotype	CL:0000659
electrically active cell	cell_phenotype	CL:0000211
electrically responsive cell	cell_phenotype	CL:0000393
electrically signaling cell	cell_phenotype	CL:0000404
elicited macrophage	cell_phenotype	CL:0000861
elongated spermatid	cell_phenotype	CL:4030037
embryonic blood vessel endothelial progenitor cell	cell_phenotype	CL:0002546
embryonic cardiomyocyte	cell_phenotype	CL:0002495
embryonic cell (metazoa)	cell_phenotype	CL:0002321
embryonic crystal cell	cell_phenotype	CL:0000715
embryonic fibroblast	cell_phenotype	CL:2000042
embryonic hemocyte	cell_phenotype	CL:0011008
embryonic plasmatocyte	cell_phenotype	CL:0011009
embryonic skeletal muscle fiber	cell_phenotype	CL:0009097
embryonic stem cell	cell_phenotype	CL:0002322
enamel secreting cell	cell_phenotype	CL:0000059
endo-epithelial cell	cell_phenotype	CL:0002076
endo-epithelial cell of pharyngotympanic part of viscerocranial mucosa	cell_phenotype	CL:0002645
endo-epithelial cell of tympanic part of viscerocranial mucosa	cell_phenotype	CL:0002644
endocardial cell	cell_phenotype	CL:0002350
endocardial cushion cell	cell_phenotype	CL:0008022
endocardial endothelial cell	cell_phenotype	CL:0002350
endocrine cell	cell_phenotype	CL:0000163
endocrine gland capillary endothelial cell	cell_phenotype	CL:4052015
endocrine-paracrine cell of prostate gland	cell_phenotype	CL:0002313
endocrinocyte	cell_phenotype	CL:0000163
endoderm cell	cell_phenotype	CL:0000223
endodermal cell	cell_phenotype	CL:0000223
endometrial ciliated epithelial cell	cell_phenotype	CL:4030040
endometrial glandular epithelial cell	cell_phenotype	CL:0009084
endometrial microvascular endothelial cell	cell_phenotype	CL:2000091
endometrial multiciliated epithelial cell	cell_phenotype	CL:4030040
endometrial stromal cell	cell_phenotype	CL:0002255
endometrial stromal fibroblast	cell_phenotype	CL:0002255
endometrium ciliated epithelial cell	cell_phenotype	CL:4030040
endopolyploid cell	cell_phenotype	CL:0000417
endorphin secreting cell	cell_phenotype	CL:0000507
endospore	cell_phenotype	CL:0000563
endosteal cell	cell_phenotype	CL:0002157
endothelial cell	cell_phenotype	CL:0000115
endothelial cell of Peyer's patch	cell_phenotype	CL:1000411
endothelial cell of arteriole	cell_phenotype	CL:1000412
endothelial cell of arteriole of lymph node	cell_phenotype	CL:4033001
endothelial cell of artery	cell_phenotype	CL:1000413
endothelial cell of central vein of liver	cell_phenotype	CL:4033061
endothelial cell of coronary artery	cell_phenotype	CL:2000018
endothelial cell of efferent lymphatic vessel	cell_phenotype	CL:4033006
endothelial cell of endocardium	cell_phenotype	CL:0002350
endothelial cell of fetal artery	cell_phenotype	CL:4047006
endothelial cell of hepatic portal vein	cell_phenotype	CL:0009094
endothelial cell of hepatic sinusoid	cell_phenotype	CL:1000398
endothelial cell of high endothelial venule	cell_phenotype	CL:0002652
endothelial cell of lymphatic vessel	cell_phenotype	CL:0002138
endothelial cell of pericentral hepatic sinusoid	cell_phenotype	CL:0019022
endothelial cell of periportal hepatic sinusoid	cell_phenotype	CL:0019021
endothelial cell of placenta	cell_phenotype	CL:0009092
endothelial cell of respiratory system lymphatic vessel	cell_phenotype	CL:0009086
endothelial cell of sinusoid	cell_phenotype	CL:0002262
endothelial cell of umbilical vein	cell_phenotype	CL:0002618
endothelial cell of uterus	cell_phenotype	CL:0009095
endothelial cell of vascular tree	cell_phenotype	CL:0002139
endothelial cell of vein	cell_phenotype	CL:0002543
endothelial cell of venous sinus of red pulp of spleen	cell_phenotype	CL:1000397
endothelial cell of venous sinus of spleen	cell_phenotype	CL:0002651
endothelial cell of venule	cell_phenotype	CL:1000414
endothelial cell of venule of lymph node	cell_phenotype	CL:4033000
endothelial cell of viscerocranial mucosa	cell_phenotype	CL:0002261
endothelial colony forming cell	cell_phenotype	CL:0009090
endothelial stalk cell	cell_phenotype	CL:0002671
endothelial tip cell	cell_phenotype	CL:0000704
endotheliocyte	cell_phenotype	CL:0000115
endotheliocyte of hepatic sinusoid	cell_phenotype	CL:1000398
endovascular extravillous trophoblast cell	cell_phenotype	CL:4033063
enkephalin secreting cell	cell_phenotype	CL:0000506
enteric glial cell	cell_phenotype	CL:4040002
enteric neuron	cell_phenotype	CL:0007011
enteric smooth muscle cell	cell_phenotype	CL:0002504
enterochromaffin cell	cell_phenotype	CL:0000577
enterochromaffin-like cell	cell_phenotype	CL:0000504
enterocyte	cell_phenotype	CL:0000584
enterocyte of anorectum	cell_phenotype	CL:0009058
enterocyte of appendix	cell_phenotype	CL:0009026
enterocyte of appendix vermiformis	cell_phenotype	CL:0009026
enterocyte of colon	cell_phenotype	CL:1000347
enterocyte of epithelium of crypt of Lieberkuhn of small intestine	cell_phenotype	CL:1000338
enterocyte of epithelium of duodenal gland	cell_phenotype	CL:1000337
enterocyte of epithelium of intestinal villus	cell_phenotype	CL:1000335
enterocyte of epithelium of large intestine	cell_phenotype	CL:0002071
enterocyte of epithelium of small intestine	cell_phenotype	CL:1000334
enterocyte of epithelium proper of duodenum	cell_phenotype	CL:1000340
enterocyte of epithelium proper of ileum	cell_phenotype	CL:1000342
enterocyte of epithelium proper of jejunum	cell_phenotype	CL:1000341
enterocyte of epithelium proper of large intestine	cell_phenotype	CL:1000346
enterocyte of epithelium proper of small intestine	cell_phenotype	CL:1000339
enterocyte of vermiform appendix	cell_phenotype	CL:0009026
enteroendocrine cell	cell_phenotype	CL:0000164
enteroendocrine cell of anorectum	cell_phenotype	CL:0009063
enteroendocrine cell of appendix	cell_phenotype	CL:0009030
enteroendocrine cell of appendix vermiformis	cell_phenotype	CL:0009030
enteroendocrine cell of colon	cell_phenotype	CL:0009042
enteroendocrine cell of small intestine	cell_phenotype	CL:0009006
enteroendocrine cell of vermiform appendix	cell_phenotype	CL:0009030
enteroglial cell	cell_phenotype	CL:4040002
enucleate erythrocyte	cell_phenotype	CL:0000595
enucleate thrombocyte	cell_phenotype	CL:0000233
enucleated reticulocyte	cell_phenotype	CL:0002422
eosinocyte	cell_phenotype	CL:0000771
eosinophil	cell_phenotype	CL:0000771
eosinophil progenitor cell	cell_phenotype	CL:0000611
eosinophilic erythroblast	cell_phenotype	CL:0000552
eosinophilic granulocyte	cell_phenotype	CL:0000771
eosinophilic leucocyte	cell_phenotype	CL:0000771
eosinophilic leukocyte	cell_phenotype	CL:0000771
eosinophilic metamyelocyte	cell_phenotype	CL:0000773
eosinophilic myeloblast	cell_phenotype	CL:0000832
eosinophilic myelocyte	cell_phenotype	CL:0000612
eosinophilic promyelocyte	cell_phenotype	CL:0000833
ependymal astrocyte	cell_phenotype	CL:0000683
ependymal cell	cell_phenotype	CL:0000065
ependymoglial cell	cell_phenotype	CL:0000683
epiblast cell	cell_phenotype	CL:0000352
epicardial adipocyte	cell_phenotype	CL:1000309
epicardial adipocyte of left ventricle	cell_phenotype	CL:1000311
epicardial adipocyte of right ventricle	cell_phenotype	CL:1000310
epicardial fat cell	cell_phenotype	CL:1000309
epicardial fat cell of left ventricle	cell_phenotype	CL:1000311
epicardial fat cell of right ventricle	cell_phenotype	CL:1000310
epidermal Langerhans cell	cell_phenotype	CL:0002457
epidermal cell	cell_phenotype	CL:0000362
epidermal cell (sensu Arthropoda)	cell_phenotype	CL:0000463
epidermal ciliary cell	cell_phenotype	CL:0007018
epidermal melanocyte	cell_phenotype	CL:2000000
epidermal mucus secreting cell	cell_phenotype	CL:0007019
epidermal stem cell	cell_phenotype	CL:1000428
epidermoblast	cell_phenotype	CL:0000464
epididymis secretory cell	cell_phenotype	CL:1001590
epinephrin secreting cell	cell_phenotype	CL:0000454
epinephrine secreting cell	cell_phenotype	CL:0000454
epiniphrine secreting cell of the adrenal medulla	cell_phenotype	CL:0002082
epithelial cell	cell_phenotype	CL:0000066
epithelial cell of Bowman's capsule	cell_phenotype	CL:1000450
epithelial cell of Malassez	cell_phenotype	CL:0002166
epithelial cell of alimentary canal	cell_phenotype	CL:0002251
epithelial cell of alveolus of lung	cell_phenotype	CL:0000322
epithelial cell of amnion	cell_phenotype	CL:0002536
epithelial cell of anal column	cell_phenotype	CL:0002634
epithelial cell of appendix	cell_phenotype	CL:1000405
epithelial cell of bile duct	cell_phenotype	CL:1000488
epithelial cell of cervical canal	cell_phenotype	CL:0002535
epithelial cell of cervical canal of uterus	cell_phenotype	CL:0002535
epithelial cell of cervix	cell_phenotype	CL:0002535
epithelial cell of cervix of uterus	cell_phenotype	CL:0002535
epithelial cell of choroid plexus	cell_phenotype	CL:0000706
epithelial cell of conjunctiva	cell_phenotype	CL:1000432
epithelial cell of cornea	cell_phenotype	CL:0000575
epithelial cell of distal tubule	cell_phenotype	CL:0002305
epithelial cell of early distal convoluted tubule	cell_phenotype	CL:4030016
epithelial cell of endometrial gland	cell_phenotype	CL:0009084
epithelial cell of esophageal cardiac gland	cell_phenotype	CL:0002642
epithelial cell of esophageal gland proper	cell_phenotype	CL:0002641
epithelial cell of esophagus	cell_phenotype	CL:0002252
epithelial cell of exocrine pancreas	cell_phenotype	CL:1001433
epithelial cell of external acoustic meatus	cell_phenotype	CL:1000434
epithelial cell of gallbladder	cell_phenotype	CL:1000415
epithelial cell of gland of skin	cell_phenotype	CL:0002308
epithelial cell of glomerular capsule	cell_phenotype	CL:1000450
epithelial cell of intermediate tubule	cell_phenotype	CL:1000453
epithelial cell of lacrimal canaliculus	cell_phenotype	CL:1000433
epithelial cell of lacrimal drainage system	cell_phenotype	CL:1000435
epithelial cell of lacrimal sac	cell_phenotype	CL:1000436
epithelial cell of lactiferous gland	cell_phenotype	CL:0002325
epithelial cell of large intestine	cell_phenotype	CL:0002253
epithelial cell of late distal convoluted tubule	cell_phenotype	CL:4030017
epithelial cell of lower respiratory tract	cell_phenotype	CL:0002632
epithelial cell of lung	cell_phenotype	CL:0000082
epithelial cell of nasolacrimal duct	cell_phenotype	CL:1000437
epithelial cell of neck of uterus	cell_phenotype	CL:0002535
epithelial cell of nephron	cell_phenotype	CL:1000449
epithelial cell of pancreas	cell_phenotype	CL:0000083
epithelial cell of parathyroid gland	cell_phenotype	CL:0002260
epithelial cell of parietal layer of glomerular capsule	cell_phenotype	CL:1000452
epithelial cell of prostate	cell_phenotype	CL:0002231
epithelial cell of prostatic acinus	cell_phenotype	CL:0002233
epithelial cell of prostatic duct	cell_phenotype	CL:0002232
epithelial cell of prostatic urethra	cell_phenotype	CL:0017003
epithelial cell of proximal tubule	cell_phenotype	CL:0002306
epithelial cell of proximal tubule segment 1	cell_phenotype	CL:4030009
epithelial cell of proximal tubule segment 2	cell_phenotype	CL:4030010
epithelial cell of proximal tubule segment 3	cell_phenotype	CL:4030011
epithelial cell of renal collecting tubule	cell_phenotype	CL:1000454
epithelial cell of segment 1 of proximal tubule	cell_phenotype	CL:4030009
epithelial cell of segment 2 of proximal tubule	cell_phenotype	CL:4030010
epithelial cell of segment 3 of proximal tubule	cell_phenotype	CL:4030011
epithelial cell of skin gland	cell_phenotype	CL:0002308
epithelial cell of small intestine	cell_phenotype	CL:0002254
epithelial cell of stomach	cell_phenotype	CL:0002178
epithelial cell of stratum corneum of esophageal epithelium	cell_phenotype	CL:0002654
epithelial cell of stratum germinativum of esophagus	cell_phenotype	CL:1000447
epithelial cell of stratum spinosum of esophageal epithelium	cell_phenotype	CL:0002655
epithelial cell of sweat gland	cell_phenotype	CL:1000448
epithelial cell of the descending thin limb of the short loop of Henle	cell_phenotype	CL:4030012
epithelial cell of the inner medulla of the long descending limb of the loop of Henle	cell_phenotype	CL:4030014
epithelial cell of the outer medulla of the long descending limb of the loop of Henle	cell_phenotype	CL:4030013
epithelial cell of thymus	cell_phenotype	CL:0002293
epithelial cell of thymus gland	cell_phenotype	CL:0002293
epithelial cell of thyroid gland	cell_phenotype	CL:0002257
epithelial cell of tracheobronchial tree	cell_phenotype	CL:0002202
epithelial cell of umbilical artery	cell_phenotype	CL:0010002
epithelial cell of upper respiratory tract	cell_phenotype	CL:0002631
epithelial cell of urethra	cell_phenotype	CL:1000296
epithelial cell of uterine cervix	cell_phenotype	CL:0002535
epithelial cell of uterus	cell_phenotype	CL:0002149
epithelial cell of vermiform appendix	cell_phenotype	CL:1000405
epithelial cell of vesical trigone	cell_phenotype	CL:1000442
epithelial cell of viscerocranial mucosa	cell_phenotype	CL:1000441
epithelial cell of wall of inferior part of anal canal	cell_phenotype	CL:1000438
epithelial cell of zona glomerulosa of adrenal gland	cell_phenotype	CL:0002099
epithelial cell rests of Malassez	cell_phenotype	CL:0002166
epithelial debris of Malassez	cell_phenotype	CL:0002166
epithelial fate stem cell	cell_phenotype	CL:0000036
epithelial melanocyte	cell_phenotype	CL:0002484
epithelial mesenchymal cell	cell_phenotype	CL:0002078
epithelial reticular cell	cell_phenotype	CL:0002293
epithelial reticular cell of thymus	cell_phenotype	CL:0002293
epithelial stem cell	cell_phenotype	CL:0000036
epitheliocyte	cell_phenotype	CL:0000066
epithelioid histocyte	cell_phenotype	CL:0002150
epithelioid macrophage	cell_phenotype	CL:0002150
epitheloid macrophage	cell_phenotype	CL:0002150
epsilon-acidophil	cell_phenotype	CL:0002311
equatorial cone cell (sensu Endopterygota)	cell_phenotype	CL:0000721
equine chorionic girdle cell	cell_phenotype	CL:4040001
erythroblast	cell_phenotype	CL:0000765
erythrocyte	cell_phenotype	CL:0000232
erythroid lineage cell	cell_phenotype	CL:0000764
erythroid progenitor cell	cell_phenotype	CL:0000038
erythroid progenitor cell, mammalian	cell_phenotype	CL:0001066
erythrophore	cell_phenotype	CL:0000574
erythropoietic cell	cell_phenotype	CL:0000764
esophageal non-keratinized squamous epithelial cell	cell_phenotype	CL:0009096
esophageal nonkeratinized squamous epithelial cell	cell_phenotype	CL:0009096
esophagus non-keratinized squamous epithelial cell	cell_phenotype	CL:0009096
esophagus non-keratinizing squamous epithelial cell	cell_phenotype	CL:0009096
esophagus nonkeratinizing squamous epithelial cell	cell_phenotype	CL:0009096
estradiol secreting cell	cell_phenotype	CL:0000180
eukaryotic cell	cell_phenotype	CL:0000255
eurydendroid cell	cell_phenotype	CL:0000253
excretory cell	cell_phenotype	CL:0000424
exhausted T cell	cell_phenotype	CL:0011025
exocrine cell	cell_phenotype	CL:0000152
exocrine pancreas cell	cell_phenotype	CL:1001433
experimentally modified cell in vitro	cell_phenotype	CL:0000578
externa theca cell	cell_phenotype	CL:4052013
external epithelial cell of tympanic membrane	cell_phenotype	CL:0002158
external limiting cell of organ of Corti	cell_phenotype	CL:0000633
external limiting cell of vestibular epithelium	cell_phenotype	CL:0002317
external pillar cell of cochlea	cell_phenotype	CL:0002164
external supporting cell of vestibular epithelium	cell_phenotype	CL:0002314
extracellular matrix secreting cell	cell_phenotype	CL:0000327
extraembryonic cell	cell_phenotype	CL:0000349
extrafusal muscle fiber	cell_phenotype	CL:0008046
extraglomerular mesangial cell	cell_phenotype	CL:0002173
extrahepatic cholangiocyte	cell_phenotype	CL:0019020
extramedullary cell	cell_phenotype	CL:0000251
extratelencephalic-projecting glutamatergic cortical neuron	cell_phenotype	CL:4023009
extravillous cytotrophloblast	cell_phenotype	CL:0008036
extravillous trophoblast	cell_phenotype	CL:0008036
eye photoreceptor cell	cell_phenotype	CL:0000287
eyelid melanocyte	cell_phenotype	CL:1000391
facet cell of urothelium	cell_phenotype	CL:4030056
fallopian tube ciliated cell	cell_phenotype	CL:4030007
fallopian tube epithelial cell	cell_phenotype	CL:4052018
fallopian tube epithelial stem-like cell	cell_phenotype	CL:4033014
fallopian tube multiciliated cell	cell_phenotype	CL:4030007
fallopian tube non-ciliated cell	cell_phenotype	CL:4052019
fallopian tube secretory epithelial cell	cell_phenotype	CL:4030006
fallopian tube smooth muscle cell	cell_phenotype	CL:4052022
fan Martinotti neuron	cell_phenotype	CL:4023087
fanning-out Martinotti neuron	cell_phenotype	CL:4023087
fast muscle cell	cell_phenotype	CL:0000190
fast muscle myoblast	cell_phenotype	CL:0000858
fast twitch A	cell_phenotype	CL:0002214
fat body cell	cell_phenotype	CL:0000565
fat cell	cell_phenotype	CL:0000136
fat cell of breast	cell_phenotype	CL:0002617
fatigue resistant fast twitch muscle cell	cell_phenotype	CL:0002214
female gamete	cell_phenotype	CL:0000675
female germ cell	cell_phenotype	CL:0000021
female germ line stem cell	cell_phenotype	CL:0000022
femural osteoblast	cell_phenotype	CL:2000057
fenestrated endothelial cell	cell_phenotype	CL:0000666
fetal Hofbauer cell	cell_phenotype	CL:3000001
fetal Vgamma2-positive	cell_phenotype	CL:0002403
fetal alveolar pre-type II epithelial cell	cell_phenotype	CL:4040003
fetal and neonatal skeletal muscle fiber	cell_phenotype	CL:0009098
fetal arterial EC	cell_phenotype	CL:4047006
fetal artery EC	cell_phenotype	CL:4047006
fetal artery endothelial cell	cell_phenotype	CL:4047006
fetal cardiomyocyte	cell_phenotype	CL:0002495
fetal derived definitive erythrocyte	cell_phenotype	CL:0002357
fetal hepatobiliary hybrid progenitor cell	cell_phenotype	CL:0009013
fetal hepatobiliary progenitor cell	cell_phenotype	CL:0009013
fetal liver hematopoietic progenitor cell	cell_phenotype	CL:0002353
fetal pre-type 2 pneumocyte	cell_phenotype	CL:4040003
fetal pre-type II alveolar epithelial cell	cell_phenotype	CL:4040003
fetal pre-type II pneumocyte	cell_phenotype	CL:4040003
fetal pre-type II pulmonary alveolar epithelial cell	cell_phenotype	CL:4040003
fetal thymocyte	cell_phenotype	CL:0002404
fetal vein endothelial cell	cell_phenotype	CL:4047011
fetal venous endothelial cell	cell_phenotype	CL:4047011
fibrillovesicular cell	cell_phenotype	CL:0002204
fibro/adipogenic progenitor	cell_phenotype	CL:0009099
fibro/adipogenic progenitor cell	cell_phenotype	CL:0009099
fibroblast	cell_phenotype	CL:0000057
fibroblast neural crest derived	cell_phenotype	CL:0000005
fibroblast of areolar connective tissue	cell_phenotype	CL:1000303
fibroblast of arm	cell_phenotype	CL:2000015
fibroblast of breast	cell_phenotype	CL:4006000
fibroblast of cardiac tissue	cell_phenotype	CL:0002548
fibroblast of choroid plexus	cell_phenotype	CL:0002549
fibroblast of connective tissue of glandular part of prostate	cell_phenotype	CL:1000305
fibroblast of connective tissue of nonglandular part of prostate	cell_phenotype	CL:1000304
fibroblast of connective tissue of prostate	cell_phenotype	CL:1000299
fibroblast of dense regular elastic tissue	cell_phenotype	CL:1000307
fibroblast of dermis	cell_phenotype	CL:0002551
fibroblast of gingiva	cell_phenotype	CL:0002552
fibroblast of lung	cell_phenotype	CL:0002553
fibroblast of lymphatic vessel	cell_phenotype	CL:0002554
fibroblast of mammary gland	cell_phenotype	CL:0002555
fibroblast of outer membrane of prostatic capsule	cell_phenotype	CL:1000300
fibroblast of papillary layer of dermis	cell_phenotype	CL:1000302
fibroblast of pedal digit skin	cell_phenotype	CL:2000012
fibroblast of peridontal ligament	cell_phenotype	CL:2000017
fibroblast of periodontium	cell_phenotype	CL:0002556
fibroblast of pulmonary artery	cell_phenotype	CL:0002557
fibroblast of skin of abdomen	cell_phenotype	CL:2000013
fibroblast of skin of back	cell_phenotype	CL:0011022
fibroblast of skin of scalp	cell_phenotype	CL:4006001
fibroblast of subepithelial connective tissue of prostatic gland	cell_phenotype	CL:1000301
fibroblast of the aortic adventitia	cell_phenotype	CL:0002547
fibroblast of the conjunctiva	cell_phenotype	CL:0002550
fibroblast of the reticular layer of dermis	cell_phenotype	CL:2000096
fibroblast of tunica adventitia of artery	cell_phenotype	CL:1000306
fibroblast of upper back skin	cell_phenotype	CL:0011021
fibroblast of upper leg skin	cell_phenotype	CL:2000014
fibroblast of villous mesenchyme	cell_phenotype	CL:0002558
fibroblast-like synoviocyte	cell_phenotype	CL:0002301
fibroblastic reticular cell	cell_phenotype	CL:0009101
fibrocyte	cell_phenotype	CL:0000135
fibrocyte of adventitia of ureter	cell_phenotype	CL:1000308
fibrous astrocyte	cell_phenotype	CL:4042008
first polar body	cell_phenotype	CL:0002091
fixed macrophage	cell_phenotype	CL:0000864
flag A amacrine cell	cell_phenotype	CL:0004221
flag B amacrine cell	cell_phenotype	CL:0004222
flag amacrine cell	cell_phenotype	CL:0004220
flagellated sperm cell	cell_phenotype	CL:0011016
flask cell	cell_phenotype	CL:0007023
flat bistratified amacrine cell	cell_phenotype	CL:0004227
flat midget bipolar cell	cell_phenotype	CL:4033033
flattened granulosa cell	cell_phenotype	CL:4033083
fly sheath cell	cell_phenotype	CL:0000380
foam cell	cell_phenotype	CL:0000891
follicle associated enterocyte	cell_phenotype	CL:4052011
follicle cell of egg chamber	cell_phenotype	CL:0000477
follicle stem cell (sensu Arthropoda)	cell_phenotype	CL:0000441
follicle stimulating hormone secreting cell	cell_phenotype	CL:0000437
follicle-associated epithelium enterocyte	cell_phenotype	CL:4052011
follicular B cell	cell_phenotype	CL:0000843
follicular B lymphocyte	cell_phenotype	CL:0000843
follicular B-cell	cell_phenotype	CL:0000843
follicular B-lymphocyte	cell_phenotype	CL:0000843
follicular cell of ovary	cell_phenotype	CL:0002174
follicular cell of thyroid gland	cell_phenotype	CL:0002258
follicular dendritic cell	cell_phenotype	CL:0000442
follicular epithelial cell	cell_phenotype	CL:0000500
follicular regulatory T cell	cell_phenotype	CL:0009113
folliculo-stellate cell	cell_phenotype	CL:0000642
folliculostellate cell	cell_phenotype	CL:0000642
folliculostellate cell of pars anterior of adenohypophysis	cell_phenotype	CL:0002177
folliculostellate cell of pars distalis of adenohypophysis	cell_phenotype	CL:0002177
forebrain astrocyte	cell_phenotype	CL:0012000
forebrain neuroblast	cell_phenotype	CL:1000042
forebrain neuron	cell_phenotype	CL:0012001
forebrain radial glial cell	cell_phenotype	CL:0013000
foreign body giant cell	cell_phenotype	CL:0000647
foreskin fibroblast	cell_phenotype	CL:1001608
foreskin keratinocyte	cell_phenotype	CL:1001606
foreskin melanocyte	cell_phenotype	CL:2000045
fountain amacrine cell	cell_phenotype	CL:0004237
foveolar cell of stomach	cell_phenotype	CL:0002179
fraction A pre-pro B cell	cell_phenotype	CL:0002045
fraction B precursor B cell	cell_phenotype	CL:0002047
fraction B/C precursor B cell	cell_phenotype	CL:0002400
fraction C precursor B cell	cell_phenotype	CL:0002049
fraction C' precursor B cell	cell_phenotype	CL:0002050
fraction D pre-B cell	cell_phenotype	CL:0002052
fraction D precursor B cell	cell_phenotype	CL:0002052
fraction E immature B cell	cell_phenotype	CL:0002054
fraction F mature B cell	cell_phenotype	CL:0002056
free macrophage	cell_phenotype	CL:0000861
fungal asexual spore	cell_phenotype	CL:0000605
fungal cell	cell_phenotype	CL:0000521
fungal spore	cell_phenotype	CL:0002369
fused EVT	cell_phenotype	CL:0009087
fused extravillous trophoblast	cell_phenotype	CL:0009087
fusimotor neuron	cell_phenotype	CL:0008037
fusion competent myoblast	cell_phenotype	CL:0000621
galanergic neuron	cell_phenotype	CL:0011100
gall bladder glandular cell	cell_phenotype	CL:1001592
gallbladder fibroblast	cell_phenotype	CL:2000069
gallbladder glandular cell	cell_phenotype	CL:1001592
gamete	cell_phenotype	CL:0000300
gamete-nursing cell	cell_phenotype	CL:4029001
gamma motor neuron	cell_phenotype	CL:0008037
gamma-aminobutyric acid (GABA)ergic spiny projection neuron	cell_phenotype	CL:1001474
gamma-aminobutyric acid ergic spiny projection neuron	cell_phenotype	CL:1001474
gamma-delta T cell	cell_phenotype	CL:0000798
gamma-delta T lymphocyte	cell_phenotype	CL:0000798
gamma-delta T-cell	cell_phenotype	CL:0000798
gamma-delta T-lymphocyte	cell_phenotype	CL:0000798
gamma-delta intraepithelial T cell	cell_phenotype	CL:0000801
gamma-delta intraepithelial T lymphocyte	cell_phenotype	CL:0000801
gamma-delta intraepithelial T-cell	cell_phenotype	CL:0000801
gamma-delta intraepithelial T-lymphocyte	cell_phenotype	CL:0000801
gamma-delta thymocyte	cell_phenotype	CL:0002405
gammadelta T cell	cell_phenotype	CL:0000798
gammadelta thymocyte	cell_phenotype	CL:0002405
gammadelta-17 cells	cell_phenotype	CL:0002125
gammadelta27-positive	cell_phenotype	CL:0002124
gangliocyte	cell_phenotype	CL:0000740
ganglion cell of retina	cell_phenotype	CL:0000740
ganglion interneuron	cell_phenotype	CL:0000397
ganglion mother cell	cell_phenotype	CL:0000469
garland cell	cell_phenotype	CL:0000486
gastric cardiac gland goblet cell	cell_phenotype	CL:1000314
gastric chief cell	cell_phenotype	CL:0000155
gastric goblet cell	cell_phenotype	CL:1000313
gastric parietal cell	cell_phenotype	CL:0000162
gastrin secreting cell	cell_phenotype	CL:0000509
gastrin stimulating hormone secreting cell	cell_phenotype	CL:0000554
gastrointestinal system (lamina propria) macrophage	cell_phenotype	CL:0000865
gastrointestinal tract (lamina propria) lymphocyte of small intestine	cell_phenotype	CL:0009044
gastrointestinal tract (lamina propria) macrophage	cell_phenotype	CL:0000865
gastrointestinal tract (lamina propria) macrophage of large intestine	cell_phenotype	CL:0009008
gastrointestinal tract (lamina propria) macrophage of small intestine	cell_phenotype	CL:0009007
gastrula cell	cell_phenotype	CL:0000361
gd thymocyte	cell_phenotype	CL:0002405
gd27-positive	cell_phenotype	CL:0002124
general ecto-epithelial cell	cell_phenotype	CL:0002159
general visceral motor neuron	cell_phenotype	CL:0005025
germ cell	cell_phenotype	CL:0000586
germ line cell	cell_phenotype	CL:0000039
germ line stem cell	cell_phenotype	CL:0000014
germinal center B cell	cell_phenotype	CL:0000844
germinal center B lymphocyte	cell_phenotype	CL:0000844
germinal center B-cell	cell_phenotype	CL:0000844
germinal center B-lymphocyte	cell_phenotype	CL:0000844
germinal center T cell	cell_phenotype	CL:0009062
germline stem cell	cell_phenotype	CL:0000014
germline-derived nurse cell	cell_phenotype	CL:4029002
gestational hematopoietic stem cell	cell_phenotype	CL:0002352
ghrelin secreting cell	cell_phenotype	CL:0005018
giant bipolar cell	cell_phenotype	CL:4033035
giant trophoblast cell	cell_phenotype	CL:0002488
gingival epithelial cell	cell_phenotype	CL:0002621
glandular cell of esophagus	cell_phenotype	CL:0002657
glandular cell of prostate	cell_phenotype	CL:0002313
glandular cell of stomach	cell_phenotype	CL:0002659
glandular cell of the large intestine	cell_phenotype	CL:0002658
glandular endometrial ciliated epithelial cell	cell_phenotype	CL:4030042
glandular endometrial multiciliated epithelial cell	cell_phenotype	CL:4030042
glandular endometrial unciliated epithelial cell	cell_phenotype	CL:0002656
glandular epithelial cell	cell_phenotype	CL:0000150
glandular epithelial cell of stomach	cell_phenotype	CL:0002659
glandular secretory epithelial cell	cell_phenotype	CL:0000150
glial cell	cell_phenotype	CL:0000125
glial restricted tripotential precursor cell	cell_phenotype	CL:4040000
glioblast	cell_phenotype	CL:0000030
glioblast (sensu Nematoda and Protostomia)	cell_phenotype	CL:0000340
glioblast (sensu Vertebrata)	cell_phenotype	CL:0000339
globose cell of olfactory epithelium	cell_phenotype	CL:0002171
globular bushy cell	cell_phenotype	CL:4023164
glomerular capillary endothelial cell	cell_phenotype	CL:1001005
glomerular cell	cell_phenotype	CL:1000746
glomerular endothelial cell	cell_phenotype	CL:0002188
glomerular layer cell	cell_phenotype	CL:1001435
glomerular mesangial cell	cell_phenotype	CL:1000742
glomerular podocyte	cell_phenotype	CL:0000653
glomerular visceral epithelial cell	cell_phenotype	CL:0000653
glomus cell	cell_phenotype	CL:0002292
glucagon secreting cell	cell_phenotype	CL:0000170
glucagon-secreting cell	cell_phenotype	CL:0000170
glucocorticoid secreting cell	cell_phenotype	CL:0000460
glutamatergic neuron	cell_phenotype	CL:0000679
glutamatergic neuron of the basal ganglia	cell_phenotype	CL:4042040
glycinergic amacrine cell	cell_phenotype	CL:4030028
glycinergic neuron	cell_phenotype	CL:1001509
glycinergic-GABAergic amacrine cell	cell_phenotype	CL:4033091
glycinergic/GABAergic amacrine neuron	cell_phenotype	CL:4033091
glycocalyx secreting cell	cell_phenotype	CL:0000660
glycogen accumulating cell	cell_phenotype	CL:0000326
glycolytic muscle fiber	cell_phenotype	CL:0000190
glycosaminoglycan secreting cell	cell_phenotype	CL:0000153
goblet cell	cell_phenotype	CL:0000160
goblet cell of anorectum	cell_phenotype	CL:0009057
goblet cell of colon	cell_phenotype	CL:0009039
goblet cell of epithelium of bronchus	cell_phenotype	CL:1000312
goblet cell of epithelium of gastric cardiac gland	cell_phenotype	CL:1000314
goblet cell of epithelium of intestinal villus	cell_phenotype	CL:1000317
goblet cell of epithelium of large intestine	cell_phenotype	CL:1000320
goblet cell of epithelium of lobar bronchus	cell_phenotype	CL:4033009
goblet cell of epithelium of pancreatic duct	cell_phenotype	CL:1000322
goblet cell of epithelium of principal gastric gland	cell_phenotype	CL:1000315
goblet cell of epithelium of pyloric gland	cell_phenotype	CL:1000323
goblet cell of epithelium of small intestine	cell_phenotype	CL:1000495
goblet cell of epithelium of stomach	cell_phenotype	CL:1000313
goblet cell of epithelium of trachea	cell_phenotype	CL:1000329
goblet cell of epithelium proper of appendix	cell_phenotype	CL:1000327
goblet cell of epithelium proper of duodenum	cell_phenotype	CL:1000324
goblet cell of epithelium proper of ileum	cell_phenotype	CL:1000326
goblet cell of epithelium proper of jejunum	cell_phenotype	CL:1000325
goblet cell of small intestine	cell_phenotype	CL:1000495
goblet cell of tracheobronchial tree	cell_phenotype	CL:0019003
gonadotrope	cell_phenotype	CL:0000437
gonadotrope cell	cell_phenotype	CL:0000437
gonadotroph	cell_phenotype	CL:0000437
gonadotropic cell	cell_phenotype	CL:0000437
gonadotropin-releasing hormone neuron	cell_phenotype	CL:0011111
gonadtroph	cell_phenotype	CL:0000437
gonocyte	cell_phenotype	CL:0000670
granular cell of epidermis	cell_phenotype	CL:0002189
granular leucocyte	cell_phenotype	CL:0000094
granular leukocyte	cell_phenotype	CL:0000094
granular pneumocyte	cell_phenotype	CL:0002063
granule cell	cell_phenotype	CL:0000120
granule cell of the cerebellum	cell_phenotype	CL:0001031
granulocyte	cell_phenotype	CL:0000094
granulocyte monocyte progenitor cell	cell_phenotype	CL:0000557
granulocyte-macrophage progenitor	cell_phenotype	CL:0000557
granulocyte/monocyte precursor	cell_phenotype	CL:0000557
granulocyte/monocyte progenitor	cell_phenotype	CL:0000557
granulocytopoietic cell	cell_phenotype	CL:0002191
granulosa cell	cell_phenotype	CL:0000501
granulosa cell of ovary	cell_phenotype	CL:0000501
granulosa lutein cell	cell_phenotype	CL:0000592
granzyme K+ CD8 T cell	cell_phenotype	CL:4052021
granzyme K-associated CD8 T cell	cell_phenotype	CL:4052021
gravity sensitive cell	cell_phenotype	CL:0000203
great alveolar cell	cell_phenotype	CL:0002063
green sensitive photoreceptor cell	cell_phenotype	CL:0000496
group 1 innate lymphoid cell	cell_phenotype	CL:0001067
group 2 innate lymphoid cell	cell_phenotype	CL:0001069
group 2 innate lymphoid cell, human	cell_phenotype	CL:0001081
group 2 innate lymphoid cell, mouse	cell_phenotype	CL:0002089
group 3 innate lymphoid cell	cell_phenotype	CL:0001071
group 3 innate lymphoid cell, human	cell_phenotype	CL:0001078
growth hormone releasing hormone secreting cell	cell_phenotype	CL:0002373
growth hormone secreting cell	cell_phenotype	CL:0000295
growth plate cartilage chondrocyte	cell_phenotype	CL:1000217
guidepost cell	cell_phenotype	CL:0000143
gut absorptive cell	cell_phenotype	CL:0000677
gut endothelial cell	cell_phenotype	CL:0000131
gut-associated lymphoid tissue macrophage	cell_phenotype	CL:0000885
haematopoietic cell	cell_phenotype	CL:0000988
haemopoietic cell	cell_phenotype	CL:0000988
hair follicle cell	cell_phenotype	CL:0002559
hair follicle dermal papilla cell	cell_phenotype	CL:0000346
hair follicle dermal papilla cell of scalp	cell_phenotype	CL:2000083
hair follicle melanocyte	cell_phenotype	CL:0002483
hair follicular keratinocyte	cell_phenotype	CL:2000092
hair germinal matrix cell	cell_phenotype	CL:0002562
hair matrix stem cell	cell_phenotype	CL:0000356
hair-down neuron	cell_phenotype	CL:1001437
hair-tylotrich neuron	cell_phenotype	CL:1001436
haploid cell	cell_phenotype	CL:0000413
haploid nucleated cell	cell_phenotype	CL:0000300
hatching gland cell	cell_phenotype	CL:0000249
he-NK	cell_phenotype	CL:4047101
heart cell	cell_phenotype	CL:0002494
heart muscle cell	cell_phenotype	CL:0000746
heart valve cell	cell_phenotype	CL:1000147
helper T cell	cell_phenotype	CL:0000912
helper T cell type 1	cell_phenotype	CL:0000545
helper T cell type 17	cell_phenotype	CL:0000899
helper T cell type 2	cell_phenotype	CL:0000546
helper T cell type 22	cell_phenotype	CL:0001042
helper T lymphocyte	cell_phenotype	CL:0000912
helper T-cell	cell_phenotype	CL:0000912
helper T-lymphocyte	cell_phenotype	CL:0000912
hemangioblast	cell_phenotype	CL:0002418
hemangioblast precursor	cell_phenotype	CL:0002354
hematopoietic cell	cell_phenotype	CL:0000988
hematopoietic lineage restricted progenitor cell	cell_phenotype	CL:0002031
hematopoietic multipotent progenitor cell	cell_phenotype	CL:0000837
hematopoietic oligopotent progenitor cell	cell_phenotype	CL:0002032
hematopoietic oligopotent progenitor cell, lineage-negative	cell_phenotype	CL:0001060
hematopoietic precursor cell	cell_phenotype	CL:0008001
hematopoietic stem cell	cell_phenotype	CL:0000037
hemocyte (sensu Arthropoda)	cell_phenotype	CL:0000387
hemopoietic cell	cell_phenotype	CL:0000988
hemopoietic progenitor cell	cell_phenotype	CL:0000837
hemopoietic stem cell	cell_phenotype	CL:0000037
hepatic NK	cell_phenotype	CL:4047101
hepatic dendritic cell	cell_phenotype	CL:2000055
hepatic macrophage	cell_phenotype	CL:0000091
hepatic mesenchymal stem cell	cell_phenotype	CL:0002571
hepatic natural killer cells	cell_phenotype	CL:4047101
hepatic oval cell	cell_phenotype	CL:0002196
hepatic oval stem cell	cell_phenotype	CL:0002196
hepatic perisinusoidal cell	cell_phenotype	CL:0000632
hepatic pit cell	cell_phenotype	CL:2000054
hepatic portal fibroblast	cell_phenotype	CL:0009100
hepatic progenitor cell	cell_phenotype	CL:0002196
hepatic stellate cell	cell_phenotype	CL:0000632
hepatic stem cell	cell_phenotype	CL:0002195
hepatoblast	cell_phenotype	CL:0005026
hepatocyte	cell_phenotype	CL:0000182
heterocyst	cell_phenotype	CL:0000724
heterokaryon	cell_phenotype	CL:0000600
high endothelial venule of lymph node smooth muscle cell	cell_phenotype	CL:0009049
hilar cell of ovary	cell_phenotype	CL:0002095
hillock cell	cell_phenotype	CL:4030024
hillock cell of prostatic urethra	cell_phenotype	CL:0017011
hillock cell of prostatic urethral epithelium	cell_phenotype	CL:0017011
hillock cell of respiratory tract	cell_phenotype	CL:4030023
hillock cell of urethra	cell_phenotype	CL:0017010
hillock cell of urethral epithelium	cell_phenotype	CL:0017010
hilus cell of ovary	cell_phenotype	CL:0002095
hindlimb stylopod vein endothelial cell	cell_phenotype	CL:2000076
hippocampal CA1-3 neuron	cell_phenotype	CL:4023060
hippocampal CA4 neuron	cell_phenotype	CL:4023061
hippocampal astrocyte	cell_phenotype	CL:0002604
hippocampal glial cell	cell_phenotype	CL:1001580
hippocampal granule cell	cell_phenotype	CL:0001033
hippocampal interneuron	cell_phenotype	CL:1001569
hippocampal neuron	cell_phenotype	CL:0002608
hippocampal pyramidal neuron	cell_phenotype	CL:1001571
hippocampus glial cell	cell_phenotype	CL:1001580
hippocampus neuroglial cell	cell_phenotype	CL:1001580
histamine secreting cell	cell_phenotype	CL:0002274
histaminergic neuron	cell_phenotype	CL:0011110
histaminocyte	cell_phenotype	CL:0000097
histiocyte	cell_phenotype	CL:0000235
histoblast	cell_phenotype	CL:0000373
horizontal basal cells	cell_phenotype	CL:0002184
horizontal cell	cell_phenotype	CL:0000745
horizontal pyramidal neuron	cell_phenotype	CL:4023066
hortega cells	cell_phenotype	CL:0000129
humidity receptor cell	cell_phenotype	CL:0000376
hyalocyte	cell_phenotype	CL:0000142
hypendymal cell	cell_phenotype	CL:4023181
hypertrophic chondrocyte	cell_phenotype	CL:0000743
hyphal cell	cell_phenotype	CL:0000286
hypocretin-secreting neuron	cell_phenotype	CL:0011109
hypothalamus cell	cell_phenotype	CL:2000030
hypothalamus kisspeptin neuron	cell_phenotype	CL:4023123
iSPN	cell_phenotype	CL:4023029
iTreg	cell_phenotype	CL:0000902
ileal goblet cell	cell_phenotype	CL:1000326
imaginal disc cell	cell_phenotype	CL:0000429
immatuer neutrophilic leukocyte	cell_phenotype	CL:0000776
immature B cell	cell_phenotype	CL:0000816
immature B lymphocyte	cell_phenotype	CL:0000816
immature B-cell	cell_phenotype	CL:0000816
immature B-lymphocyte	cell_phenotype	CL:0000816
immature CD11c-low plasmacytoid dendritic cell	cell_phenotype	CL:0000992
immature CD11c-negative plasmacytoid dendritic cell	cell_phenotype	CL:0000994
immature CD14-positive dermal dendritic cell	cell_phenotype	CL:0002527
immature CD16-positive myeloid dendritic cell	cell_phenotype	CL:0002533
immature CD1a-positive Langerhans cell	cell_phenotype	CL:0001016
immature CD1a-positive dermal dendritic cell	cell_phenotype	CL:0002530
immature CD8-alpha-low Langerhans cell	cell_phenotype	CL:0001018
immature CD8-alpha-negative CD11b-negative dendritic cell	cell_phenotype	CL:0001001
immature CD8-alpha-negative CD11b-positive dendritic cell	cell_phenotype	CL:0000997
immature CD8-alpha-positive CD11b-negative dendritic cell	cell_phenotype	CL:0001004
immature DEC precursor	cell_phenotype	CL:0002218
immature DETC precursor	cell_phenotype	CL:0002218
immature ILC	cell_phenotype	CL:0001082
immature NK T cell	cell_phenotype	CL:0000914
immature NK T cell stage I	cell_phenotype	CL:0002039
immature NK T cell stage II	cell_phenotype	CL:0002040
immature NK T cell stage III	cell_phenotype	CL:0002041
immature NK T cell stage IV	cell_phenotype	CL:0002042
immature NK T lymphocyte	cell_phenotype	CL:0000914
immature NK T-cell	cell_phenotype	CL:0000914
immature NK T-lymphocyte	cell_phenotype	CL:0000914
immature NK cell	cell_phenotype	CL:0000823
immature NKT cell	cell_phenotype	CL:0000914
immature Schwann cell	cell_phenotype	CL:0002377
immature T cell	cell_phenotype	CL:0002420
immature T-cell	cell_phenotype	CL:0002420
immature Vg1.1+Vd6.3+ T cell	cell_phenotype	CL:0002415
immature Vgamma1.1-positive, Vdelta6.3-negative thymocyte	cell_phenotype	CL:0002414
immature Vgamma1.1-positive, Vdelta6.3-positive thymocyte	cell_phenotype	CL:0002415
immature Vgamma2-negative thymocyte	cell_phenotype	CL:0002408
immature Vgamma2-positive fetal thymocyte	cell_phenotype	CL:0002378
immature Vgamma2-positive thymocyte	cell_phenotype	CL:0002406
immature alpha-beta T cell	cell_phenotype	CL:0000790
immature alpha-beta T lymphocyte	cell_phenotype	CL:0000790
immature alpha-beta T-cell	cell_phenotype	CL:0000790
immature alpha-beta T-lymphocyte	cell_phenotype	CL:0000790
immature astrocyte	cell_phenotype	CL:0002626
immature astrocytic glia	cell_phenotype	CL:0002626
immature basophil	cell_phenotype	CL:0000768
immature basophilic leucocyte	cell_phenotype	CL:0000768
immature basophilic leukocyte	cell_phenotype	CL:0000768
immature conventional dendritic cell	cell_phenotype	CL:0000840
immature dendritic epithelial T cell precursor	cell_phenotype	CL:0002218
immature dermal dendritic cell	cell_phenotype	CL:0001009
immature eosinocyte	cell_phenotype	CL:0000772
immature eosinophil	cell_phenotype	CL:0000772
immature eosinophilic leucocyte	cell_phenotype	CL:0000772
immature eosinophilic leukocyte	cell_phenotype	CL:0000772
immature gamma-delta T cell	cell_phenotype	CL:0000799
immature gamma-delta T lymphocyte	cell_phenotype	CL:0000799
immature gamma-delta T-cell	cell_phenotype	CL:0000799
immature gamma-delta T-lymphocyte	cell_phenotype	CL:0000799
immature innate lymphoid cell	cell_phenotype	CL:0001082
immature interstitial dendritic cell	cell_phenotype	CL:0001011
immature microglia	cell_phenotype	CL:0002628
immature microglial cell	cell_phenotype	CL:0002628
immature natural killer cell	cell_phenotype	CL:0000823
immature neuron	cell_phenotype	CL:4042028
immature neutrocyte	cell_phenotype	CL:0000776
immature neutrophil	cell_phenotype	CL:0000776
immature neutrophil leucocyte	cell_phenotype	CL:0000776
immature neutrophil leukocyte	cell_phenotype	CL:0000776
immature neutrophilic leucocyte	cell_phenotype	CL:0000776
immature pericyte	cell_phenotype	CL:4047007
immature single positive T cell	cell_phenotype	CL:0000805
immature single positive T lymphocyte	cell_phenotype	CL:0000805
immature single positive T-lymphocyte	cell_phenotype	CL:0000805
immature single positive thymocyte	cell_phenotype	CL:0000805
immune oligodendrocyte	cell_phenotype	CL:4042031
immune oligodendroglia	cell_phenotype	CL:4042031
inactive chief cell of parathyoid gland	cell_phenotype	CL:0002197
indirect pathway medium spiny neuron	cell_phenotype	CL:4023029
indoleamine-accumulating amacrine cell	cell_phenotype	CL:0004245
induced T-regulatory cell	cell_phenotype	CL:0000902
induced Treg	cell_phenotype	CL:0000902
induced regulatory T cell	cell_phenotype	CL:0000902
induced regulatory T lymphocyte	cell_phenotype	CL:0000902
induced regulatory T-cell	cell_phenotype	CL:0000902
induced regulatory T-lymphocyte	cell_phenotype	CL:0000902
inflammatory cell	cell_phenotype	CL:0009002
inflammatory macrophage	cell_phenotype	CL:0000863
inflammatory monocyte	cell_phenotype	CL:0000860
inhibitory interneuron	cell_phenotype	CL:0000498
inhibitory motor neuron	cell_phenotype	CL:0008015
innate effector T cell	cell_phenotype	CL:0002127
innate lymphoid cell	cell_phenotype	CL:0001065
innate lymphoid cell 1, human	cell_phenotype	CL:0001077
inner alpha retinal ganglion cell	cell_phenotype	CL:0004120
inner blood island hemangioblast	cell_phenotype	CL:0002361
inner cell mass cell	cell_phenotype	CL:2000020
inner medulla vasa recta ascending limb cell	cell_phenotype	CL:1001209
inner medulla vasa recta descending limb cell	cell_phenotype	CL:1001286
inner parasol cell	cell_phenotype	CL:4033052
inner phalangeal cell	cell_phenotype	CL:0005015
inner renal cortex cell	cell_phenotype	CL:1000596
inner renal medulla vasa recta cell	cell_phenotype	CL:1001126
inner root sheath cell	cell_phenotype	CL:0002560
inner stratifying midget cell	cell_phenotype	CL:4033046
input neuron	cell_phenotype	CL:0000526
insect flight muscle cell	cell_phenotype	CL:0000196
insulating cell	cell_phenotype	CL:0000217
insulin secreting cell	cell_phenotype	CL:0000168
insulin-secreting cell	cell_phenotype	CL:0000169
intercalary cell	cell_phenotype	CL:4033014
intercalated cell	cell_phenotype	CL:0005010
intercalated cell of salivary gland	cell_phenotype	CL:4052048
interdental cell	cell_phenotype	CL:0002172
interdental cell of cochlea	cell_phenotype	CL:0002172
interferon-producing cell	cell_phenotype	CL:0000784
interfollicle cell	cell_phenotype	CL:0000674
interlaminar astrocyte	cell_phenotype	CL:4042009
interlobular artery cell	cell_phenotype	CL:1001138
interlobular vein cell	cell_phenotype	CL:1001145
interlobulary artery endothelial cell	cell_phenotype	CL:1001216
interlobulary artery smooth muscle cell	cell_phenotype	CL:1001217
interlobulary vein endothelial cell	cell_phenotype	CL:1001223
interlobulary vein smooth muscle cell	cell_phenotype	CL:1001224
intermediate CD4-single-positive	cell_phenotype	CL:0002433
intermediate CD8-single-positive	cell_phenotype	CL:0002435
intermediate cell of urothelium	cell_phenotype	CL:4030055
intermediate epitheliocyte	cell_phenotype	CL:0002209
intermediate erythroblast	cell_phenotype	CL:0000550
intermediate mesodermal cell	cell_phenotype	CL:0011011
intermediate monocyte	cell_phenotype	CL:0002393
intermediate monocyte, human	cell_phenotype	CL:0001055
intermediate muscle cell	cell_phenotype	CL:0002216
intermediate normoblast	cell_phenotype	CL:0000550
intermediate thymic epithelial cell	cell_phenotype	CL:0002297
intermediate trophoblast cell	cell_phenotype	CL:0002217
interna theca cell	cell_phenotype	CL:4052012
internal epithelial cell of tympanic membrane	cell_phenotype	CL:0002162
internal pillar cell of cochlea	cell_phenotype	CL:0002163
interneuromast cell	cell_phenotype	CL:0000854
interneuron	cell_phenotype	CL:0000099
internodal tract myocyte	cell_phenotype	CL:0002096
interplexiform cell	cell_phenotype	CL:0011104
interrenal chromaffin cell	cell_phenotype	CL:0002516
interrenal epinephrin secreting cell	cell_phenotype	CL:0002517
interrenal epithelial cell	cell_phenotype	CL:0002519
interrenal noradrenaline type cell	cell_phenotype	CL:0002515
interrenal norepinephrine type cell	cell_phenotype	CL:0002515
interstitial cell	cell_phenotype	CL:4030031
interstitial cell of Cajal	cell_phenotype	CL:0002088
interstitial cell of Leydig	cell_phenotype	CL:0000178
interstitial cell of ovary	cell_phenotype	CL:0002094
interstitial cell of pineal gland	cell_phenotype	CL:0002220
interstitial cell of thymus	cell_phenotype	CL:4030003
interstitial dendritic cell	cell_phenotype	CL:0001007
interstitial extravillous trophoblast cell	cell_phenotype	CL:4033062
intestinal brush cell	cell_phenotype	CL:0019032
intestinal crypt stem cell	cell_phenotype	CL:0002250
intestinal crypt stem cell of anorectum	cell_phenotype	CL:0009061
intestinal crypt stem cell of appendix	cell_phenotype	CL:0009028
intestinal crypt stem cell of appendix vermiformis	cell_phenotype	CL:0009028
intestinal crypt stem cell of colon	cell_phenotype	CL:0009043
intestinal crypt stem cell of large intestine	cell_phenotype	CL:0009016
intestinal crypt stem cell of small intestine	cell_phenotype	CL:0009017
intestinal crypt stem cell of vermiform appendix	cell_phenotype	CL:0009028
intestinal enteroendocrine cell	cell_phenotype	CL:1001516
intestinal enteroendocrine progenitor	cell_phenotype	CL:4052006
intestinal epithelial cell	cell_phenotype	CL:0002563
intestinal fibroblastic reticular cell	cell_phenotype	CL:4052004
intestinal goblet cell	cell_phenotype	CL:0019031
intestinal lamina propria fibroblast	cell_phenotype	CL:4047023
intestinal pacemaker cell	cell_phenotype	CL:0002088
intestinal smooth muscle cell	cell_phenotype	CL:0002504
intestinal subserosal fibroblast	cell_phenotype	CL:4052005
intestinal tuft cell	cell_phenotype	CL:0019032
intestinal villus capillary endothelial cell	cell_phenotype	CL:4052003
intestinal villus goblet cell	cell_phenotype	CL:1000317
intestine goblet cell	cell_phenotype	CL:0019031
intraepithelial T cell	cell_phenotype	CL:0002496
intraepithelial T-cell	cell_phenotype	CL:0002496
intraepithelial lymphocyte	cell_phenotype	CL:0002496
intrafusal muscle fiber	cell_phenotype	CL:0008047
intraglomerular mesangial cell	cell_phenotype	CL:1000742
intrahepatic NK	cell_phenotype	CL:4047101
intrahepatic cholangiocyte	cell_phenotype	CL:0002538
intratelencephalic-projecting glutamatergic cortical neuron	cell_phenotype	CL:4023008
invaginating midget bipolar cell	cell_phenotype	CL:4033034
invasive interstitial extravillous trophoblast cell	cell_phenotype	CL:4033062
invertebrate nurse cell	cell_phenotype	CL:0000026
inverted L6 IT MOp (Mus musculus)	cell_phenotype	CL:4023081
inverted L6 intratelencephalic projecting glutamatergic neuron of the primary motor cortex (Mmus)	cell_phenotype	CL:4023081
inverted amacrine cell	cell_phenotype	CL:4023119
inverted pyramidal neuron	cell_phenotype	CL:4023092
ionocyte	cell_phenotype	CL:0005006
iridoblast	cell_phenotype	CL:0005001
iridophore	cell_phenotype	CL:0000431
iris pigment epithelial cell	cell_phenotype	CL:0002565
iron accumulating cell	cell_phenotype	CL:0000310
jejunal goblet cell	cell_phenotype	CL:1000325
juvenile hormone secreting cell	cell_phenotype	CL:0000482
juvenile neutrophil	cell_phenotype	CL:0000582
juxtaglomerular complex cell	cell_phenotype	CL:1000618
juxtaglomerulus cell	cell_phenotype	CL:1000618
keratin accumulating cell	cell_phenotype	CL:0000311
keratinized cell of epidermis	cell_phenotype	CL:0000312
keratinized cell of hair follicle	cell_phenotype	CL:0010000
keratinized cell of the oral mucosa	cell_phenotype	CL:0002170
keratinized epithelial cell of the anal canal	cell_phenotype	CL:0002637
keratinized squamous cell of esophagus	cell_phenotype	CL:0002221
keratinizing barrier epithelial cell	cell_phenotype	CL:0000237
keratinocyte	cell_phenotype	CL:0000312
keratinocyte stem cell	cell_phenotype	CL:0002337
keratocyte	cell_phenotype	CL:0002363
kidney afferent arteriole cell	cell_phenotype	CL:1001006
kidney afferent arteriole endothelial cell	cell_phenotype	CL:1001096
kidney afferent arteriole smooth muscle cell	cell_phenotype	CL:1001097
kidney arterial blood vessel cell	cell_phenotype	CL:1000891
kidney arteriole smooth muscle cell	cell_phenotype	CL:1001066
kidney artery smooth muscle cell	cell_phenotype	CL:1001064
kidney blood vessel cell	cell_phenotype	CL:1000854
kidney capillary endothelial cell	cell_phenotype	CL:1000892
kidney cell	cell_phenotype	CL:1000497
kidney collecting duct alpha-intercalated cell	cell_phenotype	CL:4030015
kidney collecting duct beta-intercalated cell	cell_phenotype	CL:4030005
kidney collecting duct cell	cell_phenotype	CL:1001225
kidney collecting duct epithelial cell	cell_phenotype	CL:1000454
kidney collecting duct intercalated cell	cell_phenotype	CL:1001432
kidney collecting duct intercalated cell type A	cell_phenotype	CL:4030015
kidney collecting duct intercalated cell type B	cell_phenotype	CL:4030005
kidney collecting duct principal cell	cell_phenotype	CL:1001431
kidney connecting tubule alpha-intercalated cell	cell_phenotype	CL:4030020
kidney connecting tubule beta-intercalated cell	cell_phenotype	CL:4030021
kidney connecting tubule epithelial cell	cell_phenotype	CL:1000768
kidney connecting tubule intercalated cell	cell_phenotype	CL:4030019
kidney connecting tubule intercalated cell type A	cell_phenotype	CL:4030020
kidney connecting tubule intercalated cell type B	cell_phenotype	CL:4030021
kidney connecting tubule principal cell	cell_phenotype	CL:4030018
kidney corpuscule cell	cell_phenotype	CL:1000612
kidney cortex artery cell	cell_phenotype	CL:1001045
kidney cortex collecting duct epithelial cell	cell_phenotype	CL:1000549
kidney cortex collecting duct intercalated cell	cell_phenotype	CL:1000715
kidney cortex collecting duct principal cell	cell_phenotype	CL:1000714
kidney cortex interstitial cell	cell_phenotype	CL:1000681
kidney cortex peritubular capillary cell	cell_phenotype	CL:1001124
kidney cortex tubule cell	cell_phenotype	CL:1000615
kidney cortex vein cell	cell_phenotype	CL:1001052
kidney cortical cell	cell_phenotype	CL:0002681
kidney cortical fibroblast	cell_phenotype	CL:4030025
kidney distal convoluted tubule epithelial cell	cell_phenotype	CL:1000849
kidney distal tubule epithelial cell	cell_phenotype	CL:0002305
kidney efferent arteriole cell	cell_phenotype	CL:1001009
kidney efferent arteriole endothelial cell	cell_phenotype	CL:1001099
kidney efferent arteriole smooth muscle cell	cell_phenotype	CL:1001100
kidney epithelial cell	cell_phenotype	CL:0002518
kidney glomerular epithelial cell	cell_phenotype	CL:1000510
kidney granular cell	cell_phenotype	CL:0000648
kidney inner medulla cell	cell_phenotype	CL:1000617
kidney inner medulla collecting duct epithelial cell	cell_phenotype	CL:1000547
kidney inner medulla collecting duct intercalated cell	cell_phenotype	CL:1000719
kidney inner medulla collecting duct principal cell	cell_phenotype	CL:1000718
kidney inner medulla interstitial cell	cell_phenotype	CL:1000803
kidney interstitial alternatively activated macrophage	cell_phenotype	CL:1000695
kidney interstitial cell	cell_phenotype	CL:1000500
kidney interstitial fibroblast	cell_phenotype	CL:1000692
kidney interstitial fibrocyte	cell_phenotype	CL:1000693
kidney interstitial inflammatory macrophage	cell_phenotype	CL:1000696
kidney interstitial myofibroblast	cell_phenotype	CL:1000691
kidney interstitial suppressor macrophage	cell_phenotype	CL:1000697
kidney loop of Henle ascending limb epithelial cell	cell_phenotype	CL:1001016
kidney loop of Henle cortical thick ascending limb epithelial cell	cell_phenotype	CL:1001109
kidney loop of Henle descending limb epithelial cell	cell_phenotype	CL:1001021
kidney loop of Henle epithelial cell	cell_phenotype	CL:1000909
kidney loop of Henle long descending thin limb inner medulla epithelial cell	cell_phenotype	CL:4030014
kidney loop of Henle long descending thin limb outer medulla epithelial cell	cell_phenotype	CL:4030013
kidney loop of Henle medullary thick ascending limb epithelial cell	cell_phenotype	CL:1001108
kidney loop of Henle short descending thin limb epithelial cell	cell_phenotype	CL:4030012
kidney loop of Henle thick ascending limb epithelial cell	cell_phenotype	CL:1001106
kidney loop of Henle thin ascending limb epithelial cell	cell_phenotype	CL:1001107
kidney loop of Henle thin descending limb epithelial cell	cell_phenotype	CL:1001111
kidney medulla cell	cell_phenotype	CL:1000504
kidney medulla collecting duct epithelial cell	cell_phenotype	CL:1000546
kidney medulla interstitial cell	cell_phenotype	CL:1000682
kidney medullary fibroblast	cell_phenotype	CL:4030022
kidney mesangial cell	cell_phenotype	CL:0000650
kidney nerve cell	cell_phenotype	CL:1000606
kidney outer medulla cell	cell_phenotype	CL:1000616
kidney outer medulla collecting duct epithelial cell	cell_phenotype	CL:1000548
kidney outer medulla collecting duct intercalated cell	cell_phenotype	CL:1000717
kidney outer medulla collecting duct principal cell	cell_phenotype	CL:1000716
kidney outer medulla interstitial cell	cell_phenotype	CL:1000804
kidney outer medulla peritubular capillary cell	cell_phenotype	CL:1001123
kidney papillary duct intercalated cell	cell_phenotype	CL:1000720
kidney papillary duct principal cell	cell_phenotype	CL:1000721
kidney papillary duct principal epithelial cell	cell_phenotype	CL:1000550
kidney pelvis cell	cell_phenotype	CL:1000505
kidney pelvis smooth muscle cell	cell_phenotype	CL:1000702
kidney pelvis urothelial cell	cell_phenotype	CL:1000703
kidney podocyte	cell_phenotype	CL:0000653
kidney proximal convoluted tubule epithelial cell	cell_phenotype	CL:1000838
kidney proximal straight tubule epithelial cell	cell_phenotype	CL:1000839
kidney proximal tubule epithelial cell	cell_phenotype	CL:0002306
kidney resident dendritic cell	cell_phenotype	CL:1000699
kidney resident macrophage	cell_phenotype	CL:1000698
kidney tubule cell	cell_phenotype	CL:1000507
kidney tubule epithelial cell	cell_phenotype	CL:1000494
kidney venous blood vessel cell	cell_phenotype	CL:1000893
kidney venous system smooth muscle cell	cell_phenotype	CL:1001068
kisspeptin neuron	cell_phenotype	CL:4023130
kisspeptin, neurokinin B and dynorphin expressing neuron	cell_phenotype	CL:4023125
koniocellular cell	cell_phenotype	CL:4023187
labrocyte	cell_phenotype	CL:0000097
labyrinth supporting cell	cell_phenotype	CL:0000631
lactaction-associated mammary epithelial cell	cell_phenotype	CL:0002325
lactation-derived mammary cell	cell_phenotype	CL:0002325
lactocyte	cell_phenotype	CL:0002325
lactocyte type 1	cell_phenotype	CL:4033059
lactocyte type 2	cell_phenotype	CL:4033060
lactotrope	cell_phenotype	CL:0002311
lactotroph	cell_phenotype	CL:0002311
lactotropic cell	cell_phenotype	CL:0002311
lamellocyte	cell_phenotype	CL:0000396
lamina propria lymphocyte of large intestine	cell_phenotype	CL:0009018
lamina propria lymphocyte of small intestine	cell_phenotype	CL:0009044
lamp5 GABAergic cortical interneuron	cell_phenotype	CL:4023011
langerin-negative dermal dendritic cell	cell_phenotype	CL:0002459
langerin-negative, CD103-negative lymph node dendritic cell	cell_phenotype	CL:0002508
langerin-positive dermal dendritic cell	cell_phenotype	CL:0002458
langerin-positive lymph node dendritic cell	cell_phenotype	CL:0002507
large basket cell	cell_phenotype	CL:4023088
large bile duct cholangiocyte	cell_phenotype	CL:0019020
large intestine crypt goblet cell	cell_phenotype	CL:1000321
large intestine goblet cell	cell_phenotype	CL:1000320
large intestine lamina propria resident macrophage	cell_phenotype	CL:0009008
large luteal cell	cell_phenotype	CL:0000592
large mTEC	cell_phenotype	CL:0002295
large medullary thymic epithelial cells	cell_phenotype	CL:0002295
large pre-B-II cell	cell_phenotype	CL:0000957
large pre-BII cell	cell_phenotype	CL:0000957
larval midgut cell	cell_phenotype	CL:0009003
late erythoblast	cell_phenotype	CL:0000552
late pro-B cell	cell_phenotype	CL:0002048
late promyelocyte	cell_phenotype	CL:0002151
late spermatid	cell_phenotype	CL:4030037
lateral ganglionic eminence derived neuron	cell_phenotype	CL:4023035
lateral line ganglion neuron	cell_phenotype	CL:2000031
lateral line nerve glial cell	cell_phenotype	CL:1000050
lateral mesodermal cell	cell_phenotype	CL:0011010
lateral motor column neuron	cell_phenotype	CL:0011002
lateral ventricle glial cell	cell_phenotype	CL:1001581
lateral ventricle neuron	cell_phenotype	CL:1001582
layer 2 marginal neuron	cell_phenotype	CL:4042012
leading edge cell	cell_phenotype	CL:0000730
lens cell	cell_phenotype	CL:0000306
lens epithelial cell	cell_phenotype	CL:0002224
lens fiber cell	cell_phenotype	CL:0011004
lens fibre cell	cell_phenotype	CL:0011004
leptomeningeal cell	cell_phenotype	CL:0000708
leucoblast	cell_phenotype	CL:0005003
leucocyte	cell_phenotype	CL:0000738
leucophore	cell_phenotype	CL:0000571
leukocyte	cell_phenotype	CL:0000738
ligament cell	cell_phenotype	CL:0000384
light chief cell of parathyroid gland	cell_phenotype	CL:0002229
light melanocyte	cell_phenotype	CL:0002567
light pinealocyte	cell_phenotype	CL:0010013
limb basal cell of epidermis	cell_phenotype	CL:2000033
limbal epithelial stem cell	cell_phenotype	CL:4033093
limbal epithelial stem cell of cornea	cell_phenotype	CL:4033093
limbal stem cell	cell_phenotype	CL:4033093
lining cell	cell_phenotype	CL:0000213
lipid-associated macrophage	cell_phenotype	CL:4033086
lipophage	cell_phenotype	CL:0000517
littoral cell of hepatic sinusoid	cell_phenotype	CL:0000091
littoral cell of liver	cell_phenotype	CL:0000684
liver CD103-negative dendritic cell	cell_phenotype	CL:0002505
liver CD103-positive dendritic cell	cell_phenotype	CL:0002506
liver NK cell	cell_phenotype	CL:4047101
liver dendritic cell	cell_phenotype	CL:2000055
liver macrophage	cell_phenotype	CL:0000091
liver progenitor cell	cell_phenotype	CL:0002196
liver resident natural killer cell	cell_phenotype	CL:4047101
liver sinusoidal endothelial cell	cell_phenotype	CL:1000398
liver-resident natural killer cell	cell_phenotype	CL:4047101
liver-specific natural killer cell	cell_phenotype	CL:4047101
local interneuron	cell_phenotype	CL:0004001
long lived plasma cell	cell_phenotype	CL:0000974
long term hematopoietic stem cell	cell_phenotype	CL:0002034
long wavelength sensitive cone	cell_phenotype	CL:0003048
long- (L) wavelength-sensitive cone	cell_phenotype	CL:0003048
long-range projecting sst GABAergic cortical interneuron (Mmus)	cell_phenotype	CL:4023025
long-wavelength cone	cell_phenotype	CL:0003048
lower motor neuron	cell_phenotype	CL:0008039
lower urinary tract cell	cell_phenotype	CL:1000600
lr-NK	cell_phenotype	CL:4047101
luminal adaptive secretory precursor cell of mammary gland	cell_phenotype	CL:4033057
luminal cell of acinus of lactiferous gland	cell_phenotype	CL:0002660
luminal cell of alveolus of lactiferous gland	cell_phenotype	CL:0002325
luminal cell of lactiferous duct	cell_phenotype	CL:0002662
luminal cell of lactiferous terminal ductal lobular unit	cell_phenotype	CL:0002661
luminal cell of prostate epithelium	cell_phenotype	CL:0002340
luminal cell of prostatic acinus	cell_phenotype	CL:0002235
luminal endometrial ciliated epithelial cell	cell_phenotype	CL:4030041
luminal endometrial multiciliated epithelial cell	cell_phenotype	CL:4030041
luminal endometrial unciliated epithelial cell	cell_phenotype	CL:4052023
luminal epithelial cell of mammary gland	cell_phenotype	CL:0002326
luminal epithelial cell of prostatic duct	cell_phenotype	CL:0002237
luminal hormone-sensing cell of mammary gland	cell_phenotype	CL:4033058
lung TRM CD8-positive, CD103-positive cell	cell_phenotype	CL:4033040
lung TRM CD8-positive, integrin alpha E-positive cell	cell_phenotype	CL:4033040
lung capillary endothelial cell	cell_phenotype	CL:4028001
lung ciliated cell	cell_phenotype	CL:1000271
lung endothelial cell	cell_phenotype	CL:1001567
lung epithelial cell	cell_phenotype	CL:0000082
lung goblet cell	cell_phenotype	CL:1000143
lung interstitial macrophage	cell_phenotype	CL:4033043
lung macrophage	cell_phenotype	CL:1001603
lung megakaryocyte	cell_phenotype	CL:4033018
lung microvascular endothelial cell	cell_phenotype	CL:2000016
lung migratory dendritic cell	cell_phenotype	CL:4033045
lung multiciliated epithelial cell	cell_phenotype	CL:1000271
lung neuroendocrine cell	cell_phenotype	CL:1000223
lung parenchyma resident eosinophil	cell_phenotype	CL:0019015
lung perichondrial fibroblast	cell_phenotype	CL:4033026
lung pericyte	cell_phenotype	CL:0009089
lung pericyte cell	cell_phenotype	CL:0009089
lung resident granzyme K-associated CD8 T cell	cell_phenotype	CL:4052020
lung resident megakaryocyte	cell_phenotype	CL:4033018
lung resident memory CD4 T cell	cell_phenotype	CL:4033038
lung resident memory CD4-positive, alpha-beta T cell	cell_phenotype	CL:4033038
lung resident memory CD8-positive CD103-positive, alpha-beta T cell	cell_phenotype	CL:4033040
lung resident memory CD8-positive, CD103-positive, alpha-beta T cell	cell_phenotype	CL:4033040
lung resident memory CD8-positive, alpha-beta T cell	cell_phenotype	CL:4033039
lung secretory cell	cell_phenotype	CL:1000272
lung type 1 cells	cell_phenotype	CL:0002062
lung type 2 cell	cell_phenotype	CL:0002063
lung-resident eosinophil	cell_phenotype	CL:0019015
lung-resident megakaryocyte	cell_phenotype	CL:4033018
luteal cell	cell_phenotype	CL:0000175
lutein cell	cell_phenotype	CL:0000175
luteinizing hormone secreting cell	cell_phenotype	CL:0000438
lymph gland crystal cell	cell_phenotype	CL:0000716
lymph gland hemocyte	cell_phenotype	CL:0000735
lymph gland plasmatocyte	cell_phenotype	CL:0000733
lymph node T cell domain fibroblastic reticular cell	cell_phenotype	CL:0009105
lymph node centroblast	cell_phenotype	CL:0009112
lymph node centrocyte	cell_phenotype	CL:0009111
lymph node fibroblastic reticular cell	cell_phenotype	CL:0009102
lymph node germinal center T follicular helper cell	cell_phenotype	CL:0009062
lymph node germinal center dark zone fibroblastic reticular cell	cell_phenotype	CL:0009104
lymph node lymphatic vessel endothelial cell	cell_phenotype	CL:0009115
lymph node macrophage	cell_phenotype	CL:0000868
lymph node mantle zone B cell	cell_phenotype	CL:0009037
lymph node marginal reticular cell	cell_phenotype	CL:0009103
lymph node marginal zone B cell	cell_phenotype	CL:0009060
lymph node medullary reticular cell	cell_phenotype	CL:0009106
lymph node medullary sinus macrophage	cell_phenotype	CL:0009047
lymph node paracortex T cell	cell_phenotype	CL:0009064
lymph node subcapsular sinus macrophage	cell_phenotype	CL:0000887
lymph node tingible body macrophage	cell_phenotype	CL:0000888
lymphangioblast	cell_phenotype	CL:0005020
lymphatic endothelial cell	cell_phenotype	CL:0002138
lymphatic endothelial cell of lymph node medulla ceiling	cell_phenotype	CL:0009110
lymphatic endothelial cell of lymph node trabecula	cell_phenotype	CL:0009109
lymphatic endothelial cell of medulla ceiling	cell_phenotype	CL:0009110
lymphatic endothelial cell of subcapsular sinus ceiling	cell_phenotype	CL:0009107
lymphatic endothelial cell of subcapsular sinus ceiling of lymph node	cell_phenotype	CL:0009107
lymphatic endothelial cell of subcapsular sinus floor	cell_phenotype	CL:0009108
lymphatic endothelial cell of subcapsular sinus floor of lymph node	cell_phenotype	CL:0009108
lymphatic endothelial cell of trabecula	cell_phenotype	CL:0009109
lymphatic endothelial cell of trabeculae	cell_phenotype	CL:0009109
lymphatic vessel smooth muscle cell	cell_phenotype	CL:0019017
lymphoblast	cell_phenotype	CL:0017005
lymphocyte	cell_phenotype	CL:0000542
lymphocyte of B lineage	cell_phenotype	CL:0000945
lymphocyte of B lineage, CD19-positive	cell_phenotype	CL:0001200
lymphocyte of large intestine lamina propria	cell_phenotype	CL:0009018
lymphocyte of small intestine lamina propria	cell_phenotype	CL:0009044
lymphoid MHC-II-negative classical monocyte	cell_phenotype	CL:0002474
lymphoid MHC-II-negative non-classical monocyte	cell_phenotype	CL:0002475
lymphoid dendritic cell	cell_phenotype	CL:0000784
lymphoid lineage restricted progenitor cell	cell_phenotype	CL:0000838
lymphoid tissue inducer cell	cell_phenotype	CL:0011018
lymphoid tissue–inducer cell	cell_phenotype	CL:0011018
lymphoid-primed multipotent progenitor	cell_phenotype	CL:0000936
lysosome-rich enterocyte	cell_phenotype	CL:0011032
lysozyme secreting cell	cell_phenotype	CL:0000323
mDC	cell_phenotype	CL:0000782
mTEC	cell_phenotype	CL:0002365
macroconidium	cell_phenotype	CL:0000606
macrocyte	cell_phenotype	CL:0002357
macroglial cell	cell_phenotype	CL:0000126
macrogliocyte	cell_phenotype	CL:0000126
macrophage	cell_phenotype	CL:0000235
macrophage dendritic cell progenitor	cell_phenotype	CL:0002009
macrophage derived foam cell	cell_phenotype	CL:0000517
macrophage of anorectum	cell_phenotype	CL:0009048
macrophage of appendix	cell_phenotype	CL:0009036
macrophage of appendix vermiformis	cell_phenotype	CL:0009036
macrophage of colon	cell_phenotype	CL:0009038
macrophage of gastrointestinal system (lamina propria)	cell_phenotype	CL:0000865
macrophage of gastrointestinal tract (lamina propria)	cell_phenotype	CL:0000865
macrophage of medullary sinus of lymph node	cell_phenotype	CL:0009047
macrophage of vermiform appendix	cell_phenotype	CL:0009036
macrophage polykaryon	cell_phenotype	CL:0000647
macrophagocytus stellatus	cell_phenotype	CL:0000091
macula densa epithelial cell	cell_phenotype	CL:1000850
macular hair cell	cell_phenotype	CL:0005008
magnocellular neuron	cell_phenotype	CL:0011003
magnocellular neurosecretory cell	cell_phenotype	CL:0011003
male gamete	cell_phenotype	CL:0000408
male germ cell	cell_phenotype	CL:0000015
male germ line stem cell	cell_phenotype	CL:0000016
male gonocyte	cell_phenotype	CL:0002238
male primordial germ cell	cell_phenotype	CL:0002238
malignant cell	cell_phenotype	CL:0001064
malpighian cell	cell_phenotype	CL:0000312
malpighian tubule tip cell	cell_phenotype	CL:1000182
mammary alveolar epithelial cell	cell_phenotype	CL:0002325
mammary epithelial cell	cell_phenotype	CL:0002327
mammary gland alveolar epithelial cell	cell_phenotype	CL:0002325
mammary gland epithelial cell	cell_phenotype	CL:0002327
mammary gland glandular cell	cell_phenotype	CL:1001586
mammary microvascular endothelial cell	cell_phenotype	CL:2000071
mammary stem cell	cell_phenotype	CL:0002451
mammillary body neuron	cell_phenotype	CL:4023074
mammosomatotroph	cell_phenotype	CL:0002310
mammotrope	cell_phenotype	CL:0002311
mammotroph	cell_phenotype	CL:0002311
mammotrophic cell	cell_phenotype	CL:0002311
mammotropic cell	cell_phenotype	CL:0002311
mantle zone B cell of lymph node	cell_phenotype	CL:0009037
marginal zone B cell of lymph node	cell_phenotype	CL:0009060
marginal zone B cell of spleen	cell_phenotype	CL:0000845
marginal zone of spleen B cell	cell_phenotype	CL:0000845
marrow fibroblast	cell_phenotype	CL:0002240
mast cell	cell_phenotype	CL:0000097
mast cell progenitor	cell_phenotype	CL:0000831
mastocyte	cell_phenotype	CL:0000097
matrix D1 medium spiny neuron	cell_phenotype	CL:4030043
matrix D2 medium spiny neuron	cell_phenotype	CL:4030047
mature B cell	cell_phenotype	CL:0000785
mature B lymphocyte	cell_phenotype	CL:0000785
mature B-cell	cell_phenotype	CL:0000785
mature B-lymphocyte	cell_phenotype	CL:0000785
mature CD11c-low plasmacytoid dendritic cell	cell_phenotype	CL:0000993
mature CD11c-negative plasmacytoid dendritic cell	cell_phenotype	CL:0000996
mature CD14-positive dermal dendritic cell	cell_phenotype	CL:0002528
mature CD16-positive myeloid dendritic cell	cell_phenotype	CL:0002534
mature CD1a-positive Langerhans cell	cell_phenotype	CL:0001017
mature CD1a-positive dermal dendritic cell	cell_phenotype	CL:0002531
mature CD4 single-positive thymocyte	cell_phenotype	CL:0002436
mature CD8 single-positive thymocyte	cell_phenotype	CL:0002437
mature CD8-alpha-low Langerhans cell	cell_phenotype	CL:0001020
mature CD8-alpha-negative CD11b-negative dendritic cell	cell_phenotype	CL:0001002
mature CD8-alpha-negative CD11b-positive dendritic cell	cell_phenotype	CL:0001003
mature CD8-alpha-positive CD11b-negative dendritic cell	cell_phenotype	CL:0001005
mature DEC precursor	cell_phenotype	CL:0002401
mature DETC precursor	cell_phenotype	CL:0002401
mature NK T cell	cell_phenotype	CL:0000814
mature NK T lymphocyte	cell_phenotype	CL:0000814
mature NK T-cell	cell_phenotype	CL:0000814
mature NK T-lymphocyte	cell_phenotype	CL:0000814
mature NK cell	cell_phenotype	CL:0000824
mature NKT cell	cell_phenotype	CL:0000814
mature T cell	cell_phenotype	CL:0002419
mature T-cell	cell_phenotype	CL:0002419
mature Vg1.1+Vd6.3+ T cell	cell_phenotype	CL:0002416
mature Vgamma1.1-positive, Vdelta6.3-negative thymocyte	cell_phenotype	CL:0002413
mature Vgamma1.1-positive, Vdelta6.3-positive thymocyte	cell_phenotype	CL:0002416
mature Vgamma2-negative thymocyte	cell_phenotype	CL:0002409
mature Vgamma2-positive fetal thymocyte	cell_phenotype	CL:0002403
mature Vgamma2-positive thymocyte	cell_phenotype	CL:0002407
mature alpha-beta T cell	cell_phenotype	CL:0000791
mature alpha-beta T lymphocyte	cell_phenotype	CL:0000791
mature alpha-beta T-cell	cell_phenotype	CL:0000791
mature alpha-beta T-lymphocyte	cell_phenotype	CL:0000791
mature astrocyte	cell_phenotype	CL:0002627
mature astrocytic glia	cell_phenotype	CL:0002627
mature basophil	cell_phenotype	CL:0000043
mature basophil leucocyte	cell_phenotype	CL:0000043
mature basophil leukocyte	cell_phenotype	CL:0000043
mature conventional dendritic cell	cell_phenotype	CL:0000841
mature dendritic epithelial T cell precursor	cell_phenotype	CL:0002401
mature dermal dendritic cell	cell_phenotype	CL:0001010
mature eosinocyte	cell_phenotype	CL:0000041
mature eosinophil	cell_phenotype	CL:0000041
mature eosinophil leucocyte	cell_phenotype	CL:0000041
mature eosinophil leukocyte	cell_phenotype	CL:0000041
mature gamma-delta T cell	cell_phenotype	CL:0000800
mature gamma-delta T lymphocyte	cell_phenotype	CL:0000800
mature gamma-delta T-cell	cell_phenotype	CL:0000800
mature gamma-delta T-lymphocyte	cell_phenotype	CL:0000800
mature interstitial dendritic cell	cell_phenotype	CL:0001013
mature microglia	cell_phenotype	CL:0002629
mature microglial cell	cell_phenotype	CL:0002629
mature natural killer T cell	cell_phenotype	CL:0000814
mature natural killer T lymphocyte	cell_phenotype	CL:0000814
mature natural killer T-cell	cell_phenotype	CL:0000814
mature natural killer T-lymphocyte	cell_phenotype	CL:0000814
mature natural killer cell	cell_phenotype	CL:0000824
mature neutrocyte	cell_phenotype	CL:0000096
mature neutrophil	cell_phenotype	CL:0000096
mature neutrophil leucocyte	cell_phenotype	CL:0000096
mature neutrophil leukocyte	cell_phenotype	CL:0000096
mature neutrophilic leucocyte	cell_phenotype	CL:0000096
mature neutrophilic leukocyte	cell_phenotype	CL:0000096
mature oocyte	cell_phenotype	CL:0000025
mechanoreceptor cell	cell_phenotype	CL:0000199
medial ganglionic eminence derived GABAergic cortical interneuron	cell_phenotype	CL:4023069
medial ganglionic eminence derived interneuron	cell_phenotype	CL:4023063
medium field retinal amacrine cell	cell_phenotype	CL:0004252
medium spiny neuron	cell_phenotype	CL:1001474
medulla-projecting extratelencephalic-projecting glutamatergic neuron of the primary motor cortex	cell_phenotype	CL:4023045
medulla-projecting glutamatergic neuron of the primary motor cortex	cell_phenotype	CL:4023045
medullary chromaffin cell of adrenal gland	cell_phenotype	CL:0000336
medullary reticular cell	cell_phenotype	CL:0009106
medullary reticular cell of lymph node	cell_phenotype	CL:0009106
medullary thymic epithelial cell	cell_phenotype	CL:0002365
medullary thymic epithelial cell type 1	cell_phenotype	CL:0009071
medullary thymic epithelial cell type 2	cell_phenotype	CL:0009072
medullary thymic epithelial cell type 3	cell_phenotype	CL:0009073
medullary thymic epithelial cell type 4	cell_phenotype	CL:0009074
megacaryoblast	cell_phenotype	CL:0000553
megacaryocyte	cell_phenotype	CL:0000556
megacaryocyte progenitor cell	cell_phenotype	CL:0000553
megakaryoblast	cell_phenotype	CL:0000553
megakaryocyte	cell_phenotype	CL:0000556
megakaryocyte progenitor cell	cell_phenotype	CL:0000553
megakaryocyte-erythroid progenitor cell	cell_phenotype	CL:0000050
megakaryocyte/erythrocyte progenitor	cell_phenotype	CL:0000050
megakaryocyte/erythroid progenitor cell	cell_phenotype	CL:0000050
megakaryocytic progenitor cell	cell_phenotype	CL:0000553
megalocaryocyte	cell_phenotype	CL:0000556
megalocyte	cell_phenotype	CL:0002356
megalokaryocyte	cell_phenotype	CL:0000556
meiotically-derived spore	cell_phenotype	CL:0000596
meis2 expressing cortical GABAergic cell	cell_phenotype	CL:4023065
melanin-concentrating hormone neuron	cell_phenotype	CL:4042036
melanoblast	cell_phenotype	CL:0000541
melanocyte	cell_phenotype	CL:0000148
melanocyte of eyelid	cell_phenotype	CL:1000391
melanocyte of foreskin	cell_phenotype	CL:2000045
melanocyte of skin	cell_phenotype	CL:1000458
melanocyte of skin of face	cell_phenotype	CL:2000081
melanocyte stimulating hormone secreting cell	cell_phenotype	CL:0000440
melanophage	cell_phenotype	CL:0002060
melanotic melanocyte	cell_phenotype	CL:0002566
melanotic melanophore	cell_phenotype	CL:0002566
melanotrope	cell_phenotype	CL:0000440
melanotroph	cell_phenotype	CL:0000440
membranous pneumocytes	cell_phenotype	CL:0002062
memory B cell	cell_phenotype	CL:0000787
memory B lymphocyte	cell_phenotype	CL:0000787
memory B-cell	cell_phenotype	CL:0000787
memory B-lymphocyte	cell_phenotype	CL:0000787
memory CCR4+ Treg	cell_phenotype	CL:0001046
memory CCR4-positive regulatory T cell	cell_phenotype	CL:0001046
memory CCR4-positive regulatory T lymphocyte	cell_phenotype	CL:0001046
memory CCR4-positive regulatory T-cell	cell_phenotype	CL:0001046
memory CCR4-positive regulatory T-lymphocyte	cell_phenotype	CL:0001046
memory IgA B cell	cell_phenotype	CL:0000973
memory IgA B lymphocyte	cell_phenotype	CL:0000973
memory IgA B-cell	cell_phenotype	CL:0000973
memory IgA B-lymphocyte	cell_phenotype	CL:0000973
memory IgE B cell	cell_phenotype	CL:0000948
memory IgE B lymphocyte	cell_phenotype	CL:0000948
memory IgE B-cell	cell_phenotype	CL:0000948
memory IgE B-lymphocyte	cell_phenotype	CL:0000948
memory IgG B cell	cell_phenotype	CL:0000979
memory IgG B lymphocyte	cell_phenotype	CL:0000979
memory IgG B-cell	cell_phenotype	CL:0000979
memory IgG B-lymphocyte	cell_phenotype	CL:0000979
memory IgM B cell	cell_phenotype	CL:0000971
memory IgM B lymphocyte	cell_phenotype	CL:0000971
memory IgM B-cell	cell_phenotype	CL:0000971
memory IgM B-lymphocyte	cell_phenotype	CL:0000971
memory T cell	cell_phenotype	CL:0000813
memory T lymphocyte	cell_phenotype	CL:0000813
memory T-cell	cell_phenotype	CL:0000813
memory T-lymphocyte	cell_phenotype	CL:0000813
memory alpha beta IEL	cell_phenotype	CL:0002037
memory regulatory T cell	cell_phenotype	CL:0002678
meningeal macrophage	cell_phenotype	CL:0000879
meningothelial cell	cell_phenotype	CL:0002379
mesangial cell	cell_phenotype	CL:0000650
mesangial phagocyte	cell_phenotype	CL:0000777
mesenchymal cell	cell_phenotype	CL:0008019
mesenchymal lymphangioblast	cell_phenotype	CL:0005021
mesenchymal stem cell	cell_phenotype	CL:0000134
mesenchymal stem cell of Wharton's jelly	cell_phenotype	CL:0002568
mesenchymal stem cell of abdominal adipose	cell_phenotype	CL:2000080
mesenchymal stem cell of abdominal adipose tissue	cell_phenotype	CL:2000080
mesenchymal stem cell of adipose	cell_phenotype	CL:0002570
mesenchymal stem cell of adipose tissue	cell_phenotype	CL:0002570
mesenchymal stem cell of apical papilla	cell_phenotype	CL:4040005
mesenchymal stem cell of femoral bone marrow	cell_phenotype	CL:2000079
mesenchymal stem cell of orbital adipose tissue	cell_phenotype	CL:4040004
mesenchymal stem cell of the bone marrow	cell_phenotype	CL:0002540
mesenchymal stem cell of umbilical cord	cell_phenotype	CL:0002569
mesenchyme cell	cell_phenotype	CL:0008019
mesenchyme condensation cell	cell_phenotype	CL:0000335
mesenteric preadipocyte	cell_phenotype	CL:0002578
meso-epithelial cell	cell_phenotype	CL:0002078
mesoblast	cell_phenotype	CL:0000222
mesoderm cell	cell_phenotype	CL:0000222
mesodermal cell	cell_phenotype	CL:0000222
mesonephric glomerular visceral epithelial cell	cell_phenotype	CL:0002523
mesonephric nephron tubule epithelial cell	cell_phenotype	CL:1000022
mesonephric podocyte	cell_phenotype	CL:0002523
mesothelial cell	cell_phenotype	CL:0000077
mesothelial cell of anterior chamber of eye	cell_phenotype	CL:1000444
mesothelial cell of appendix	cell_phenotype	CL:0009029
mesothelial cell of appendix vermiformis	cell_phenotype	CL:0009029
mesothelial cell of colon	cell_phenotype	CL:0009025
mesothelial cell of dura mater	cell_phenotype	CL:1000298
mesothelial cell of epicardium	cell_phenotype	CL:0011019
mesothelial cell of parietal peritoneum	cell_phenotype	CL:1000456
mesothelial cell of parietal pleura	cell_phenotype	CL:1000492
mesothelial cell of peritoneum	cell_phenotype	CL:1000490
mesothelial cell of pleura	cell_phenotype	CL:1000491
mesothelial cell of small intestine	cell_phenotype	CL:0009024
mesothelial cell of vermiform appendix	cell_phenotype	CL:0009029
mesothelial cell of visceral peritoneum	cell_phenotype	CL:1000457
mesothelial cell of visceral pleura	cell_phenotype	CL:1000493
mesothelial fibroblast	cell_phenotype	CL:4023054
mesothelial fibroblast of the leptomeninx	cell_phenotype	CL:4023058
mesotheliocyte	cell_phenotype	CL:0000077
metal ion accumulating cell	cell_phenotype	CL:0000308
metallothionein-positive alveolar macrophage	cell_phenotype	CL:4033042
metamyelocyte	cell_phenotype	CL:0002192
metanephric glomerular visceral epithelial cell	cell_phenotype	CL:0002525
metanephric mesenchyme stem cell	cell_phenotype	CL:0000324
metanephric nephron tubule epithelial cell	cell_phenotype	CL:1000123
metanephric podocyte	cell_phenotype	CL:0002525
microcirculation associated smooth muscle cell	cell_phenotype	CL:0008035
microconidium	cell_phenotype	CL:0000597
microfold cell	cell_phenotype	CL:0000682
microfold cell of epithelium of intestinal villus	cell_phenotype	CL:1000354
microfold cell of epithelium of small intestine	cell_phenotype	CL:1000353
microfold cell of epithelium proper of anorectum	cell_phenotype	CL:0009054
microfold cell of epithelium proper of appendix	cell_phenotype	CL:1000359
microfold cell of epithelium proper of duodenum	cell_phenotype	CL:1000356
microfold cell of epithelium proper of ileum	cell_phenotype	CL:1000358
microfold cell of epithelium proper of jejunum	cell_phenotype	CL:1000357
microfold cell of epithelium proper of large intestine	cell_phenotype	CL:1000360
microfold cell of epithelium proper of small intestine	cell_phenotype	CL:1000355
microglial cell	cell_phenotype	CL:0000129
microgliocyte	cell_phenotype	CL:0000129
micropylar cell	cell_phenotype	CL:0007022
microvascular endothelial cell	cell_phenotype	CL:2000008
microvillous olfactory receptor neuron	cell_phenotype	CL:0000848
microvillous olfactory sensory neuron	cell_phenotype	CL:0000848
midbrain dopaminergic neuron	cell_phenotype	CL:2000097
midbrain-derived inhibitory neuron	cell_phenotype	CL:4023079
middle primary motoneuron	cell_phenotype	CL:4042041
middle wavelength sensitive cone	cell_phenotype	CL:0003049
middle- (M) wavelength-sensitive cone	cell_phenotype	CL:0003049
middle-wavelength-sensitive (M) cone	cell_phenotype	CL:0003049
midget ganglion cell of retina	cell_phenotype	CL:4023188
midzonal hepatocyte	cell_phenotype	CL:0019028
midzonal region hepatocyte	cell_phenotype	CL:0019028
migratory cardiac neural crest cell	cell_phenotype	CL:2000073
migratory cranial neural crest cell	cell_phenotype	CL:0000008
migratory enteric neural crest cell	cell_phenotype	CL:0002607
migratory neural crest cell	cell_phenotype	CL:0000333
migratory trunk neural crest cell	cell_phenotype	CL:0000011
milk secreting cell	cell_phenotype	CL:0000314
mineralocorticoid secreting cell	cell_phenotype	CL:0000456
mitogenic signaling cell	cell_phenotype	CL:0000422
mitral cell	cell_phenotype	CL:1001502
molecular layer interneuron	cell_phenotype	CL:4042035
monoblast	cell_phenotype	CL:0000040
monocyte	cell_phenotype	CL:0000576
monocyte-derived dendritic cell	cell_phenotype	CL:0011031
monocytoid B cell	cell_phenotype	CL:0009114
mononuclear cell	cell_phenotype	CL:0000842
mononuclear cell of bone marrow	cell_phenotype	CL:0010004
mononuclear cell of umbilical cord	cell_phenotype	CL:2000085
mononuclear cytotrophoblast cell	cell_phenotype	CL:0000523
mononuclear leukocyte	cell_phenotype	CL:0000842
mononuclear odontoclast	cell_phenotype	CL:0000781
mononuclear osteoclast	cell_phenotype	CL:0000778
mononuclear phagocyte	cell_phenotype	CL:0000113
monopoietic cell	cell_phenotype	CL:0002194
monostratified amacrine cell	cell_phenotype	CL:0004226
monostratified cell	cell_phenotype	CL:0004246
morula cell	cell_phenotype	CL:0000360
motile cell	cell_phenotype	CL:0000219
motile sperm cell	cell_phenotype	CL:0011013
motilin secreting cell	cell_phenotype	CL:0002272
motoneuron	cell_phenotype	CL:0000100
motor neuron	cell_phenotype	CL:0000100
mucosa-associated lymphoid tissue macrophage	cell_phenotype	CL:0000884
mucosal invariant T cell	cell_phenotype	CL:0000940
mucosal invariant T lymphocyte	cell_phenotype	CL:0000940
mucosal invariant T-cell	cell_phenotype	CL:0000940
mucosal invariant T-lymphocyte	cell_phenotype	CL:0000940
mucosal type mast cell	cell_phenotype	CL:0000485
mucous cell	cell_phenotype	CL:0000319
mucous cell of stomach	cell_phenotype	CL:0002180
mucous neck cell	cell_phenotype	CL:0000651
mucous neck cell of gastric gland	cell_phenotype	CL:0002181
mucus neck cell of gastric gland	cell_phenotype	CL:0002181
mucus secreting cell	cell_phenotype	CL:0000319
mucus secreting cell of bronchus submucosal gland	cell_phenotype	CL:4033022
mucus secreting cell of trachea gland	cell_phenotype	CL:4033020
mucus secreting cell of tracheobronchial tree submucosal gland	cell_phenotype	CL:4033037
multi fate stem cell	cell_phenotype	CL:0000048
multi-ciliated epithelial cell	cell_phenotype	CL:0005012
multi-fate stem cell	cell_phenotype	CL:0000048
multi-potent skeletal muscle stem cell	cell_phenotype	CL:0000355
multiciliated columnar cell of tracheobronchial tree	cell_phenotype	CL:0002145
multiciliated ependymal cell	cell_phenotype	CL:4052001
multiciliated epithelial cell	cell_phenotype	CL:0005012
multiciliated epithelial cell of the bronchus	cell_phenotype	CL:0002332
multifate stem cell	cell_phenotype	CL:0000048
multinuclear odontoclast	cell_phenotype	CL:0000780
multinuclear osteoclast	cell_phenotype	CL:0000779
multinucleate arthroconidium	cell_phenotype	CL:0002388
multinucleate blastoconidium	cell_phenotype	CL:0002391
multinucleate cell	cell_phenotype	CL:0000228
multinucleate conidium	cell_phenotype	CL:0002382
multinucleate giant cell	cell_phenotype	CL:0000647
multinucleate macroconidium	cell_phenotype	CL:0002386
multinucleated cells	cell_phenotype	CL:0000228
multinucleated giant cell	cell_phenotype	CL:0000647
multinucleated odontoclast	cell_phenotype	CL:0000780
multinucleated osteoclast	cell_phenotype	CL:0000779
multinucleated phagocyte	cell_phenotype	CL:0000783
multipolar neuron	cell_phenotype	CL:0000104
multipotent cell	cell_phenotype	CL:0000048
multipotent stem cell	cell_phenotype	CL:0000048
multivesicular cell	cell_phenotype	CL:0002204
mural cell	cell_phenotype	CL:0008034
mural granulosa cell	cell_phenotype	CL:4033067
murine MDP	cell_phenotype	CL:0002011
muscle attachment cell	cell_phenotype	CL:0000388
muscle cell	cell_phenotype	CL:0000187
muscle fiber	cell_phenotype	CL:0000187
muscle fibroblast	cell_phenotype	CL:1001609
muscle founder cell	cell_phenotype	CL:0008006
muscle precursor cell	cell_phenotype	CL:0000680
myelinating Schwann cell	cell_phenotype	CL:0000218
myelinating glial cell	cell_phenotype	CL:4023154
myeloblast	cell_phenotype	CL:0000835
myelocyte	cell_phenotype	CL:0002193
myeloid cell	cell_phenotype	CL:0000763
myeloid dendritic cell	cell_phenotype	CL:0000782
myeloid dendritic cell, human	cell_phenotype	CL:0001057
myeloid leukocyte	cell_phenotype	CL:0000766
myeloid lineage restricted progenitor cell	cell_phenotype	CL:0000839
myeloid suppressor cell	cell_phenotype	CL:0000889
myo-medullary thymic epithelial cell	cell_phenotype	CL:0009075
myoblast	cell_phenotype	CL:0000056
myoblast, smooth muscle	cell_phenotype	CL:0000514
myocardial endocrine cell	cell_phenotype	CL:0002074
myocardial endocrine cell of atrium	cell_phenotype	CL:0002663
myocardial endocrine cell of interventricular septum	cell_phenotype	CL:1000482
myocardial endocrine cell of septal division of left branch of atrioventricular bundle	cell_phenotype	CL:1000375
myocyte	cell_phenotype	CL:0000187
myocyte of anterior internodal tract	cell_phenotype	CL:1000287
myocyte of atrial branch of anterior internodal tract	cell_phenotype	CL:1000288
myocyte of atrial septal branch of anterior internodal tract	cell_phenotype	CL:1000289
myocyte of atrioventricular node	cell_phenotype	CL:1000410
myocyte of middle internodal tract	cell_phenotype	CL:1000290
myocyte of posterior internodal tract	cell_phenotype	CL:1000291
myocyte of sinoatrial node	cell_phenotype	CL:1000409
myocytes, smooth muscle	cell_phenotype	CL:0000192
myocytus conducens cardiacus	cell_phenotype	CL:0002068
myocytus nodalis	cell_phenotype	CL:0002072
myoendocrine cell	cell_phenotype	CL:0000689
myoepithelial cell	cell_phenotype	CL:0000185
myoepithelial cell of acinus of lactiferous gland	cell_phenotype	CL:1000468
myoepithelial cell of bronchus submucosal gland	cell_phenotype	CL:4033003
myoepithelial cell of dilator pupillae	cell_phenotype	CL:1000445
myoepithelial cell of intralobular lactiferous duct	cell_phenotype	CL:1000394
myoepithelial cell of lactiferous alveolus	cell_phenotype	CL:1000418
myoepithelial cell of lactiferous duct	cell_phenotype	CL:1000419
myoepithelial cell of main lactiferous duct	cell_phenotype	CL:1000469
myoepithelial cell of mammary alveolus	cell_phenotype	CL:1000418
myoepithelial cell of mammary gland	cell_phenotype	CL:0002324
myoepithelial cell of primary lactiferous duct	cell_phenotype	CL:1000470
myoepithelial cell of quarternary lactiferous duct	cell_phenotype	CL:1000473
myoepithelial cell of secondary lactiferous duct	cell_phenotype	CL:1000471
myoepithelial cell of sweat gland	cell_phenotype	CL:1000417
myoepithelial cell of terminal lactiferous duct	cell_phenotype	CL:1000420
myoepithelial cell of tertiary lactiferous duct	cell_phenotype	CL:1000472
myoepithelial cell of trachea gland	cell_phenotype	CL:4033021
myoepitheliocyte	cell_phenotype	CL:0000185
myofiber	cell_phenotype	CL:0002372
myofibra extrafusalis	cell_phenotype	CL:0008046
myofibra intrafusalis	cell_phenotype	CL:0008047
myofibril	cell_phenotype	CL:0002372
myofibroblast cell	cell_phenotype	CL:0000186
myometrial cell	cell_phenotype	CL:0002366
myometrium smooth muscle cell	cell_phenotype	CL:0002366
myotube	cell_phenotype	CL:0002372
nTreg	cell_phenotype	CL:0000903
naive B cell	cell_phenotype	CL:0000788
naive B lymphocyte	cell_phenotype	CL:0000788
naive B-cell	cell_phenotype	CL:0000788
naive B-lymphocyte	cell_phenotype	CL:0000788
naive CCR4+ Treg	cell_phenotype	CL:0001045
naive CCR4-positive regulatory T cell	cell_phenotype	CL:0001045
naive CCR4-positive regulatory T lymphocyte	cell_phenotype	CL:0001045
naive CCR4-positive regulatory T-cell	cell_phenotype	CL:0001045
naive CCR4-positive regulatory T-lymphocyte	cell_phenotype	CL:0001045
naive T cell	cell_phenotype	CL:0000898
naive T lymphocyte	cell_phenotype	CL:0000898
naive T-cell	cell_phenotype	CL:0000898
naive T-lymphocyte	cell_phenotype	CL:0000898
naive regulatory T cell	cell_phenotype	CL:0002677
naive regulatory T lymphocyte	cell_phenotype	CL:0002677
naive regulatory T-cell	cell_phenotype	CL:0002677
naive regulatory T-lymphocyte	cell_phenotype	CL:0002677
naive thymus-derived CD4-positive, alpha-beta T cell	cell_phenotype	CL:0000895
naive thymus-derived CD4-positive, alpha-beta T lymphocyte	cell_phenotype	CL:0000895
naive thymus-derived CD4-positive, alpha-beta T-cell	cell_phenotype	CL:0000895
naive thymus-derived CD4-positive, alpha-beta T-lymphocyte	cell_phenotype	CL:0000895
naive thymus-derived CD8-positive, alpha-beta T cell	cell_phenotype	CL:0000900
naive thymus-dervied CD8-positive, alpha-beta T lymphocyte	cell_phenotype	CL:0000900
naive thymus-dervied CD8-positive, alpha-beta T-cell	cell_phenotype	CL:0000900
naive thymus-dervied CD8-positive, alpha-beta T-lymphocyte	cell_phenotype	CL:0000900
narrow field retinal amacrine cell	cell_phenotype	CL:0004251
nasal and broncial associated lymphoid tissue macrophage	cell_phenotype	CL:0000886
nasal cavity respiratory epithelium epithelial cell of viscerocranial mucosa	cell_phenotype	CL:2000094
nasal mucosa goblet cell	cell_phenotype	CL:0002480
nasal serous secreting cell	cell_phenotype	CL:4042016
nasopharyngeal epithelial cell	cell_phenotype	CL:1001573
natural T-regulatory cell	cell_phenotype	CL:0000903
natural Treg	cell_phenotype	CL:0000903
natural helper cell	cell_phenotype	CL:0001069
natural helper lymphocyte	cell_phenotype	CL:0002679
natural killer cell	cell_phenotype	CL:0000623
natural killer cell progenitor	cell_phenotype	CL:0000825
natural regulatory T cell	cell_phenotype	CL:0000903
natural regulatory T lymphocyte	cell_phenotype	CL:0000903
natural regulatory T-cell	cell_phenotype	CL:0000903
natural regulatory T-lymphocyte	cell_phenotype	CL:0000903
near-projecting glutamatergic cortical neuron	cell_phenotype	CL:4023012
neck of uterus epithelial cell	cell_phenotype	CL:0002535
nematoblast	cell_phenotype	CL:0000018
nematocyte	cell_phenotype	CL:0011029
neocortex basket cell	cell_phenotype	CL:2000086
neonatal cardiomyocyte	cell_phenotype	CL:0002495
neoplastic cell	cell_phenotype	CL:0001063
nephrocyte	cell_phenotype	CL:0002520
nephrogenic mesenchyme stem cell	cell_phenotype	CL:0000383
nephrogenic zone cell	cell_phenotype	CL:0009019
nephron tubule epithelial cell	cell_phenotype	CL:1000494
nerve cell	cell_phenotype	CL:0000540
nest basket cell	cell_phenotype	CL:4023089
neural cell	cell_phenotype	CL:0002319
neural crest cell	cell_phenotype	CL:0011012
neural crest derived adipocyte	cell_phenotype	CL:0002333
neural crest derived fibroblast	cell_phenotype	CL:0000005
neural crest derived neuroblast	cell_phenotype	CL:0002676
neural crest derived neuron	cell_phenotype	CL:0000029
neural placode cell	cell_phenotype	CL:0000032
neural progenitor cell	cell_phenotype	CL:0011020
neural stem cell	cell_phenotype	CL:0000047
neurecto-epithelial cell	cell_phenotype	CL:0000710
neurectoderm cell	cell_phenotype	CL:0000133
neurectodermal cell	cell_phenotype	CL:0000133
neurilemmal cell	cell_phenotype	CL:0000218
neuro-epithelial cell of prostate gland	cell_phenotype	CL:0002313
neuro-glioblast	cell_phenotype	CL:0000468
neuro-medullary thymic epithelial cell	cell_phenotype	CL:0009076
neuroblast	cell_phenotype	CL:0000031
neuroblast (sensu Nematoda and Protostomia)	cell_phenotype	CL:0000338
neuroblast (sensu Vertebrata)	cell_phenotype	CL:0000031
neuroendocrine cell	cell_phenotype	CL:0000165
neuroendocrine cell of epithelium of crypt of Lieberkuhn	cell_phenotype	CL:4033002
neuroendocrine cell of epithelium of lobar bronchus	cell_phenotype	CL:4033010
neuroendocrine cell of prostate epithelium	cell_phenotype	CL:0017002
neuroendocrine cell of the prostate	cell_phenotype	CL:0017002
neuroepithelial stem cell	cell_phenotype	CL:0002259
neurogliaform cell	cell_phenotype	CL:0000693
neurogliaform lamp5 GABAergic cortical interneuron (Mmus)	cell_phenotype	CL:4023024
neuroglial cell	cell_phenotype	CL:0000125
neuroglioblast	cell_phenotype	CL:0000468
neuroglioblast (sensu Nematoda and Protostomia)	cell_phenotype	CL:0000468
neuroglioblast (sensu Nematoda)	cell_phenotype	CL:0000662
neuroglioform cell	cell_phenotype	CL:0000693
neurolemmocyte	cell_phenotype	CL:0002573
neuromast hair cell	cell_phenotype	CL:0000856
neuromast mantle cell	cell_phenotype	CL:0000851
neuromast support cell	cell_phenotype	CL:0000852
neuromast supporting cell	cell_phenotype	CL:0000852
neuron	cell_phenotype	CL:0000540
neuron associated cell	cell_phenotype	CL:0000095
neuron associated cell (sensu Nematoda and Protostomia)	cell_phenotype	CL:0000130
neuron associated cell (sensu Vertebrata)	cell_phenotype	CL:0000123
neuron neural crest derived	cell_phenotype	CL:0000029
neuron of cerebral cortex	cell_phenotype	CL:0010012
neuron of the dorsal spinal cord	cell_phenotype	CL:0002611
neuron of the forebrain	cell_phenotype	CL:0012001
neuron of the substantia nigra	cell_phenotype	CL:0002614
neuron of the ventral spinal cord	cell_phenotype	CL:0002612
neuronal brush cell	cell_phenotype	CL:0000555
neuronal receptor cell	cell_phenotype	CL:0000006
neuronal receptor cell (sensu Animalia)	cell_phenotype	CL:0000006
neuronal stem cell	cell_phenotype	CL:0000047
neuronal-restricted precursor	cell_phenotype	CL:4042021
neuroplacodal cell	cell_phenotype	CL:0000032
neutrocyte	cell_phenotype	CL:0000775
neutrophil	cell_phenotype	CL:0000775
neutrophil leucocyte	cell_phenotype	CL:0000775
neutrophil leukocyte	cell_phenotype	CL:0000775
neutrophil progenitor cell	cell_phenotype	CL:0000834
neutrophilic leucocyte	cell_phenotype	CL:0000775
neutrophilic leukocyte	cell_phenotype	CL:0000775
neutrophilic metamyelocyte	cell_phenotype	CL:0000582
neutrophilic myeloblast	cell_phenotype	CL:0000042
neutrophilic myelocyte	cell_phenotype	CL:0000580
neutrophilic premyelocyte	cell_phenotype	CL:0000564
neutrophilic progranulocyte	cell_phenotype	CL:0000564
neutrophilic promyelocyte	cell_phenotype	CL:0000564
newly formed B cell	cell_phenotype	CL:0000816
nitrergic neuron	cell_phenotype	CL:0000528
nitrogen fixing cell	cell_phenotype	CL:0000725
nociceptor	cell_phenotype	CL:0000198
nocireceptor	cell_phenotype	CL:0000198
nodal myocyte	cell_phenotype	CL:0002072
non keratinizing barrier epithelial cell	cell_phenotype	CL:0000238
non-MY ET M1	cell_phenotype	CL:4023044
non-MY ET MOp (Mus)	cell_phenotype	CL:4023044
non-branched duct epithelial cell	cell_phenotype	CL:0000072
non-class-switched memory B cell	cell_phenotype	CL:0000970
non-classical monocyte	cell_phenotype	CL:0000875
non-classical monocyte, human	cell_phenotype	CL:0002396
non-keratinized squamous epithelial cell of esophagus	cell_phenotype	CL:0009096
non-keratinizing squamous epithelial cell of esophagus	cell_phenotype	CL:0009096
non-medulla, extratelencephalic-projecting glutamatergic neuron of the primary motor cortex	cell_phenotype	CL:4023044
non-motile sperm cell	cell_phenotype	CL:0011014
non-myelinating Schwann cell	cell_phenotype	CL:0002376
non-nucleated cell	cell_phenotype	CL:0000225
non-nucleated secondary lens fiber	cell_phenotype	CL:0002226
non-nucleated secondary lens fibre	cell_phenotype	CL:0002226
non-pigmented ciliary epithelial cell	cell_phenotype	CL:0002304
non-striated muscle cell	cell_phenotype	CL:0008000
non-striated muscle fiber of ascending colon	cell_phenotype	CL:1000282
non-striated muscle fiber of cecum	cell_phenotype	CL:1000281
non-striated muscle fiber of colon	cell_phenotype	CL:1000280
non-striated muscle fiber of descending colon	cell_phenotype	CL:1000284
non-striated muscle fiber of duodenum	cell_phenotype	CL:1000276
non-striated muscle fiber of ileum	cell_phenotype	CL:1000278
non-striated muscle fiber of jejunum	cell_phenotype	CL:1000277
non-striated muscle fiber of large intestine	cell_phenotype	CL:1000279
non-striated muscle fiber of rectum	cell_phenotype	CL:1000286
non-striated muscle fiber of sigmoid colon	cell_phenotype	CL:1000285
non-striated muscle fiber of small intestine	cell_phenotype	CL:1000275
non-striated muscle fiber of transverse colon	cell_phenotype	CL:1000283
non-terminally differentiated cell	cell_phenotype	CL:0000055
non-terminally differentiated odontoblast	cell_phenotype	CL:0007012
non-terminally differentiated osteoblast	cell_phenotype	CL:0001040
nongranular leukocyte	cell_phenotype	CL:0002087
nonkeratinized cell of epidermis	cell_phenotype	CL:0002135
nonkeratinized cell of stratum corneum of esophageal epithelium	cell_phenotype	CL:0002643
nonkeratinized epithelial cell of anal column	cell_phenotype	CL:0002635
nonkeratinized epithelial cell of inferior part of anal canal	cell_phenotype	CL:0002636
nonkeratinized squamous epithelial cell of esophagus	cell_phenotype	CL:0009096
nonkeratinizing squamous epithelial cell of esophagus	cell_phenotype	CL:0009096
nonpigmented ciliary epithelial cell	cell_phenotype	CL:0002304
noradrenaline secreting cell	cell_phenotype	CL:0000459
noradrenergic cell	cell_phenotype	CL:0000459
noradrenergic chromaffin cell	cell_phenotype	CL:0002083
noradrenergic neuron	cell_phenotype	CL:0008025
norepinephrin secreting cell	cell_phenotype	CL:0000459
norepinephrine secreting cell	cell_phenotype	CL:0000459
normoblast	cell_phenotype	CL:0000765
notochordal cell	cell_phenotype	CL:0007005
notochordal sheath cell	cell_phenotype	CL:0007007
notochordal vacuole cell	cell_phenotype	CL:0007008
nuclear bag fiber	cell_phenotype	CL:4023004
nuclear bag1 intrafusal fiber	cell_phenotype	CL:4023005
nuclear bag2 intrafusal fiber	cell_phenotype	CL:4023006
nuclear chain fiber	cell_phenotype	CL:4023003
nucleate cell	cell_phenotype	CL:0002242
nucleate erythrocyte	cell_phenotype	CL:0000562
nucleated reticulocyte	cell_phenotype	CL:0002421
nucleated secondary lens fiber	cell_phenotype	CL:0002227
nucleated secondary lens fibre	cell_phenotype	CL:0002227
nucleated thrombocyte	cell_phenotype	CL:0000762
nucleus accumbens shell and olfactory tubercle D1 medium spiny neuron	cell_phenotype	CL:4030051
nucleus accumbens shell and olfactory tubercle D2 medium spiny neuron	cell_phenotype	CL:4030052
nucleus pulposus cell of intervertebral disc	cell_phenotype	CL:0002564
nuocyte	cell_phenotype	CL:0001069
obliquely striated muscle cell	cell_phenotype	CL:0000444
obliquely striated somatic muscle cell	cell_phenotype	CL:0008005
octopus cell of the mammalian cochlear nucleus	cell_phenotype	CL:4023158
odontoblast	cell_phenotype	CL:0000060
odontoclast	cell_phenotype	CL:0000588
odontocyte	cell_phenotype	CL:0000140
odorant receptor cell	cell_phenotype	CL:0000207
oenocyte	cell_phenotype	CL:0000487
olfactory bulb (accessory) glomerular layer cell	cell_phenotype	CL:1001435
olfactory bulb glomerular layer cell	cell_phenotype	CL:1001435
olfactory bulb glomerularal cell	cell_phenotype	CL:1001435
olfactory bulb granule cell	cell_phenotype	CL:0000626
olfactory bulb interneuron	cell_phenotype	CL:1001434
olfactory bulb periglomerular cell	cell_phenotype	CL:1001435
olfactory bulb tufted cell	cell_phenotype	CL:1001503
olfactory ensheathing cell	cell_phenotype	CL:0011028
olfactory epithelial cell	cell_phenotype	CL:0002167
olfactory epithelial support cell	cell_phenotype	CL:0000853
olfactory epithelial supporting cell	cell_phenotype	CL:0000853
olfactory granule cell	cell_phenotype	CL:0000626
olfactory receptor cell	cell_phenotype	CL:0000207
olfactory receptor neuron	cell_phenotype	CL:0000207
olfactory sensory neuron	cell_phenotype	CL:0000207
olfactory sustentacular cell	cell_phenotype	CL:0000853
oligodendrocyte	cell_phenotype	CL:0000128
oligodendrocyte precursor cell	cell_phenotype	CL:0002453
omental adipocyte	cell_phenotype	CL:0002615
omental fat cell	cell_phenotype	CL:0002615
omentum preadipocyte	cell_phenotype	CL:0002579
oncocyte	cell_phenotype	CL:0002198
onychocyte	cell_phenotype	CL:4033056
ooblast	cell_phenotype	CL:0002239
oocyte	cell_phenotype	CL:0000023
oogonial cell	cell_phenotype	CL:0000024
oospore	cell_phenotype	CL:0002380
open tracheal system tracheocyte	cell_phenotype	CL:0008026
optic choroid fibroblast	cell_phenotype	CL:2000070
oral mucosa squamous cell	cell_phenotype	CL:1001576
orbital adipose-derived mesenchymal stem cell	cell_phenotype	CL:4040004
orexin	cell_phenotype	CL:0011109
organ of Corti supporting cell	cell_phenotype	CL:0002490
orthochromatic erythroblast	cell_phenotype	CL:0000552
orthochromatic normoblast	cell_phenotype	CL:0000552
osteoblast	cell_phenotype	CL:0000062
osteoclast	cell_phenotype	CL:0000092
osteocyte	cell_phenotype	CL:0000137
osteoprogenitor cell	cell_phenotype	CL:0007010
otic fibrocyte	cell_phenotype	CL:0002665
outer alpha retinal ganglion cell	cell_phenotype	CL:0004138
outer medulla vasa recta ascending limb cell	cell_phenotype	CL:1001210
outer medulla vasa recta descending limb cell	cell_phenotype	CL:1001287
outer parasol cell	cell_phenotype	CL:4033051
outer phalangeal cell	cell_phenotype	CL:0000635
outer renal medulla vasa recta cell	cell_phenotype	CL:1001127
outer root sheath cell	cell_phenotype	CL:0002561
outer stratifying midget cell	cell_phenotype	CL:4033047
output neuron	cell_phenotype	CL:0000527
ovarian fibroblast	cell_phenotype	CL:2000063
ovarian microvascular endothelial cell	cell_phenotype	CL:2000065
ovarian pregranulosa cell	cell_phenotype	CL:4033066
ovarian stromal cell	cell_phenotype	CL:0002132
ovarian surface epithelial cell	cell_phenotype	CL:2000064
ovary primordial germ cell	cell_phenotype	CL:0002239
oviduct secretory cell	cell_phenotype	CL:1001591
ovigerm	cell_phenotype	CL:0002239
ovum	cell_phenotype	CL:0000025
oxidative muscle fiber	cell_phenotype	CL:0002210
oxygen accumulating cell	cell_phenotype	CL:0000329
oxyntic cell	cell_phenotype	CL:0000162
oxyphil	cell_phenotype	CL:0002198
oxyphil cell of parathyroid gland	cell_phenotype	CL:0002199
oxyphil cell of thyroid	cell_phenotype	CL:0002200
oxytocin receptor sst GABAergic cortical interneuron	cell_phenotype	CL:4023122
oxytocin stimulating hormone secreting cell	cell_phenotype	CL:0000478
oxytocin-secreting magnocellular cell	cell_phenotype	CL:4023108
pDC	cell_phenotype	CL:0000784
pH receptor cell	cell_phenotype	CL:0000208
pacemaker cell of sinoatrial node	cell_phenotype	CL:1000477
pacemaker cell of sinuatrial node	cell_phenotype	CL:1000477
pain receptor cell	cell_phenotype	CL:0000198
pale thymic epithelial cell	cell_phenotype	CL:0002299
pancreas epithelial cell	cell_phenotype	CL:0000083
pancreas exocrine glandular cell	cell_phenotype	CL:1001599
pancreas stellate cell	cell_phenotype	CL:0002410
pancreatic A cell	cell_phenotype	CL:0000171
pancreatic B cell	cell_phenotype	CL:0000169
pancreatic B-cell	cell_phenotype	CL:0000169
pancreatic D cell	cell_phenotype	CL:0000173
pancreatic D-cell	cell_phenotype	CL:0000173
pancreatic E cell	cell_phenotype	CL:0005019
pancreatic PP cell	cell_phenotype	CL:0002275
pancreatic acinar cell	cell_phenotype	CL:0002064
pancreatic alpha cell	cell_phenotype	CL:0000171
pancreatic beta cell	cell_phenotype	CL:0000169
pancreatic centro-acinar cell	cell_phenotype	CL:0002080
pancreatic centroacinar cell	cell_phenotype	CL:0002080
pancreatic delta cell	cell_phenotype	CL:0000173
pancreatic ductal cell	cell_phenotype	CL:0002079
pancreatic endocrine cell	cell_phenotype	CL:0008024
pancreatic endocrine progenitor	cell_phenotype	CL:0002351
pancreatic epithelial cell	cell_phenotype	CL:0000083
pancreatic epsilon cell	cell_phenotype	CL:0005019
pancreatic goblet cell	cell_phenotype	CL:1000322
pancreatic islet capillary endothelial cell	cell_phenotype	CL:4052014
pancreatic islet core	cell_phenotype	CL:0000169
pancreatic islet progenitor cell	cell_phenotype	CL:0002351
pancreatic polypeptide-secreting cell	cell_phenotype	CL:0002275
pancreatic stellate cell	cell_phenotype	CL:0002410
paneth cell	cell_phenotype	CL:0000510
paneth cell of anorectum	cell_phenotype	CL:0009055
paneth cell of colon	cell_phenotype	CL:0009009
paneth cell of epithelium of colon	cell_phenotype	CL:0009009
paneth cell of epithelium of crypt of Lieberkuhn of small intestine	cell_phenotype	CL:1000345
paneth cell of epithelium of small intestine	cell_phenotype	CL:1000343
paneth cell of epithelium proper of small intestine	cell_phenotype	CL:1000344
paneth cell of the appendix	cell_phenotype	CL:0002624
paneth-like cell	cell_phenotype	CL:0009009
papillary tips cell	cell_phenotype	CL:1000597
parafollicular cell	cell_phenotype	CL:0000570
parafollicular cell of thyroid gland	cell_phenotype	CL:0000570
paraganglia type 2 cell	cell_phenotype	CL:0000701
paraganglial type 1 cell	cell_phenotype	CL:0000699
parasol ganglion cell of retina	cell_phenotype	CL:4023189
parasympathetic neuron	cell_phenotype	CL:0011102
parathyroid chief cell	cell_phenotype	CL:0000446
parathyroid gland chief cell	cell_phenotype	CL:0000446
parathyroid glandular cell	cell_phenotype	CL:1001593
parathyroid hormone secreting cell	cell_phenotype	CL:0000446
paraxial cell	cell_phenotype	CL:0011007
paraxial mesoderm cell	cell_phenotype	CL:0011007
parietal cell	cell_phenotype	CL:0000162
parietal epithelial cell	cell_phenotype	CL:1000452
parvocellular neuron	cell_phenotype	CL:1001505
parvocellular neurosecretory cell	cell_phenotype	CL:1001505
parvocellular neurosecretory neuron	cell_phenotype	CL:1001505
patrolling monocyte	cell_phenotype	CL:0000875
peg cell	cell_phenotype	CL:4033014
pepsinogen secreting cell	cell_phenotype	CL:0000155
peptic cell	cell_phenotype	CL:0000155
peptide hormone secreting cell	cell_phenotype	CL:0000167
peptidergic neuron	cell_phenotype	CL:0000110
periarticular chondrocyte	cell_phenotype	CL:0000742
pericardial nephrocyte	cell_phenotype	CL:0000474
pericardium fibroblast	cell_phenotype	CL:2000068
pericentral LSEC	cell_phenotype	CL:0019022
perichondrial fibroblast	cell_phenotype	CL:4033025
pericyte	cell_phenotype	CL:0000669
pericyte cell	cell_phenotype	CL:0000669
pericyte of Rouget	cell_phenotype	CL:0000669
peridermal cell	cell_phenotype	CL:0000078
periglomerular cell	cell_phenotype	CL:1001435
perijunctional fibroblast	cell_phenotype	CL:0000688
perineural satellite cell	cell_phenotype	CL:0000516
perineurial cell	cell_phenotype	CL:0002576
perineurial glial cell	cell_phenotype	CL:0002576
perineuronal satellite cell	cell_phenotype	CL:0000516
perineuronal satellite oligodendroglial cell	cell_phenotype	CL:0000516
peripheral blood lymphocyte	cell_phenotype	CL:4030030
peripheral blood mesothelial cell	cell_phenotype	CL:0002318
peripheral blood mononuclear cell	cell_phenotype	CL:2000001
peripheral blood stem cell	cell_phenotype	CL:0002246
peripheral nervous system neuron	cell_phenotype	CL:2000032
peripheral neuron	cell_phenotype	CL:2000032
peripheral sensory neuron	cell_phenotype	CL:3000004
periportal LSEC	cell_phenotype	CL:0019021
periportal hepatic sinusoidal endothelial cell	cell_phenotype	CL:0019021
periportal hepatocyte	cell_phenotype	CL:0019026
periportal region hepatocyte	cell_phenotype	CL:0019026
perirenal adipocyte	cell_phenotype	CL:0002616
perirenal adipocyte cell	cell_phenotype	CL:0002616
perirenal fat cell	cell_phenotype	CL:0002616
perirenal preadipocyte	cell_phenotype	CL:0002581
perisinusoidal cell	cell_phenotype	CL:0000632
perisynaptic Schwann cell	cell_phenotype	CL:0000692
peritoneal macrophage	cell_phenotype	CL:0000581
peritoneal mesothelial cell	cell_phenotype	CL:1000490
peritubular capillary endothelial cell	cell_phenotype	CL:1001033
peritubular myoid cell	cell_phenotype	CL:0002481
perivascular cell	cell_phenotype	CL:4033054
perivascular macrophage	cell_phenotype	CL:0000881
phaeochromocyte	cell_phenotype	CL:0000166
phagocyte	cell_phenotype	CL:0000234
phagocyte (sensu Nematoda and Protostomia)	cell_phenotype	CL:0000519
phagocyte (sensu Vertebrata)	cell_phenotype	CL:0000518
phalangeal cell	cell_phenotype	CL:0002165
photopic photoreceptor cell	cell_phenotype	CL:0000490
photoreceptor cell	cell_phenotype	CL:0000210
photosynthetic cell	cell_phenotype	CL:0000628
pial interlaminar astrocyte	cell_phenotype	CL:4042010
pigment cell	cell_phenotype	CL:0000147
pigment cell (sensu Nematoda and Protostomia)	cell_phenotype	CL:0000341
pigment cell (sensu Vertebrata)	cell_phenotype	CL:0000342
pigment erythroblast	cell_phenotype	CL:0005004
pigmented ciliary epithelial cell	cell_phenotype	CL:0002303
pigmented epithelial cell	cell_phenotype	CL:0000529
pillar cell	cell_phenotype	CL:1000191
pillar cell of cochlea	cell_phenotype	CL:1000191
pillar cell of corti	cell_phenotype	CL:1000191
pinealocyte	cell_phenotype	CL:0000652
pioneer neuron	cell_phenotype	CL:0000116
pituicyte	cell_phenotype	CL:0000645
pituitary alpha cell	cell_phenotype	CL:0000638
pituitary delta cell	cell_phenotype	CL:0000437
pituitary folliculostellate cell	cell_phenotype	CL:0000642
pituitary gland capillary endothelial cell	cell_phenotype	CL:4052016
pituitary gland cell	cell_phenotype	CL:2000004
placental amniotic mesenchymal stromal cell	cell_phenotype	CL:2000061
placental endothelial cell	cell_phenotype	CL:0009092
placental epithelial cell	cell_phenotype	CL:0002577
placental hematopoietic stem cell	cell_phenotype	CL:0002359
placental pericyte	cell_phenotype	CL:2000078
placental resident macrophage	cell_phenotype	CL:4033087
placental smooth muscle cell	cell_phenotype	CL:0009093
placental villous trophoblast	cell_phenotype	CL:2000060
placental villus capillary endothelial cell	cell_phenotype	CL:2000062
plasma B cell	cell_phenotype	CL:0000786
plasma B-cell	cell_phenotype	CL:0000786
plasma cell	cell_phenotype	CL:0000786
plasma cell of appendix	cell_phenotype	CL:0009033
plasma cell of appendix vermiformis	cell_phenotype	CL:0009033
plasma cell of medullary sinus of lymph node	cell_phenotype	CL:0009059
plasma cell of vermiform appendix	cell_phenotype	CL:0009033
plasmablast	cell_phenotype	CL:0000980
plasmacyte	cell_phenotype	CL:0000786
plasmacytoid T cell	cell_phenotype	CL:0000784
plasmacytoid dendritic cell	cell_phenotype	CL:0000784
plasmacytoid dendritic cell, human	cell_phenotype	CL:0001058
plasmacytoid monocyte	cell_phenotype	CL:0000784
plasmatocyte	cell_phenotype	CL:0000394
plasmocyte	cell_phenotype	CL:0000786
platelet	cell_phenotype	CL:0000233
pleural macrophage	cell_phenotype	CL:0002247
pleural mesothelial cell	cell_phenotype	CL:1000491
plug cell	cell_phenotype	CL:0007022
pluripotent stem cell	cell_phenotype	CL:0002248
pneumocyte	cell_phenotype	CL:0000322
pneumonocyte	cell_phenotype	CL:0000322
podocyte	cell_phenotype	CL:0000653
polar body	cell_phenotype	CL:0002090
polar cushion cells	cell_phenotype	CL:0002173
pole cell	cell_phenotype	CL:0000301
polocytus primarius	cell_phenotype	CL:0002091
polocytus secundarius	cell_phenotype	CL:0002093
polychromatic erythroblast	cell_phenotype	CL:0000550
polychromatic normoblast	cell_phenotype	CL:0000550
polychromatophilic erythroblast	cell_phenotype	CL:0000550
polychromatophilic normoblast	cell_phenotype	CL:0000550
polymodal neuron	cell_phenotype	CL:0000102
polymodal nocireceptor	cell_phenotype	CL:0000567
polymorphonuclear leukocyte	cell_phenotype	CL:0000094
polymorphonuclear neutrophil	cell_phenotype	CL:0000096
polynuclear cells	cell_phenotype	CL:0000228
polynuclear neutrophilic leucocyte	cell_phenotype	CL:0000096
polynuclear neutrophilic leukocyte	cell_phenotype	CL:0000096
polyploid cell	cell_phenotype	CL:0000412
polytene cell	cell_phenotype	CL:0000416
pore cell	cell_phenotype	CL:0000425
post-arteriole capillary cell	cell_phenotype	CL:4047029
posterior cone cell (sensu Endopterygota)	cell_phenotype	CL:0000719
posterior lateral line ganglion neuron	cell_phenotype	CL:1000245
posterior lateral line nerve glial cell	cell_phenotype	CL:1000236
posterior lateral line neuromast hair cell	cell_phenotype	CL:2000037
posterior lateral line neuromast mantle cell	cell_phenotype	CL:2000038
posterior lateral line neuromast support cell	cell_phenotype	CL:2000039
posterior lateral line neuromast supporting cell	cell_phenotype	CL:2000039
pre-B-I cell	cell_phenotype	CL:0000956
pre-B-II cell	cell_phenotype	CL:0000955
pre-B-lymphocyte	cell_phenotype	CL:0000955
pre-BI cell	cell_phenotype	CL:0000956
pre-BII cell	cell_phenotype	CL:0000955
pre-NK cell	cell_phenotype	CL:0000937
pre-conventional dendritic cell	cell_phenotype	CL:0002010
pre-granulosa cell	cell_phenotype	CL:4033066
pre-natural killer cell	cell_phenotype	CL:0000937
pre-plasmablast	cell_phenotype	CL:4033065
pre-theca cell	cell_phenotype	CL:4052010
pre-venule capillary cell	cell_phenotype	CL:4047030
preBCR-negative large pre-B-II cell	cell_phenotype	CL:0000953
preBCR-positive large pre-B-II cell	cell_phenotype	CL:0000952
preT.DN1.Th	cell_phenotype	CL:0000894
preT.DN2.Th	cell_phenotype	CL:0000806
preT.DN3.Th	cell_phenotype	CL:0000807
preT.ETP.Th	cell_phenotype	CL:0002425
preadipocyte	cell_phenotype	CL:0002334
preadipocyte of the breast	cell_phenotype	CL:0002580
preameloblast	cell_phenotype	CL:0007000
precementoblast	cell_phenotype	CL:0007002
prechondroblast	cell_phenotype	CL:0007009
precursor B cell	cell_phenotype	CL:0000817
precursor cell	cell_phenotype	CL:0011115
pregranulosa cell	cell_phenotype	CL:4033066
premigratory neural crest cell	cell_phenotype	CL:0007004
preodontoblast	cell_phenotype	CL:0007003
preosteoblast	cell_phenotype	CL:0007010
preplasmablast	cell_phenotype	CL:4033065
preplasmablastic cell	cell_phenotype	CL:4033065
pressoreceptor cell	cell_phenotype	CL:0000602
prickle cell	cell_phenotype	CL:0000649
prickle cell of epidermis	cell_phenotype	CL:0000649
primary cell culture cell	cell_phenotype	CL:0000001
primary cultured cell	cell_phenotype	CL:0000001
primary follicular cell of ovary	cell_phenotype	CL:0002175
primary interneuron (sensu Teleostei)	cell_phenotype	CL:0000534
primary lens fiber	cell_phenotype	CL:0002228
primary lens fibre	cell_phenotype	CL:0002228
primary motor cortex pyramidal cell	cell_phenotype	CL:2000049
primary motor neuron (sensu Teleostei)	cell_phenotype	CL:0000533
primary neuron (sensu Teleostei)	cell_phenotype	CL:0000530
primary oocyte	cell_phenotype	CL:0000654
primary polar body	cell_phenotype	CL:0002091
primary sensory neuron (sensu Teleostei)	cell_phenotype	CL:0000531
primary spermatocyte	cell_phenotype	CL:0000656
primary trophoblast giant cell	cell_phenotype	CL:0002497
primitive cardiac myocyte	cell_phenotype	CL:0002249
primitive erythroblast	cell_phenotype	CL:0002355
primitive erythrocyte	cell_phenotype	CL:0002355
primitive erythroid cell	cell_phenotype	CL:0002355
primitive erythroid lineage cell	cell_phenotype	CL:0002417
primitive erythroid progenitor	cell_phenotype	CL:0002361
primitive germ cell	cell_phenotype	CL:0000670
primitive red blood cell	cell_phenotype	CL:0002355
primitive reticulocyte	cell_phenotype	CL:0002356
primordial germ cell	cell_phenotype	CL:0000670
principal cell of parathyroid gland	cell_phenotype	CL:0000446
principal cell of thyroid gland	cell_phenotype	CL:0002258
principal gastric gland goblet cell	cell_phenotype	CL:1000315
pro-B cell	cell_phenotype	CL:0000826
pro-B lymphocyte	cell_phenotype	CL:0000826
pro-B-cell	cell_phenotype	CL:0000826
pro-B-lymphocyte	cell_phenotype	CL:0000826
pro-DCs	cell_phenotype	CL:0001029
pro-NK cell	cell_phenotype	CL:0000825
pro-T cell	cell_phenotype	CL:0000827
pro-T lymphocyte	cell_phenotype	CL:0000827
pro-natural killer cell	cell_phenotype	CL:0000825
pro-opiomelanocortin neuron	cell_phenotype	CL:4042033
procrystal cell	cell_phenotype	CL:0000395
proerythroblast	cell_phenotype	CL:0000547
professional antigen presenting cell	cell_phenotype	CL:0000145
progenitor B cell	cell_phenotype	CL:0000826
progenitor B lymphocyte	cell_phenotype	CL:0000826
progenitor B-cell	cell_phenotype	CL:0000826
progenitor B-lymphocyte	cell_phenotype	CL:0000826
progenitor T cell	cell_phenotype	CL:0000827
progenitor cell	cell_phenotype	CL:0011026
progenitor cell of endocrine pancreas	cell_phenotype	CL:0002351
progenitor cell of luminal mammary epithelium	cell_phenotype	CL:0009116
progenitor cell of mammary luminal epithelium	cell_phenotype	CL:0009116
progenitor theca cell	cell_phenotype	CL:4052010
progesterone secreting cell	cell_phenotype	CL:0000179
prohemocyte (sensu Nematoda and Protostomia)	cell_phenotype	CL:0000385
projection neuron	cell_phenotype	CL:0000598
prokaryotic cell	cell_phenotype	CL:0000520
prolactin secreting cell	cell_phenotype	CL:0000439
proliferating B cell	cell_phenotype	CL:4033068
proliferating CD4-positive, alpha-beta T cell	cell_phenotype	CL:4033075
proliferating CD8-positive, alpha-beta T cell	cell_phenotype	CL:4033074
proliferating T cell	cell_phenotype	CL:4033069
proliferating alveolar macrophage	cell_phenotype	CL:4033077
proliferating basal cell	cell_phenotype	CL:4033082
proliferating dendritic cell	cell_phenotype	CL:4033070
proliferating endothelial cell of lymphatic vessel	cell_phenotype	CL:4033079
proliferating gamma-delta T cell	cell_phenotype	CL:4033072
proliferating glial cell	cell_phenotype	CL:4047002
proliferating macrophage	cell_phenotype	CL:4033076
proliferating monocyte	cell_phenotype	CL:4033073
proliferating mononuclear phagocyte	cell_phenotype	CL:4033078
proliferating myeloid cell	cell_phenotype	CL:4033081
proliferating natural killer cell	cell_phenotype	CL:4033071
proliferating neuroblast (sensu Vertebrata)	cell_phenotype	CL:4047005
proliferating plasma cell	cell_phenotype	CL:4047003
proliferating pulmonary alveolar type 2 cell	cell_phenotype	CL:4033080
proliferating stromal cell	cell_phenotype	CL:4047001
proliferating type EC enteroendocrine cell	cell_phenotype	CL:4047004
promonocyte	cell_phenotype	CL:0000559
promyelocyte	cell_phenotype	CL:0000836
pronephric glomerular visceral epithelial cell	cell_phenotype	CL:4030008
pronephric nephron tubule epithelial cell	cell_phenotype	CL:1000090
pronephric podocyte	cell_phenotype	CL:4030008
proprioceptive neuron	cell_phenotype	CL:1001451
prorubricyte	cell_phenotype	CL:0000549
prostate club cell	cell_phenotype	CL:4032000
prostate epithelial cell	cell_phenotype	CL:0002231
prostate gland microvascular endothelial cell	cell_phenotype	CL:2000059
prostate neuroendocrine cell	cell_phenotype	CL:0017002
prostate stem cell	cell_phenotype	CL:0002339
prostate stromal cell	cell_phenotype	CL:0002622
protein secreting cell	cell_phenotype	CL:0000154
protoplasmic astrocyte	cell_phenotype	CL:4042007
protoplast	cell_phenotype	CL:0000371
pseudounipolar neuron	cell_phenotype	CL:0000105
pulmonary alveolar epithelial cell	cell_phenotype	CL:0000322
pulmonary alveolar type 1 cell	cell_phenotype	CL:0002062
pulmonary alveolar type 2 cell	cell_phenotype	CL:0002063
pulmonary alveolar type I cell	cell_phenotype	CL:0002062
pulmonary artery endothelial cell	cell_phenotype	CL:1001568
pulmonary capillary endothelial cell	cell_phenotype	CL:4028001
pulmonary interstitial fibroblast	cell_phenotype	CL:0002241
pulmonary ionocyte	cell_phenotype	CL:0017000
pulmonary myofibroblast	cell_phenotype	CL:0002241
pulmonary neuroendocrine cell	cell_phenotype	CL:1000223
pulmonary pericyte	cell_phenotype	CL:0009089
pulmonary septal cell	cell_phenotype	CL:0002241
pvalb GABAergic cortical interneuron	cell_phenotype	CL:4023018
pyknotic eto enrythroblast	cell_phenotype	CL:0000552
pyloric gastric gland goblet cell	cell_phenotype	CL:1000323
pyramidal cell	cell_phenotype	CL:0000598
pyramidal cell of Betz	cell_phenotype	CL:0008049
pyramidal neuron	cell_phenotype	CL:0000598
pyrenocyte	cell_phenotype	CL:0002358
quiescent microglia	cell_phenotype	CL:0002628
quiescent skeletal muscle satellite cell	cell_phenotype	CL:0008012
rEos	cell_phenotype	CL:0019015
radial glial cell	cell_phenotype	CL:0000681
raphe nuclei neuron	cell_phenotype	CL:0002610
reactive microglia	cell_phenotype	CL:0002629
rearranging double negative thymocyte (Homo sapiens)	cell_phenotype	CL:0009083
receptor cell	cell_phenotype	CL:0000197
rectum glandular cell	cell_phenotype	CL:1001595
recurving diffuse amacrine cell	cell_phenotype	CL:0004231
red blood cell	cell_phenotype	CL:0000232
red muscle cell	cell_phenotype	CL:0002210
red muscle fiber	cell_phenotype	CL:0002210
red sensitive photoreceptor cell	cell_phenotype	CL:0000497
reelin GABAergic cortical interneuron	cell_phenotype	CL:4032001
regular atrial cardiac muscle fiber	cell_phenotype	CL:0002129
regular atrial cardiac myocyte	cell_phenotype	CL:0002129
regular cardiac muscle cell	cell_phenotype	CL:0002098
regular cardiac muscle cell of atrium	cell_phenotype	CL:0002129
regular cardiac muscle cell of ventricle	cell_phenotype	CL:0002131
regular cardiac muscle fiber	cell_phenotype	CL:0002098
regular cardiac myocyte	cell_phenotype	CL:0002098
regular interatrial cardiac myocyte	cell_phenotype	CL:0002130
regular interventricular cardiac myocyte	cell_phenotype	CL:0002100
regular ventricular cardiac muscle fiber	cell_phenotype	CL:0002131
regular ventricular cardiac myocyte	cell_phenotype	CL:0002131
regulatory B cell	cell_phenotype	CL:0000969
regulatory B lymphocyte	cell_phenotype	CL:0000969
regulatory B-cell	cell_phenotype	CL:0000969
regulatory B-lymphocyte	cell_phenotype	CL:0000969
regulatory T cell	cell_phenotype	CL:0000815
regulatory T lymphocyte	cell_phenotype	CL:0000815
regulatory T-cell	cell_phenotype	CL:0000815
regulatory T-lymphocyte	cell_phenotype	CL:0000815
renal alpha-intercalated cell	cell_phenotype	CL:0005011
renal beta-intercalated cell	cell_phenotype	CL:0002201
renal cortical epithelial cell	cell_phenotype	CL:0002584
renal cortical fibroblast	cell_phenotype	CL:4030025
renal filtration cell	cell_phenotype	CL:0002522
renal intercalated cell	cell_phenotype	CL:0005010
renal interstitial pericyte	cell_phenotype	CL:1001318
renal medullary fibroblast	cell_phenotype	CL:4030022
renal podocyte	cell_phenotype	CL:0000653
renal principal cell	cell_phenotype	CL:0005009
renin secreting cell	cell_phenotype	CL:0000648
resident monocyte	cell_phenotype	CL:0000875
respiratory airway secretory cell	cell_phenotype	CL:4052031
respiratory basal cell	cell_phenotype	CL:0002633
respiratory ciliated cell	cell_phenotype	CL:4030034
respiratory enterochromaffin cell	cell_phenotype	CL:0002066
respiratory epithelial cell	cell_phenotype	CL:0002368
respiratory goblet cell	cell_phenotype	CL:0002370
respiratory hillock cell	cell_phenotype	CL:4030023
respiratory mucosa goblet cells	cell_phenotype	CL:0002370
respiratory multiciliated cell	cell_phenotype	CL:4030034
respiratory parabasal cell	cell_phenotype	CL:4033048
respiratory suprabasal cell	cell_phenotype	CL:4033048
respiratory suprabasal progenitor cell	cell_phenotype	CL:4033048
respiratory tract epithelial cell	cell_phenotype	CL:0002368
respiratory tract goblet cell	cell_phenotype	CL:0002370
respiratory tract hillock cell	cell_phenotype	CL:4030023
respiratory tract multiciliated cell	cell_phenotype	CL:4030034
respiratory tract suprabasal cell	cell_phenotype	CL:4033048
resting double-positive thymocyte	cell_phenotype	CL:0002427
resting histiocyte	cell_phenotype	CL:0000864
resting microglia	cell_phenotype	CL:0002628
reticular cell	cell_phenotype	CL:0000432
reticular cell of splenic cord	cell_phenotype	CL:1000489
reticulocyte	cell_phenotype	CL:0000558
reticulospinal neuron	cell_phenotype	CL:4023107
reticulum cell	cell_phenotype	CL:0000432
retina horizontal cell	cell_phenotype	CL:0000745
retinal astrocyte	cell_phenotype	CL:4033015
retinal bipolar neuron	cell_phenotype	CL:0000748
retinal blood vessel endothelial cell	cell_phenotype	CL:0002585
retinal cell	cell_phenotype	CL:0009004
retinal cone cell	cell_phenotype	CL:0000573
retinal ganglion D cell	cell_phenotype	CL:0003001
retinal ganglion cell	cell_phenotype	CL:0000740
retinal ganglion cell A	cell_phenotype	CL:0004117
retinal ganglion cell A1	cell_phenotype	CL:0004120
retinal ganglion cell A2	cell_phenotype	CL:0004138
retinal ganglion cell A2 inner	cell_phenotype	CL:0004137
retinal ganglion cell A2 outer	cell_phenotype	CL:0004139
retinal ganglion cell B	cell_phenotype	CL:0004115
retinal ganglion cell B1	cell_phenotype	CL:0004119
retinal ganglion cell B2	cell_phenotype	CL:0004121
retinal ganglion cell B3	cell_phenotype	CL:0004183
retinal ganglion cell B3 inner	cell_phenotype	CL:0003018
retinal ganglion cell B3 outer	cell_phenotype	CL:0003017
retinal ganglion cell B4	cell_phenotype	CL:0004119
retinal ganglion cell C	cell_phenotype	CL:0004116
retinal ganglion cell C inner	cell_phenotype	CL:0003024
retinal ganglion cell C outer	cell_phenotype	CL:0003020
retinal ganglion cell C1	cell_phenotype	CL:0004124
retinal ganglion cell C2 inner	cell_phenotype	CL:0004125
retinal ganglion cell C2 outer	cell_phenotype	CL:0004126
retinal ganglion cell C3	cell_phenotype	CL:0003025
retinal ganglion cell C4	cell_phenotype	CL:0003021
retinal ganglion cell C5	cell_phenotype	CL:0003022
retinal ganglion cell C6	cell_phenotype	CL:0003023
retinal ganglion cell D1	cell_phenotype	CL:0003026
retinal ganglion cell D2	cell_phenotype	CL:0003027
retinal melanocyte	cell_phenotype	CL:0002485
retinal pigment epithelial cell	cell_phenotype	CL:0002586
retinal progenitor cell	cell_phenotype	CL:0002672
retinal rod cell	cell_phenotype	CL:0000604
retinal stem cell	cell_phenotype	CL:4023129
retinoblast	cell_phenotype	CL:4023129
retrotrapezoid nucleus neuron	cell_phenotype	CL:1000001
rln GABAergic cortical interneuron	cell_phenotype	CL:4032001
rod bipolar cell	cell_phenotype	CL:0000751
rod bipolar cell (sensu Mus)	cell_phenotype	CL:0008027
rod cell of Corti	cell_phenotype	CL:1000191
rod neutrophil	cell_phenotype	CL:0000560
rosehip neuron	cell_phenotype	CL:0008032
rostral periventricular region of the third ventricle KNDy neuron	cell_phenotype	CL:4023128
rostral primary motorneuron	cell_phenotype	CL:4042038
round spermatid	cell_phenotype	CL:4030036
rubriblast	cell_phenotype	CL:0000547
rubricyte	cell_phenotype	CL:0000550
salivary gland cell	cell_phenotype	CL:0009005
salivary gland glandular cell	cell_phenotype	CL:1001596
salivary intercalated duct cells	cell_phenotype	CL:4052048
satellite oligodendrocyte	cell_phenotype	CL:0000516
scleral cell	cell_phenotype	CL:0000347
scleroblast	cell_phenotype	CL:0007001
scolopale cell	cell_phenotype	CL:0000382
scolopidial ligament cell	cell_phenotype	CL:0000407
scolopidial sheath cell	cell_phenotype	CL:0000382
scotopic photoreceptor cell	cell_phenotype	CL:0000489
seam cell	cell_phenotype	CL:0000419
sebaceous gland cell	cell_phenotype	CL:2000021
sebaceous gland of wolff	cell_phenotype	CL:1000391
sebocyte	cell_phenotype	CL:0000317
sebum secreting cell	cell_phenotype	CL:0000317
second polar body	cell_phenotype	CL:0002093
secondary crest myofibroblast	cell_phenotype	CL:4033016
secondary follicular cell of ovary	cell_phenotype	CL:0002176
secondary lens fiber	cell_phenotype	CL:0002225
secondary lens fibre	cell_phenotype	CL:0002225
secondary lymphoid organ macrophage	cell_phenotype	CL:0000867
secondary motor neuron (sensu Teleostei)	cell_phenotype	CL:0000536
secondary neuron (sensu Teleostei)	cell_phenotype	CL:0000535
secondary oocyte	cell_phenotype	CL:0000655
secondary polar body	cell_phenotype	CL:0002093
secondary spermatocyte	cell_phenotype	CL:0000657
secondary trophoblast giant cell	cell_phenotype	CL:0002498
secondary-crest myofibroblast	cell_phenotype	CL:4033016
secretin stimulating hormone secreting cell	cell_phenotype	CL:0000480
secretory cell	cell_phenotype	CL:0000151
secretory epithelial cell	cell_phenotype	CL:1100001
secretory pericyte	cell_phenotype	CL:4047032
segmented neutrophil of bone marrow	cell_phenotype	CL:0011114
seminal vesicle glandular cell	cell_phenotype	CL:1001597
seminiferous tubule epithelial cell	cell_phenotype	CL:0002625
sensory epithelial cell	cell_phenotype	CL:0000098
sensory hair cell	cell_phenotype	CL:0000855
sensory neuron	cell_phenotype	CL:0000101
sensory neuron of dorsal root ganglion	cell_phenotype	CL:1001451
sensory neuron of spinal nerve	cell_phenotype	CL:0009000
sensory processing neuron	cell_phenotype	CL:0000379
sensory receptor cell	cell_phenotype	CL:0000197
seromucus secreting cell	cell_phenotype	CL:0000159
serotonergic neuron	cell_phenotype	CL:0000850
serotonin secreting cell	cell_phenotype	CL:0000458
serous cell	cell_phenotype	CL:0000313
serous cell of epithelium of bronchus	cell_phenotype	CL:1000331
serous cell of epithelium of lobular bronchiole	cell_phenotype	CL:1000333
serous cell of epithelium of terminal bronchiole	cell_phenotype	CL:1000332
serous cell of epithelium of trachea	cell_phenotype	CL:1000330
serous cell of tracheobronchial tree	cell_phenotype	CL:0019001
serous secreting cell	cell_phenotype	CL:0000313
serous secreting cell of bronchus submucosal gland	cell_phenotype	CL:4033005
sexual spore	cell_phenotype	CL:0000596
sheath cell	cell_phenotype	CL:0000618
sheath cell (sensu Nematoda)	cell_phenotype	CL:0000367
sheath cell of carotid body	cell_phenotype	CL:0002081
short lived plasma cell	cell_phenotype	CL:0000975
short term hematopoietic stem cell	cell_phenotype	CL:0002033
short wavelength sensitive cone	cell_phenotype	CL:0003050
short- (S) wavelength-sensitive cone	cell_phenotype	CL:0003050
short-wavelength sensitive cone	cell_phenotype	CL:0003050
short-wavelength-sensitive (S) cone	cell_phenotype	CL:0003050
simple columnar epithelial cell	cell_phenotype	CL:0000146
single ciliated epithelial cell	cell_phenotype	CL:0005013
single fate stem cell	cell_phenotype	CL:0000035
single nucleate cell	cell_phenotype	CL:0000226
sinoatrial node cell	cell_phenotype	CL:1000409
sinoatrial node myocyte	cell_phenotype	CL:1000409
sinuatrial node myocyte	cell_phenotype	CL:1000409
skeletal muscle cell	cell_phenotype	CL:0000188
skeletal muscle fiber	cell_phenotype	CL:0008002
skeletal muscle fibroblast	cell_phenotype	CL:0011027
skeletal muscle myoblast	cell_phenotype	CL:0000515
skeletal muscle satellite cell	cell_phenotype	CL:0000594
skeletal muscle satellite myogenic cell	cell_phenotype	CL:0008020
skeletal muscle satellite stem cell	cell_phenotype	CL:0008011
skeletal muscle tissue of pectoralis major striated muscle cell	cell_phenotype	CL:2000077
skeletal myoblast	cell_phenotype	CL:0000515
skeletogenic cell	cell_phenotype	CL:0007001
skeleton muscle fibroblast	cell_phenotype	CL:0011027
skin fibroblast	cell_phenotype	CL:0002620
skin melanocyte	cell_phenotype	CL:1000458
skin of scalp fibroblast	cell_phenotype	CL:4006001
skin sebocyte	cell_phenotype	CL:0002140
slow muscle cell	cell_phenotype	CL:0000189
slow muscle myoblast	cell_phenotype	CL:0000857
slow twitch fiber	cell_phenotype	CL:0002211
slow twitch muscle cell	cell_phenotype	CL:0002211
slow twitch muscle fiber	cell_phenotype	CL:0002211
slow-twitch muscle fiber	cell_phenotype	CL:0002211
slowly adapting mechanoreceptor cell	cell_phenotype	CL:0000544
small alveolar cells	cell_phenotype	CL:0002062
small basket cell	cell_phenotype	CL:4023090
small bile duct cholangiocyte	cell_phenotype	CL:0002538
small bistratified cell	cell_phenotype	CL:4033053
small bistratified cell, blue-ON/yellow-OFF ganglion cell	cell_phenotype	CL:4033053
small bistratified retinal ganglion cell	cell_phenotype	CL:4033053
small intestinal goblet cell	cell_phenotype	CL:1000495
small intestine BEST4+ enterocyte	cell_phenotype	CL:4047051
small intestine D-cell	cell_phenotype	CL:0002266
small intestine Peyer's patch T cell	cell_phenotype	CL:0009023
small intestine delta cell	cell_phenotype	CL:0002266
small intestine enteroendocrine cell	cell_phenotype	CL:0009006
small intestine goblet cell	cell_phenotype	CL:1000495
small intestine lamina propria lymphocyte	cell_phenotype	CL:0009044
small intestine lamina propria resident macrophage	cell_phenotype	CL:0009007
small intestine secretory cell	cell_phenotype	CL:1001598
small intestine serosal dendritic cell	cell_phenotype	CL:0002466
small intestine transit amplifying cell	cell_phenotype	CL:0009012
small luteal cell	cell_phenotype	CL:0000590
small lutein cell	cell_phenotype	CL:0000590
small pre-B cell	cell_phenotype	CL:0002053
small pre-B-II cell	cell_phenotype	CL:0000954
small pre-BII cell	cell_phenotype	CL:0000954
smooth muscle cell	cell_phenotype	CL:0000192
smooth muscle cell derived foam cell	cell_phenotype	CL:0000892
smooth muscle cell neural crest derived	cell_phenotype	CL:0000027
smooth muscle cell of anorectum	cell_phenotype	CL:0009052
smooth muscle cell of bladder	cell_phenotype	CL:0002597
smooth muscle cell of blood vessel	cell_phenotype	CL:0019018
smooth muscle cell of cecum	cell_phenotype	CL:1000281
smooth muscle cell of ciliary body	cell_phenotype	CL:1000443
smooth muscle cell of colon	cell_phenotype	CL:1000280
smooth muscle cell of high endothelial venule of lymph node	cell_phenotype	CL:0009049
smooth muscle cell of large intestine	cell_phenotype	CL:1000279
smooth muscle cell of large intestine smooth muscle circular layer	cell_phenotype	CL:4033011
smooth muscle cell of large intestine smooth muscle longitudinal layer	cell_phenotype	CL:4033012
smooth muscle cell of lymphatic vessel	cell_phenotype	CL:0019017
smooth muscle cell of placenta	cell_phenotype	CL:0009093
smooth muscle cell of prostate	cell_phenotype	CL:1000487
smooth muscle cell of rectum	cell_phenotype	CL:1000286
smooth muscle cell of sigmoid colon	cell_phenotype	CL:1000285
smooth muscle cell of small intestine	cell_phenotype	CL:1000275
smooth muscle cell of sphincter of pupil	cell_phenotype	CL:0002243
smooth muscle cell of stomach	cell_phenotype	CL:4047034
smooth muscle cell of taenia coli	cell_phenotype	CL:4033004
smooth muscle cell of the brachiocephalic vasculature	cell_phenotype	CL:0002589
smooth muscle cell of the brain vasculature	cell_phenotype	CL:0002590
smooth muscle cell of the carotid artery	cell_phenotype	CL:0002596
smooth muscle cell of the coronary artery	cell_phenotype	CL:0002592
smooth muscle cell of the esophagus	cell_phenotype	CL:0002599
smooth muscle cell of the internal thoracic artery	cell_phenotype	CL:0002593
smooth muscle cell of the pulmonary artery	cell_phenotype	CL:0002591
smooth muscle cell of the subclavian artery	cell_phenotype	CL:0002595
smooth muscle cell of the umbilical artery	cell_phenotype	CL:0002594
smooth muscle cell of the umbilical vein	cell_phenotype	CL:0002588
smooth muscle cell of trachea	cell_phenotype	CL:0002600
smooth muscle cell of tracheobronchial tree	cell_phenotype	CL:0019019
smooth muscle fiber	cell_phenotype	CL:0000192
smooth muscle fiber of ascending colon	cell_phenotype	CL:1000282
smooth muscle fiber of cecum	cell_phenotype	CL:1000281
smooth muscle fiber of descending colon	cell_phenotype	CL:1000284
smooth muscle fiber of duodenum	cell_phenotype	CL:1000276
smooth muscle fiber of ileum	cell_phenotype	CL:1000278
smooth muscle fiber of jejunum	cell_phenotype	CL:1000277
smooth muscle fiber of prostate	cell_phenotype	CL:1000487
smooth muscle fiber of rectum	cell_phenotype	CL:1000286
smooth muscle fiber of sphincter of pupil	cell_phenotype	CL:0002243
smooth muscle fiber of transverse colon	cell_phenotype	CL:1000283
smooth muscle myoblast	cell_phenotype	CL:0000514
sncg GABAergic cortical interneuron	cell_phenotype	CL:4023015
socket cell (sensu Nematoda)	cell_phenotype	CL:0000389
somatic motor neuron	cell_phenotype	CL:0005024
somatic muscle cell	cell_phenotype	CL:0008004
somatic muscle myoblast	cell_phenotype	CL:0008018
somatic muscle myotube	cell_phenotype	CL:0008003
somatic nurse-like cell	cell_phenotype	CL:4029003
somatic stem cell	cell_phenotype	CL:0000723
somatocrinin secreting cell	cell_phenotype	CL:0002373
somatomotor neuron	cell_phenotype	CL:0005024
somatosensory neuron	cell_phenotype	CL:4023168
somatostatin secreting cell	cell_phenotype	CL:0000172
somatostatin-secreting pancreatic cell	cell_phenotype	CL:0000173
somatotrope	cell_phenotype	CL:0002312
somatotroph	cell_phenotype	CL:0002312
somatotrophin secreting cell	cell_phenotype	CL:0000295
somatotropic cell	cell_phenotype	CL:0002312
somatotropin secreting cell	cell_phenotype	CL:0000295
somatrophic cell	cell_phenotype	CL:0002312
somitic mesoderm cell	cell_phenotype	CL:0011007
special visceral motor neuron	cell_phenotype	CL:0005023
specialized cardiac myocyte	cell_phenotype	CL:0002086
specified double negative thymocyte (Homo sapiens)	cell_phenotype	CL:0009081
sperm	cell_phenotype	CL:0000019
sperm cell	cell_phenotype	CL:0000019
spermatid	cell_phenotype	CL:0000018
spermatocyte	cell_phenotype	CL:0000017
spermatogonial cell	cell_phenotype	CL:0000020
spermatogonium	cell_phenotype	CL:0000020
spermatozoid	cell_phenotype	CL:0000019
spermatozoon	cell_phenotype	CL:0000019
sphaeroplast	cell_phenotype	CL:0000524
spherical bushy cell	cell_phenotype	CL:4023163
spheroplast	cell_phenotype	CL:0000524
sphincter associated smooth muscle cell	cell_phenotype	CL:0000358
spider amacrine cell	cell_phenotype	CL:0004225
spiderweb cell	cell_phenotype	CL:0000693
spinal accessory motor neuron	cell_phenotype	CL:0000741
spinal cord interneuron	cell_phenotype	CL:0005000
spinal cord medial motor column neuron	cell_phenotype	CL:2000024
spinal cord motor neuron	cell_phenotype	CL:0011001
spinal cord oligodendrocyte	cell_phenotype	CL:2000025
spinal cord radial glial cell	cell_phenotype	CL:1000073
spinal cord ventral column interneuron	cell_phenotype	CL:2000023
spinal interneuron synapsing Betz cell	cell_phenotype	CL:4023053
spinal sensory neuron	cell_phenotype	CL:0009000
spindle shaped mTEC	cell_phenotype	CL:0002300
spindle shaped medullary thymic epithelial cell	cell_phenotype	CL:0002300
spiny VIP neuron	cell_phenotype	CL:4042014
spiral ganglion neuron	cell_phenotype	CL:0011113
splanchnic mesodermal cell	cell_phenotype	CL:0017001
spleen double-negative dendritic cell	cell_phenotype	CL:0002454
splenic endothelial cell	cell_phenotype	CL:2000053
splenic fibroblast	cell_phenotype	CL:2000051
splenic macrophage	cell_phenotype	CL:0000871
splenic marginal zone macrophage	cell_phenotype	CL:0000872
splenic metallophillic macrophage	cell_phenotype	CL:0000873
splenic red pulp macrophage	cell_phenotype	CL:0000874
splenic tingible body macrophage	cell_phenotype	CL:0000877
splenic white pulp macrophage	cell_phenotype	CL:0000876
splenocyte	cell_phenotype	CL:2000074
spongioblast	cell_phenotype	CL:0000339
spongiotrophoblast	cell_phenotype	CL:0002499
spongiotrophoblast cell	cell_phenotype	CL:0002499
squamous alveolar cell	cell_phenotype	CL:0002062
squamous alveolar lining cell	cell_phenotype	CL:0002062
squamous cell of ectocervix	cell_phenotype	CL:0002244
squamous cell of epidermis	cell_phenotype	CL:0002190
squamous endothelial cell	cell_phenotype	CL:0002653
squamous endothelial cell of venule	cell_phenotype	CL:0008040
squamous epithelial cell	cell_phenotype	CL:0000076
squamous granulosa cell	cell_phenotype	CL:4033083
squamous mesothelial cell of dura mater	cell_phenotype	CL:1000298
sst GABAergic cortical interneuron	cell_phenotype	CL:4023017
sst GABAergic neuron of the striatum	cell_phenotype	CL:4042037
sst chodl GABAergic cortical interneuron	cell_phenotype	CL:4023121
stalk cell	cell_phenotype	CL:0000674
stalk follicle cell	cell_phenotype	CL:0000674
starburst amacrine cell	cell_phenotype	CL:0004232
static beta motor neuron	cell_phenotype	CL:4023001
static gamma motor neuron	cell_phenotype	CL:4023021
static nuclear bag fiber	cell_phenotype	CL:4023006
stave cell	cell_phenotype	CL:0002651
stellate L6 IT MOp (Mus musculus)	cell_phenotype	CL:4023080
stellate L6 intratelencephalic projecting glutamatergic neuron of the primary motor cortex (Mmus)	cell_phenotype	CL:4023080
stellate cell of von Kupffer	cell_phenotype	CL:0000091
stellate interneuron	cell_phenotype	CL:0000691
stellate neuron	cell_phenotype	CL:0000122
stellate pyramidal neuron	cell_phenotype	CL:4023093
stem Leydig cell	cell_phenotype	CL:0009091
stem cell	cell_phenotype	CL:0000034
stem cell of epidermis	cell_phenotype	CL:1000428
stem cell of gastric gland	cell_phenotype	CL:0002183
stem cell of intestinal crypt of Lieberkuhn	cell_phenotype	CL:0002250
stem cell of intestinal crypt of Lieberkuhn of appendix	cell_phenotype	CL:0009028
stem cell of intestinal crypt of Lieberkuhn of appendix vermiformis	cell_phenotype	CL:0009028
stem cell of large intestine crypt of Lieberkuhn	cell_phenotype	CL:0009016
stem cell of small intestine crypt of Lieberkuhn	cell_phenotype	CL:0009017
steroid hormone secreting cell	cell_phenotype	CL:0000174
stomach D-cell	cell_phenotype	CL:0002267
stomach delta cell	cell_phenotype	CL:0002267
stomach enteroendocrine cell	cell_phenotype	CL:1001517
stomach neuroendocrine cell	cell_phenotype	CL:1000222
stomach smooth muscle outer longitudinal layer cell	cell_phenotype	CL:4047035
storage cell	cell_phenotype	CL:0000629
stratified cuboidal epithelial cell	cell_phenotype	CL:0000241
stratified epithelial cell	cell_phenotype	CL:0000079
stratified epithelial stem cell	cell_phenotype	CL:0000357
stratified keratinized epithelial stem cell	cell_phenotype	CL:1000083
stratified non keratinized epithelial stem cell	cell_phenotype	CL:1000085
stratified squamous epithelial cell	cell_phenotype	CL:0000240
stratified squamous epithelial cell of anal canal	cell_phenotype	CL:0009066
stratum granulosum cell	cell_phenotype	CL:0000712
stretch cell	cell_phenotype	CL:0002085
stretch receptor cell	cell_phenotype	CL:1000082
strial basal cell	cell_phenotype	CL:0002493
strial intermediate cell	cell_phenotype	CL:0002486
strial marginal cell	cell_phenotype	CL:0002492
striatal PTHLH MOXD1 expressing interneuron	cell_phenotype	CL:4042024
striatal medium spiny neuron	cell_phenotype	CL:1001474
striatal pthlh-expressing interneuron	cell_phenotype	CL:4042023
striated cell of salivary gland	cell_phenotype	CL:4052049
striated muscle cell	cell_phenotype	CL:0000737
striated visceral muscle cell	cell_phenotype	CL:0008008
striatum neuron	cell_phenotype	CL:0002613
striosomal D1 medium spiny neuron	cell_phenotype	CL:4030048
striosomal D2 medium spiny neuron	cell_phenotype	CL:4030049
striosome D1 medium spiny neuron	cell_phenotype	CL:4030048
striosome D2 medium spiny neuron	cell_phenotype	CL:4030049
stromal cell	cell_phenotype	CL:0000499
stromal cell of anorectum lamina propria	cell_phenotype	CL:0009053
stromal cell of appendix lamina propria	cell_phenotype	CL:0009035
stromal cell of bone marrow	cell_phenotype	CL:0010001
stromal cell of colon lamina propria	cell_phenotype	CL:0009040
stromal cell of endometrium	cell_phenotype	CL:0002255
stromal cell of lamina propria of appendix vermiformis	cell_phenotype	CL:0009035
stromal cell of lamina propria of colon	cell_phenotype	CL:0009040
stromal cell of lamina propria of large intestine	cell_phenotype	CL:0009021
stromal cell of lamina propria of small intestine	cell_phenotype	CL:0009022
stromal cell of lamina propria of vermiform appendix	cell_phenotype	CL:0009035
stromal cell of ovarian cortex	cell_phenotype	CL:0002133
stromal cell of ovarian medulla	cell_phenotype	CL:0002134
stromal cell of ovary	cell_phenotype	CL:0002132
stromal cell of pancreas	cell_phenotype	CL:0002574
stromal cell of thymus	cell_phenotype	CL:4030001
stromal choroid plexus macrophage	cell_phenotype	CL:4042005
structural cell	cell_phenotype	CL:0000293
stuff accumulating cell	cell_phenotype	CL:0000325
subcapsular thymic epithelial cell	cell_phenotype	CL:0009077
subcutaneous adipocyte	cell_phenotype	CL:0002521
subcutaneous fat cell	cell_phenotype	CL:0002521
subcutaneous preadipocyte	cell_phenotype	CL:0002583
subdural leptomeningeal macrophage	cell_phenotype	CL:0000879
subdural meningeal macrophage	cell_phenotype	CL:0000879
subepithelial intestinal fibroblast	cell_phenotype	CL:4052007
subpial interlaminar astrocyte	cell_phenotype	CL:4042011
subpleural fibroblast	cell_phenotype	CL:4052029
substance P secreting cell	cell_phenotype	CL:0000505
substantia nigra dopaminergic neuron	cell_phenotype	CL:4042025
superficial VIP-positive spiny neuron	cell_phenotype	CL:4042014
superficial cell of urothelium	cell_phenotype	CL:4030056
superficial external epithelial cell of tympanic membrane	cell_phenotype	CL:0002161
support cell (sensu Nematoda and Protostomia)	cell_phenotype	CL:0000378
support cell (sensu Nematoda)	cell_phenotype	CL:0000619
supporting cell	cell_phenotype	CL:0000630
supporting cell (sensu Nematoda and Protostomia)	cell_phenotype	CL:0000378
supporting cell (sensu Nematoda)	cell_phenotype	CL:0000619
supporting cell of carotid body	cell_phenotype	CL:0002256
supporting cell of cochlea	cell_phenotype	CL:0002315
supporting cell of olfactory epithelium	cell_phenotype	CL:0000853
supporting cell of vestibular epithelium	cell_phenotype	CL:0002316
supportive cell	cell_phenotype	CL:0000630
suppressor macrophage	cell_phenotype	CL:0000862
suprabasal keratinocyte	cell_phenotype	CL:4033013
surface ectoderm cell	cell_phenotype	CL:0000114
surface ectodermal cell	cell_phenotype	CL:0000114
surface mucosal cell of stomach	cell_phenotype	CL:0002179
surfactant secreting cell	cell_phenotype	CL:0000157
sustentacular cell	cell_phenotype	CL:0000703
sustentaculocyte of olfactory epithelium	cell_phenotype	CL:0000853
sweat secreting cell	cell_phenotype	CL:0000318
sympathetic cholinergic neuron	cell_phenotype	CL:3000003
sympathetic neuron	cell_phenotype	CL:0011103
sympathetic noradrenergic neuron	cell_phenotype	CL:3000002
syncytial cell	cell_phenotype	CL:4052002
syncytial epithelial cell	cell_phenotype	CL:0000420
syncytial giant cell	cell_phenotype	CL:0000647
syncytial trophoblast cell	cell_phenotype	CL:0000525
syncytiotrophoblast cell	cell_phenotype	CL:0000525
syncytiotrophoblastic cell	cell_phenotype	CL:0000525
syncytium	cell_phenotype	CL:4052002
synovial cell	cell_phenotype	CL:0000214
synovial fibroblast	cell_phenotype	CL:0002301
synoviocyte	cell_phenotype	CL:0000214
tanycyte	cell_phenotype	CL:0002085
taste bud cell	cell_phenotype	CL:0000209
taste receptor cell	cell_phenotype	CL:0000209
taste receptor cell of tongue	cell_phenotype	CL:4033049
tear secreting cell	cell_phenotype	CL:0000315
tears secreting cell	cell_phenotype	CL:0000315
telocyte	cell_phenotype	CL:0017004
teloglia	cell_phenotype	CL:0000692
tendon cell	cell_phenotype	CL:0000388
terminal Schwann cell	cell_phenotype	CL:0000692
terminally differentiated effector memory CD45RA+ T cells	cell_phenotype	CL:4030002
terminally differentiated effector memory cells re-expressing CD45RA	cell_phenotype	CL:4030002
terminally differentiated odontoblast	cell_phenotype	CL:0007013
terminally differentiated osteoblast	cell_phenotype	CL:0001039
testis primordial germ cell	cell_phenotype	CL:0002238
testosterone secreting cell	cell_phenotype	CL:0000177
tether cell	cell_phenotype	CL:0002450
tgd.vg5+.IEL	cell_phenotype	CL:0002513
tgd.vg5-.IEL	cell_phenotype	CL:0002514
thalamic excitatory neuron	cell_phenotype	CL:4023068
theca cell	cell_phenotype	CL:0000503
theca lutein cell	cell_phenotype	CL:0000590
thecogen cell	cell_phenotype	CL:0000380
thermoreceptor cell	cell_phenotype	CL:0000205
thick-tufted layer 5 (TTL5) pyramidal neuron	cell_phenotype	CL:4023041
thoracic aorta endothelial cell	cell_phenotype	CL:0002545
thromboblast	cell_phenotype	CL:0000828
thymic capsular fibroblast	cell_phenotype	CL:0009078
thymic conventional dendritic cell	cell_phenotype	CL:0000941
thymic cortical macrophage	cell_phenotype	CL:0000883
thymic epithelial cell	cell_phenotype	CL:0002293
thymic fibroblast type 1	cell_phenotype	CL:0009078
thymic fibroblast type 2	cell_phenotype	CL:0009079
thymic interlobular fibroblast	cell_phenotype	CL:0009079
thymic interstitial cell	cell_phenotype	CL:4030003
thymic lymphocyte	cell_phenotype	CL:0000893
thymic macrophage	cell_phenotype	CL:0000866
thymic medullary macrophage	cell_phenotype	CL:0000882
thymic nurse cell	cell_phenotype	CL:4030004
thymic plasmacytoid dendritic cell	cell_phenotype	CL:0000942
thymic stromal cell	cell_phenotype	CL:4030001
thymocyte	cell_phenotype	CL:0000893
thyroid follicular cell	cell_phenotype	CL:0002258
thyroid gland follicular cell	cell_phenotype	CL:0002258
thyroid hormone secreting cell	cell_phenotype	CL:0000452
thyroid parafollicular cell	cell_phenotype	CL:0000570
thyroid stimulating hormone secreting cell	cell_phenotype	CL:0000476
thyrotrope	cell_phenotype	CL:0000476
thyrotroph	cell_phenotype	CL:0000476
tip cell	cell_phenotype	CL:0000423
tissue-enriched expressing GzmK CD8 cell	cell_phenotype	CL:4052021
tissue-resident macrophage	cell_phenotype	CL:0000864
tongue muscle cell	cell_phenotype	CL:0002673
tonsil germinal center B cell	cell_phenotype	CL:2000006
tonsil squamous cell	cell_phenotype	CL:1001577
tonsillar macrophage	cell_phenotype	CL:0000869
tormogen cell	cell_phenotype	CL:0000372
totipotent stem cell	cell_phenotype	CL:0000052
totipotential stem cell	cell_phenotype	CL:0000052
touch receptor cell	cell_phenotype	CL:0000200
trabecular meshwork cell	cell_phenotype	CL:0002367
trabeculocyte	cell_phenotype	CL:0002367
tracheal epithelial cell	cell_phenotype	CL:0000307
tracheal goblet cell	cell_phenotype	CL:1000329
tracheal submucosal gland mucous cell	cell_phenotype	CL:4033020
tracheoblast	cell_phenotype	CL:0000377
tracheobronchial chondrocyte	cell_phenotype	CL:0019002
tracheobronchial goblet cell	cell_phenotype	CL:0019003
tracheobronchial serous cell	cell_phenotype	CL:0019001
tracheobronchial smooth muscle cell	cell_phenotype	CL:0019019
tracheocyte	cell_phenotype	CL:0000307
transient amplifying cell	cell_phenotype	CL:0009010
transient amplifying cell of colon	cell_phenotype	CL:0009011
transient amplifying cell of crypt of Lieberkuhn of colon	cell_phenotype	CL:0009011
transient amplifying cell of crypt of Lieberkuhn of small intestine	cell_phenotype	CL:0009012
transient amplifying cell of small intestine	cell_phenotype	CL:0009012
transit amplifying cell	cell_phenotype	CL:0009010
transit amplifying cell of anorectum	cell_phenotype	CL:0009056
transit amplifying cell of appendix	cell_phenotype	CL:0009027
transit amplifying cell of appendix vermiformis	cell_phenotype	CL:0009027
transit amplifying cell of colon	cell_phenotype	CL:0009011
transit amplifying cell of crypt of Lieberkuhn of colon	cell_phenotype	CL:0009011
transit amplifying cell of crypt of Lieberkuhn of small intestine	cell_phenotype	CL:0009012
transit amplifying cell of gut	cell_phenotype	CL:4047017
transit amplifying cell of small intestine	cell_phenotype	CL:0009012
transit amplifying cell of vermiform appendix	cell_phenotype	CL:0009027
transit amplifying progenitor cell	cell_phenotype	CL:0009010
transit-amplifying cell	cell_phenotype	CL:0009010
transit-amplifying cell of colon	cell_phenotype	CL:0009011
transit-amplifying cell of small intestine	cell_phenotype	CL:0009012
transitinal myocyte of sinuatrial node	cell_phenotype	CL:1000478
transitional B cell	cell_phenotype	CL:0000818
transitional cell of parathyroid gland	cell_phenotype	CL:0002263
transitional epithelial cell	cell_phenotype	CL:0000244
transitional myocyte	cell_phenotype	CL:0002073
transitional myocyte of anterior division of left branch of atrioventricular bundle	cell_phenotype	CL:1000368
transitional myocyte of anterior internodal tract	cell_phenotype	CL:1000364
transitional myocyte of atrial branch of anterior internodal tract	cell_phenotype	CL:1000363
transitional myocyte of atrial part of atrioventricular bundle	cell_phenotype	CL:1000372
transitional myocyte of atrial septal branch of anterior internodal tract	cell_phenotype	CL:1000365
transitional myocyte of atrioventricular bundle	cell_phenotype	CL:1000481
transitional myocyte of interatrial septum	cell_phenotype	CL:1000361
transitional myocyte of internodal tract	cell_phenotype	CL:1000480
transitional myocyte of interventricular septum	cell_phenotype	CL:1000362
transitional myocyte of left branch of atrioventricular bundle	cell_phenotype	CL:1000370
transitional myocyte of middle internodal tract	cell_phenotype	CL:1000366
transitional myocyte of posterior division of left branch of atrioventricular bundle	cell_phenotype	CL:1000374
transitional myocyte of posterior internodal tract	cell_phenotype	CL:1000367
transitional myocyte of right branch of atrioventricular bundle	cell_phenotype	CL:1000371
transitional myocyte of septal division of left branch of atrioventricular bundle	cell_phenotype	CL:1000369
transitional myocyte of sinoatrial node	cell_phenotype	CL:1000478
transitional myocyte of ventricular part of atrioventricular bundle	cell_phenotype	CL:1000373
transitional stage 1 B cell	cell_phenotype	CL:0000958
transitional stage 2 B cell	cell_phenotype	CL:0000959
transitional stage 3 B cell	cell_phenotype	CL:0000960
transitional stage B cell	cell_phenotype	CL:0000818
transitional stage B lymphocyte	cell_phenotype	CL:0000818
transitional stage B-cell	cell_phenotype	CL:0000818
transitional stage B-lymphocyte	cell_phenotype	CL:0000818
transporting cell	cell_phenotype	CL:0000627
transversely striated visceral muscle cell	cell_phenotype	CL:0008009
trichocyte	cell_phenotype	CL:0002562
trichogen cell	cell_phenotype	CL:0000374
trigeminal motor neuron	cell_phenotype	CL:4023171
trigeminal neuron	cell_phenotype	CL:4023169
trigeminal sensory neuron	cell_phenotype	CL:4023170
triple negative dendritic cell	cell_phenotype	CL:0000998
tripotential glial-restricted precursor cell	cell_phenotype	CL:4040000
trophectoderm cell	cell_phenotype	CL:1000274
trophectodermal cell	cell_phenotype	CL:1000274
trophoblast cell	cell_phenotype	CL:0000351
trophoblast giant cell	cell_phenotype	CL:0002488
trophoblastic cell	cell_phenotype	CL:0000351
tuft cell	cell_phenotype	CL:0002204
tuft cell of anorectum	cell_phenotype	CL:0009065
tuft cell of appendix	cell_phenotype	CL:0009020
tuft cell of appendix vermiformis	cell_phenotype	CL:0009020
tuft cell of colon	cell_phenotype	CL:0009041
tuft cell of epithelium of large intestine	cell_phenotype	CL:0002203
tuft cell of epithelium of small intestine	cell_phenotype	CL:0009080
tuft cell of large intestine	cell_phenotype	CL:0002203
tuft cell of small intestine	cell_phenotype	CL:0009080
tuft cell of vermiform appendix	cell_phenotype	CL:0009020
tufted pyramidal neuron	cell_phenotype	CL:4023094
type 1 DC	cell_phenotype	CL:0000990
type 1 alveolar epithelial cells	cell_phenotype	CL:0002062
type 1 cone bipolar cell (sensu Mus)	cell_phenotype	CL:0000753
type 1 muscle cell	cell_phenotype	CL:0002211
type 1 muscle fiber	cell_phenotype	CL:0002211
type 1 otic fibrocyte	cell_phenotype	CL:0002670
type 1 pneumocyte	cell_phenotype	CL:0002062
type 1 spiral ganglion neuron	cell_phenotype	CL:4023115
type 1 vestibular hair cell	cell_phenotype	CL:0002070
type 1 vestibular sensory cell	cell_phenotype	CL:0002070
type 1 vestibular sensory cell of epithelium of crista of ampulla of semicircular duct of membranous labyrinth	cell_phenotype	CL:1000381
type 1 vestibular sensory cell of epithelium of macula of saccule of membranous labyrinth	cell_phenotype	CL:1000380
type 1 vestibular sensory cell of epithelium of macula of utricle of membranous labyrinth	cell_phenotype	CL:1000379
type 1 vestibular sensory cell of stato-acoustic epithelium	cell_phenotype	CL:1000378
type 2 DC	cell_phenotype	CL:0000784
type 2 alveolar epithelial cell	cell_phenotype	CL:0002063
type 2 alveolocyte	cell_phenotype	CL:0002063
type 2 cone bipolar cell (sensu Mus)	cell_phenotype	CL:0000754
type 2 muscle cell	cell_phenotype	CL:0002212
type 2 muscle fiber	cell_phenotype	CL:0002212
type 2 otic fibrocyte	cell_phenotype	CL:0002666
type 2 pneumocyte	cell_phenotype	CL:0002063
type 2 spiral ganglion neuron	cell_phenotype	CL:4023116
type 2 taste cell	cell_phenotype	CL:0002286
type 2 vestibular hair cell	cell_phenotype	CL:0002069
type 2 vestibular sensory cell	cell_phenotype	CL:0002069
type 2 vestibular sensory cell of epithelium of crista of ampulla of semicircular duct of membranous labyrinth	cell_phenotype	CL:1000385
type 2 vestibular sensory cell of epithelium of macula of saccule of membranous labyrinth	cell_phenotype	CL:1000384
type 2 vestibular sensory cell of epithelium of macula of utricle of membranous labyrinth	cell_phenotype	CL:1000383
type 2 vestibular sensory cell of stato-acoustic epithelium	cell_phenotype	CL:1000382
type 2a muscle cell	cell_phenotype	CL:0002214
type 2a muscle fiber	cell_phenotype	CL:0002214
type 2b muscle cell	cell_phenotype	CL:0002215
type 2b muscle fiber	cell_phenotype	CL:0002215
type 2x fiber	cell_phenotype	CL:4052026
type 2x muscle cell	cell_phenotype	CL:4052026
type 2x muscle fiber	cell_phenotype	CL:4052026
type 3 cone bipolar cell (sensu Mus)	cell_phenotype	CL:0000755
type 3 otic fibrocyte	cell_phenotype	CL:0002669
type 3 taste cell	cell_phenotype	CL:0002285
type 3a cone bipolar cell	cell_phenotype	CL:0004213
type 3b cone bipolar cell	cell_phenotype	CL:0004214
type 4 cone bipolar cell (sensu Mus)	cell_phenotype	CL:0000756
type 4 otic fibrocyte	cell_phenotype	CL:0002668
type 4 taste cell	cell_phenotype	CL:0002287
type 5 cone bipolar cell (sensu Mus)	cell_phenotype	CL:0000757
type 5 otic fibrocyte	cell_phenotype	CL:0002667
type 5a cone bipolar cell	cell_phenotype	CL:0004215
type 5b cone bipolar cell	cell_phenotype	CL:0004216
type 6 cone bipolar cell (sensu Mus)	cell_phenotype	CL:0000758
type 7 cone bipolar cell (sensu Mus)	cell_phenotype	CL:0000759
type 8 cone bipolar cell (sensu Mus)	cell_phenotype	CL:0000760
type 9 cone bipolar cell (sensu Mus)	cell_phenotype	CL:0000761
type A cell of stomach	cell_phenotype	CL:0002264
type A enteroendocrine cell	cell_phenotype	CL:0002067
type A intercalated cell	cell_phenotype	CL:0005011
type A synovial cell	cell_phenotype	CL:0002302
type A synoviocyte	cell_phenotype	CL:0002302
type A-IC	cell_phenotype	CL:0005011
type B enteroendocrine cell	cell_phenotype	CL:0000169
type B intercalated cell	cell_phenotype	CL:0002201
type B pancreatic cell	cell_phenotype	CL:0000169
type B synovial cell	cell_phenotype	CL:0002301
type B-IC	cell_phenotype	CL:0002201
type D cell of colon	cell_phenotype	CL:0002265
type D cell of small intestine	cell_phenotype	CL:0002266
type D cell of stomach	cell_phenotype	CL:0002267
type D enteroendocrine cell	cell_phenotype	CL:0000502
type D1 enteroendocrine cell	cell_phenotype	CL:0002501
type EC enteroendocrine cell	cell_phenotype	CL:0000577
type EC1 enteroendocrine cell	cell_phenotype	CL:0002271
type EC2 enteroendocrine cell	cell_phenotype	CL:0002270
type ECL enteroendocrine cell	cell_phenotype	CL:0002273
type F enteroendocrine cell	cell_phenotype	CL:0000696
type G cell of stomach	cell_phenotype	CL:4047025
type G enteroendocrine cell	cell_phenotype	CL:0000508
type I NK T cell	cell_phenotype	CL:0000921
type I NK T lymphocyte	cell_phenotype	CL:0000921
type I NK T-cell	cell_phenotype	CL:0000921
type I NK T-lymphocyte	cell_phenotype	CL:0000921
type I NKT cell	cell_phenotype	CL:0000921
type I alveolar cells	cell_phenotype	CL:0002062
type I alveolar epithelial cells	cell_phenotype	CL:0002062
type I cell of adrenal cortex	cell_phenotype	CL:0002099
type I cell of adrenal medulla	cell_phenotype	CL:0002083
type I cell of carotid body	cell_phenotype	CL:0002292
type I enteroendocrine cell	cell_phenotype	CL:0002277
type I hair cell	cell_phenotype	CL:0002070
type I muscle cell	cell_phenotype	CL:0002211
type I muscle fiber	cell_phenotype	CL:0002211
type I otic fibrocyte	cell_phenotype	CL:0002670
type I pinealocyte	cell_phenotype	CL:0010013
type I pneumocyte	cell_phenotype	CL:0002062
type I spiral ganglion cell	cell_phenotype	CL:4023115
type I spiral ligament fibrocyte	cell_phenotype	CL:0002670
type I taste bud cell	cell_phenotype	CL:0002289
type I taste cell	cell_phenotype	CL:0002289
type I vestibular sensory cell	cell_phenotype	CL:0002070
type II NK T cell	cell_phenotype	CL:0000922
type II NK T cell secreting IFN-gamma	cell_phenotype	CL:0000932
type II NK T cell secreting IL-4	cell_phenotype	CL:0000933
type II NK T cell secreting interferon-gamma	cell_phenotype	CL:0000932
type II NK T cell secreting interleukin-4	cell_phenotype	CL:0000933
type II NK T lymphocyte	cell_phenotype	CL:0000922
type II NK T lymphocyte secreting interferon-gamma	cell_phenotype	CL:0000932
type II NK T lymphocyte secreting interleukin-4	cell_phenotype	CL:0000933
type II NK T-cell	cell_phenotype	CL:0000922
type II NK T-cell secreting interferon-gamma	cell_phenotype	CL:0000932
type II NK T-cell secreting interleukin-4	cell_phenotype	CL:0000933
type II NK T-lymphocyte	cell_phenotype	CL:0000922
type II NK T-lymphocyte secreting interferon-gamma	cell_phenotype	CL:0000932
type II NK T-lymphocyte secreting interleukin-4	cell_phenotype	CL:0000933
type II NKT cell	cell_phenotype	CL:0000922
type II NKT cell secreting interferon-gamma	cell_phenotype	CL:0000932
type II NKT cell secreting interleukin-4	cell_phenotype	CL:0000933
type II alveolar cell	cell_phenotype	CL:0002063
type II alveolar epithelial cell	cell_phenotype	CL:0002063
type II alveolocyte	cell_phenotype	CL:0002063
type II cell of adrenal cortex	cell_phenotype	CL:0002136
type II cell of adrenal medulla	cell_phenotype	CL:0002082
type II cell of carotid body	cell_phenotype	CL:0002081
type II cortical cell of adrenal gland	cell_phenotype	CL:0002136
type II hair cell	cell_phenotype	CL:0002069
type II muscle cell	cell_phenotype	CL:0002212
type II muscle fiber	cell_phenotype	CL:0002212
type II otic fibrocyte	cell_phenotype	CL:0002666
type II pinealocyte	cell_phenotype	CL:0010014
type II pneumocyte	cell_phenotype	CL:0002063
type II spiral ganglion cell	cell_phenotype	CL:4023116
type II spiral ligament fibrocyte	cell_phenotype	CL:0002666
type II taste cell	cell_phenotype	CL:0002286
type II vestibular sensory cell	cell_phenotype	CL:0002069
type III cell of adrenal cortex	cell_phenotype	CL:0002137
type III otic fibrocyte	cell_phenotype	CL:0002669
type III spiral ligament fibrocyte	cell_phenotype	CL:0002669
type III taste bud cell	cell_phenotype	CL:0002285
type IIa muscle cell	cell_phenotype	CL:0002214
type IIa muscle fiber	cell_phenotype	CL:0002214
type IIb muscle cell	cell_phenotype	CL:0002215
type IIb muscle fiber	cell_phenotype	CL:0002215
type IIx muscle cell	cell_phenotype	CL:4052026
type IIx muscle fiber	cell_phenotype	CL:4052026
type IV otic fibrocyte	cell_phenotype	CL:0002668
type IV spiral ligament fibrocyte	cell_phenotype	CL:0002668
type IV taste receptor cell	cell_phenotype	CL:0002287
type K enteroendocrine cell	cell_phenotype	CL:0002278
type L enteroendocrine cell	cell_phenotype	CL:0002279
type M enteroendocrine cell	cell_phenotype	CL:0002502
type N enteroendocrine cell	cell_phenotype	CL:0002280
type S enteroendocrine cell	cell_phenotype	CL:0002281
type TG enteroendocrine cell	cell_phenotype	CL:0002282
type V otic fibrocyte	cell_phenotype	CL:0002667
type V spiral ligament fibrocyte	cell_phenotype	CL:0002667
type V taste receptor cell	cell_phenotype	CL:0002288
type X enteroendocrine cell	cell_phenotype	CL:0002284
type a interrenal cell	cell_phenotype	CL:0002517
type n interrenal cell	cell_phenotype	CL:0002515
type taste 1 cell	cell_phenotype	CL:0002289
type-1 epithelial cell of thymus	cell_phenotype	CL:0002294
type-2 epithelial cell of thymus	cell_phenotype	CL:0002299
type-3 epithelial cell of thymus	cell_phenotype	CL:0002297
type-4 epithelial cell of thymus	cell_phenotype	CL:0002296
type-5 epithelial cell of thymus	cell_phenotype	CL:0002298
type-6 epithelial cell of thymus	cell_phenotype	CL:0002295
type-7 epithelial cell of thymus	cell_phenotype	CL:0002300
umbilical artery endothelial cell	cell_phenotype	CL:2000052
umbilical artery epithelial cell	cell_phenotype	CL:0010002
umbrella cell of urothelium	cell_phenotype	CL:4030056
undifferentiated cell of bronchus epithelium	cell_phenotype	CL:0002330
undifferentiated columnar cell of tracheobronchial tree	cell_phenotype	CL:0002209
undifferentiated mTEC	cell_phenotype	CL:0002298
undifferentiated medullary thymic epithelial cell	cell_phenotype	CL:0002298
undifferentiated thymic epithelial cell	cell_phenotype	CL:0002298
unimodal nocireceptor	cell_phenotype	CL:0000551
uninucleate arthroconidium	cell_phenotype	CL:0002389
uninucleate blastconidium	cell_phenotype	CL:0002390
uninucleate conidium	cell_phenotype	CL:0002381
uninucleate macroconidium	cell_phenotype	CL:0002384
unipolar brush cell	cell_phenotype	CL:4023161
unipolar neuron	cell_phenotype	CL:0000106
unipotent stem cell	cell_phenotype	CL:0000035
unipotential stem cell	cell_phenotype	CL:0000035
unpassaged cultured cell	cell_phenotype	CL:0000001
unswitched memory B cell	cell_phenotype	CL:0000970
unswitched memory B lymphocyte	cell_phenotype	CL:0000970
unswitched memory B-cell	cell_phenotype	CL:0000970
unswitched memory B-lymphocyte	cell_phenotype	CL:0000970
untufted pyramidal neuron	cell_phenotype	CL:4023095
upper motor neuron	cell_phenotype	CL:0008048
ureter adventitial cell	cell_phenotype	CL:1000708
ureter smooth muscle cell	cell_phenotype	CL:1000979
ureter urothelial cell	cell_phenotype	CL:1000706
ureteral cell	cell_phenotype	CL:1000601
ureteric bud cell	cell_phenotype	CL:4030066
urethra cell	cell_phenotype	CL:1001320
urethra urothelial cell	cell_phenotype	CL:1001430
uric acid accumulating cell	cell_phenotype	CL:0000256
urothelial basal cell	cell_phenotype	CL:1000486
urothelial cell	cell_phenotype	CL:0000731
urothelial cell of trigone of urinary bladder	cell_phenotype	CL:1000442
urothelial intermediate cell	cell_phenotype	CL:4030055
uterine cervix epithelial cell	cell_phenotype	CL:0002535
uterine cervix secretory cell	cell_phenotype	CL:1001587
uterine cervix squamous cell	cell_phenotype	CL:1001575
uterine endothelial cell	cell_phenotype	CL:0009095
uterine natural killer cell	cell_phenotype	CL:4052028
uterine resident macrophage	cell_phenotype	CL:4033064
uterine smooth muscle cell	cell_phenotype	CL:0002601
uterine tube ciliated epithelial cell	cell_phenotype	CL:4030007
uterine tube epithelial cell	cell_phenotype	CL:4052018
uterine tube secretory epithelial cell	cell_phenotype	CL:4030006
uterine tube smooth muscle cell	cell_phenotype	CL:4052022
uveal melanocyte	cell_phenotype	CL:4030000
vCTB	cell_phenotype	CL:2000060
vacuolar absorptive cell	cell_phenotype	CL:0002071
vacuolated fetal-type enterocyte	cell_phenotype	CL:0009067
vagal neural crest cell	cell_phenotype	CL:0011017
vagina squamous cell	cell_phenotype	CL:1001578
vaginal lubricant secreting cell	cell_phenotype	CL:0000436
valve endothelial cell	cell_phenotype	CL:4030033
valve interstitial cell	cell_phenotype	CL:4030032
valvular endothelial cell	cell_phenotype	CL:4030033
valvular interstitial cell	cell_phenotype	CL:4030032
vasa recta ascending limb cell	cell_phenotype	CL:1001131
vasa recta cell	cell_phenotype	CL:1001036
vasa recta descending limb cell	cell_phenotype	CL:1001285
vascular associated smooth muscle cell	cell_phenotype	CL:0000359
vascular endothelial cell	cell_phenotype	CL:0002139
vascular leptomeningeal cell	cell_phenotype	CL:4023051
vascular leptomeningeal cell (Mmus)	cell_phenotype	CL:4023056
vascular lymphangioblast	cell_phenotype	CL:0005022
vascular smooth muscle cell	cell_phenotype	CL:0000359
vasoactive intestinal peptide secreting cell	cell_phenotype	CL:0002269
vasopressin stimulating hormone secreting cell	cell_phenotype	CL:0000479
vasopressin-secreting magnocellular cell	cell_phenotype	CL:4023109
vegetative cell (sensu Fungi)	cell_phenotype	CL:0000334
vein endothelial cell	cell_phenotype	CL:0002543
vein endothelial cell of respiratory system	cell_phenotype	CL:4033008
venous endothelial cell	cell_phenotype	CL:0002543
ventral horn of spinal cord spinal cord motor neuron	cell_phenotype	CL:2000048
ventricular cardiac muscle cell	cell_phenotype	CL:2000046
ventricular myocyte	cell_phenotype	CL:0002131
vertebral mesenchymal stem cell	cell_phenotype	CL:0002572
vertebrate lens cell	cell_phenotype	CL:0002222
vestibular afferent neuron	cell_phenotype	CL:4023112
vestibular dark cell	cell_phenotype	CL:0000846
vestibular hair cell	cell_phenotype	CL:0000609
vestibular receptor cell	cell_phenotype	CL:0000609
villous cytotrophoblast	cell_phenotype	CL:2000060
visceral muscle cell	cell_phenotype	CL:0008007
visceral preadipocyte	cell_phenotype	CL:0002582
visceromotor neuron	cell_phenotype	CL:0005025
visible light photoreceptor cell	cell_phenotype	CL:0000488
visual pigment cell	cell_phenotype	CL:0000149
visual pigment cell (sensu Nematoda and Protostomia)	cell_phenotype	CL:0001658
visual pigment cell (sensu Vertebrata)	cell_phenotype	CL:0000343
visual system neuron	cell_phenotype	CL:0008028
vomeronasal sensory neuron	cell_phenotype	CL:1001561
von Economo neuron	cell_phenotype	CL:4030039
von Kupffer cell	cell_phenotype	CL:0000091
wandering histiocyte	cell_phenotype	CL:0000861
warmth sensing thermoreceptor cell	cell_phenotype	CL:0000591
wavy bistratified amacrine cell	cell_phenotype	CL:0004239
white adipocyte	cell_phenotype	CL:0000448
white adipose cell	cell_phenotype	CL:0000448
white blood cell	cell_phenotype	CL:0000738
white muscle cell	cell_phenotype	CL:0002213
wide field retinal amacrine cell	cell_phenotype	CL:0004253
window cell	cell_phenotype	CL:0000666
xanthoblast	cell_phenotype	CL:0005002
xanthophore cell	cell_phenotype	CL:0000430
yolk cell	cell_phenotype	CL:0000428
yolk sac hematopoietic stem cell	cell_phenotype	CL:0002354
zygospore	cell_phenotype	CL:0000608
zygote	cell_phenotype	CL:0010017
zymogenic cell	cell_phenotype	CL:0000155
