Iteration	Fold	Weighted accuracy	Unweighted accuracy
0	0	0.8544152744630071	0.8526315789473684
0	1	0.7534693877551021	0.8677248677248677
0	2	0.8687727825030377	0.8526315789473684
0	3	0.8792270531400966	0.8770053475935828
0	4	0.8053763440860215	0.8571428571428571
0	5	0.8002136752136753	0.7967914438502673
0	6	0.8129722921914357	0.8594594594594595
0	7	0.8455730954015099	0.8457446808510638
0	8	0.8587819947043248	0.8186813186813187
0	9	0.8285181733457595	0.8773006134969326
1	0	0.8133198789101918	0.8631578947368421
1	1	0.5503062117235346	0.8415300546448088
1	2	0.6816479400749064	0.8412698412698413
1	3	0.8536009445100354	0.8783068783068783
1	4	0.9698097601323408	0.8279569892473119
1	5	0.9121338912133892	0.8674033149171271
1	6	0.895959595959596	0.8776595744680851
1	7	0.7992307692307692	0.8457446808510638
1	8	0.9417535254445125	0.88268156424581
1	9	0.7948571428571428	0.7941176470588235
2	0	0.8764940239043825	0.8804347826086957
2	1	0.8597464342313788	0.9021739130434783
2	2	0.8072502210433244	0.8670212765957447
2	3	0.8960205391527599	0.8722222222222222
2	4	0.7321772639691715	0.8148148148148148
2	5	0.7382230172927847	0.824468085106383
2	6	0.7709844559585493	0.8031914893617021
2	7	0.8609904430929627	0.8609625668449198
2	8	0.892136681762042	0.851063829787234
2	9	0.8828193832599119	0.8682634730538922
3	0	0.6524633821571239	0.7967914438502673
3	1	0.74079874706343	0.8518518518518519
3	2	0.7918340026773761	0.8473684210526315
3	3	0.8994668697638994	0.8157894736842105
3	4	0.9171597633136095	0.8626373626373627
3	5	0.8351012536162006	0.824468085106383
3	6	0.9222520107238605	0.8972972972972973
3	7	0.8753229974160207	0.8877005347593583
3	8	0.9507972665148063	0.8693181818181818
3	9	0.675764192139738	0.9230769230769231
4	0	0.7429305912596401	0.8421052631578947
4	1	0.8418657565415245	0.8578947368421053
4	2	0.9309727471653073	0.8148148148148148
4	3	0.8830823737821081	0.8716577540106952
4	4	0.8858603066439523	0.8571428571428571
4	5	0.8701570680628272	0.8829787234042553
4	6	0.8640533778148457	0.8370786516853933
4	7	0.8410094637223975	0.8670212765957447
4	8	0.5659630606860159	0.8666666666666667
4	9	0.855072463768116	0.8780487804878049

tokseq	label	cv_label	cv_count	corpus_count	cv_predicted[0]	cv_predicted[1]
('pre-adipocytes',)	root	root	5	1	5	0
('3T3-L1', 'pre-adipocytes')	root	root	5	1	5	0
('Adelta-nociceptors',)	root	root	3	1	3	2
('cell',)	root	root	5	3465	5	0
('B', 'cell')	root	root	5	132	5	0
('B-cell',)	root	root	5	16	5	0
('B-cells',)	root	root	5	18	5	0
('B-lympho',)	root	role	3	1	0	5
('B-lymphoblast',)	root	None	0	0	0	0
('B-lymphocyte',)	root	None	0	0	0	0
('B.cells',)	root	root	5	1	5	0
('D-cell',)	root	None	0	0	0	0
('GM-macrophage',)	root	root	5	1	5	0
('M-astrocyte',)	root	root	5	1	5	0
('M-cell',)	root	None	0	0	0	0
('M1-macrophages',)	root	root	3	1	3	2
('MPhi',)	root	molecular signaling	5	3	0	5
('Mast.cells.resting',)	root	root	5	1	5	0
('PBMC',)	root	root	5	1	5	0
('PBMCs',)	root	root	5	1	5	0
('Pan-macrophage',)	root	root	5	1	5	0
('Pre-chondrocytes',)	root	root	5	1	5	0
('Pre-osteoblasts',)	root	root	5	1	5	0
('Pre-osteoclasts',)	root	root	5	1	5	0
('RBC',)	root	root	5	2	5	0
('S-cone',)	root	root	5	1	5	0
('S-cones',)	root	root	5	1	5	0
('T', 'cell')	root	root	5	417	5	0
('lymphocyte',)	root	root	5	46	5	0
('T', 'lymphocyte')	root	root	5	17	5	0
('T-cell',)	root	root	5	34	5	0
('T-cells',)	root	root	5	39	5	0
('T-lymphoblast',)	root	None	0	0	0	0
('T-lymphocyte',)	root	root	5	3	5	0
('T-lymphocytes',)	root	root	5	6	5	0
('VSMC',)	root	root	5	1	5	0
('adipocyte',)	root	root	5	28	5	0
('aerocyte',)	root	root	5	2	5	0
('alpha-cell',)	root	root	5	1	5	0
('alveolocyte',)	root	None	0	0	0	0
('ameloblast',)	root	root	5	5	5	0
('amelocyte',)	root	None	0	0	0	0
('amniocyte',)	root	None	0	0	0	0
('angioblast',)	root	root	5	2	5	0
('arthroconidium',)	root	None	0	0	0	0
('ascospore',)	root	None	0	0	0	0
('astrocyte',)	root	root	5	42	5	0
('astroglia',)	root	lineage	5	1	0	5
('basidiospore',)	root	None	0	0	0	0
('basophil',)	root	root	5	6	5	0
('beta-cell',)	root	root	5	1	5	0
('beta-cells',)	root	root	5	2	5	0
('beta1-tanycyte',)	root	None	0	0	0	0
('beta2-tanycyte',)	root	None	0	0	0	0
('blast',)	root	lineage	5	14	0	5
('blastconidium',)	root	None	0	0	0	0
('blastoconidium',)	root	None	0	0	0	0
('blastomere',)	root	root	5	10	5	0
('cardioblast',)	root	None	0	0	0	0
('cardiocyte',)	root	None	0	0	0	0
('cardiomyocyte',)	root	root	5	9	5	0
('cell-types',)	root	root	5	1	5	0
('cementoblast',)	root	root	5	1	5	0
('cementocyte',)	root	None	0	0	0	0
('centroblast',)	root	None	0	0	0	0
('centrocyte',)	root	None	0	0	0	0
('chemoreceptor',)	root	molecular signaling	4	1	1	4
('chlamydospore',)	root	None	0	0	0	0
('cholangiocyte',)	root	root	5	4	5	0
('chondroblast',)	root	root	5	2	5	0
('chondrocyte',)	root	root	5	20	5	0
('chondroplast',)	root	None	0	0	0	0
('chondroprogenitor',)	root	root	5	1	5	0
('chordablast',)	root	None	0	0	0	0
('chordoblast',)	root	None	0	0	0	0
('chromatocyte',)	root	None	0	0	0	0
('chromatophore',)	root	None	0	0	0	0
('chromophobe',)	root	None	0	0	0	0
('chrondoplast',)	root	None	0	0	0	0
('cnidoblast',)	root	None	0	0	0	0
('cnidocyte',)	root	None	0	0	0	0
('coelomocyte',)	root	None	0	0	0	0
('colonocyte',)	root	root	5	4	5	0
('condrocyte',)	root	root	5	1	5	0
('cone',)	root	appearance	5	22	0	5
('conidium',)	root	None	0	0	0	0
('corneocyte',)	root	root	5	2	5	0
('corpuscle',)	root	root	5	1	5	0
('corticotrope',)	root	molecular signaling	5	6	0	5
('corticotroph',)	root	molecular signaling	5	3	0	5
('crypt',)	root	appearance	5	7	0	5
('cyanoblast',)	root	None	0	0	0	0
('cyanophore',)	root	None	0	0	0	0
('cystoblast',)	root	None	0	0	0	0
('cytotrophloblast',)	root	None	0	0	0	0
('cytotrophoblast',)	root	root	5	11	5	0
('delta-cells',)	root	root	5	3	5	0
('dikaryon',)	root	None	0	0	0	0
('discocyte',)	root	root	5	1	5	0
('echinocyte',)	root	None	0	0	0	0
('egg',)	root	developmental	5	2	0	5
('endocrinocyte',)	root	None	0	0	0	0
('endospore',)	root	None	0	0	0	0
('endothelial-progenitors',)	root	lineage	5	1	0	5
('endotheliocyte',)	root	None	0	0	0	0
('enrythroblast',)	root	None	0	0	0	0
('enterocyte',)	root	root	5	16	5	0
('eosinocyte',)	root	None	0	0	0	0
('eosinophil',)	root	root	5	5	5	0
('ependymocyte',)	root	root	5	2	5	0
('epidermoblast',)	root	None	0	0	0	0
('epitheliocyte',)	root	None	0	0	0	0
('erythoblast',)	root	root	5	1	5	0
('erythroblast',)	root	root	5	16	5	0
('erythrocyte',)	root	root	5	7	5	0
('erythrophore',)	root	None	0	0	0	0
('fiber',)	root	appearance	5	9	0	5
('fibroblast',)	root	lineage	5	121	0	5
('fibrochondrocyte',)	root	root	5	3	5	0
('fibrocyte',)	root	root	5	3	5	0
('fibromyocyte',)	root	root	5	1	5	0
('gamete',)	root	root	5	2	5	0
('gangliocyte',)	root	None	0	0	0	0
('glia',)	root	lineage	5	30	0	5
('glioblast',)	root	root	5	1	5	0
('gonadotrope',)	root	root	5	5	5	0
('gonadotroph',)	root	root	5	2	5	0
('gonadtroph',)	root	None	0	0	0	0
('gonocyte',)	root	root	5	1	5	0
('granular-macrophage',)	root	root	5	1	5	0
('granulocyte',)	root	root	5	16	5	0
('hemangioblast',)	root	root	5	2	5	0
('hemocyte',)	root	None	0	0	0	0
('hepatoblast',)	root	root	5	1	5	0
('hepatocyte',)	root	root	5	10	5	0
('heterokaryon',)	root	root	5	1	5	0
('histaminocyte',)	root	None	0	0	0	0
('histiocyte',)	root	None	0	0	0	0
('histoblast',)	root	None	0	0	0	0
('histocyte',)	root	None	0	0	0	0
('huvec',)	root	root	5	3	5	0
('hyalocyte',)	root	root	5	1	5	0
('hypoblast',)	root	root	5	1	5	0
('iMonocytes',)	root	root	5	1	5	0
('iTrophoblast',)	root	None	0	0	0	0
('iTrophoblasts',)	root	None	0	0	0	0
('immunocyte',)	root	None	0	0	0	0
('imonocyte',)	root	None	0	0	0	0
('interneuron',)	root	root	5	45	5	0
('ionocyte',)	root	root	5	3	5	0
('iridoblast',)	root	None	0	0	0	0
('keratinocyte',)	root	lineage	5	24	0	5
('keratocyte',)	root	root	5	7	5	0
('labrocyte',)	root	None	0	0	0	0
('lactocyte',)	root	root	5	1	5	0
('lactotrope',)	root	molecular signaling	5	4	0	5
('lactotroph',)	root	root	5	3	5	0
('lamellocyte',)	root	None	0	0	0	0
('leucoblast',)	root	None	0	0	0	0
('leucocyte',)	root	root	5	6	5	0
('leucophore',)	root	None	0	0	0	0
('leukocyte',)	root	root	5	21	5	0
('lipofibroblast',)	root	root	5	3	5	0
('lipophage',)	root	None	0	0	0	0
('lymphangioblast',)	root	None	0	0	0	0
('lymphoblast',)	root	root	5	3	5	0
('mB-cells',)	root	root	5	1	5	0
('macroconidium',)	root	None	0	0	0	0
('macrocyte',)	root	None	0	0	0	0
('macroglia',)	root	appearance	5	1	0	5
('macrogliocyte',)	root	None	0	0	0	0
('macrophage',)	root	root	5	227	5	0
('macrophagocytus',)	root	None	0	0	0	0
('mammosomatotroph',)	root	None	0	0	0	0
('mammotrope',)	root	None	0	0	0	0
('mammotroph',)	root	None	0	0	0	0
('mastocyte',)	root	root	5	1	5	0
('mechanoceptor',)	root	None	0	0	0	0
('mechanoreceptor',)	root	root	5	2	5	0
('megacaryoblast',)	root	None	0	0	0	0
('megacaryocyte',)	root	None	0	0	0	0
('megakaryoblast',)	root	None	0	0	0	0
('megakaryocyte',)	root	root	5	10	5	0
('megalocaryocyte',)	root	None	0	0	0	0
('megalocyte',)	root	None	0	0	0	0
('megalokaryocyte',)	root	None	0	0	0	0
('meiocyte',)	root	None	0	0	0	0
('melanoblast',)	root	root	5	2	5	0
('melanocyte',)	root	root	5	12	5	0
('melanophage',)	root	None	0	0	0	0
('melanophore',)	root	None	0	0	0	0
('melanotrope',)	root	root	5	2	5	0
('melanotroph',)	root	root	5	3	5	0
('mesoblast',)	root	None	0	0	0	0
('mesotheliocyte',)	root	None	0	0	0	0
('metamyelocyte',)	root	root	5	3	5	0
('microconidium',)	root	None	0	0	0	0
('microglia',)	root	root	5	41	5	0
('microgliocyte',)	root	None	0	0	0	0
('monoblast',)	root	root	5	1	5	0
('monocyte',)	root	root	5	86	5	0
('motoneuron',)	root	root	5	6	5	0
('neuron',)	root	root	5	299	5	0
('motor', 'neuron')	root	root	5	11	5	0
('motorneuron',)	root	None	0	0	0	0
('muscle',)	anatomical	lineage	3	26	2	3
('muscle', 'fiber')	root	root	5	4	5	0
('myeloblast',)	root	root	5	4	5	0
('myelocyte',)	root	root	5	6	5	0
('myoblast',)	root	root	5	6	5	0
('myocyte',)	root	root	5	11	5	0
('nodalis',)	anatomical	None	0	0	0	0
('myocytus', 'nodalis')	root	None	0	0	0	0
('myoepitheliocyte',)	root	None	0	0	0	0
('myofiber',)	root	root	5	3	5	0
('myofibril',)	root	None	0	0	0	0
('myofibroblast',)	root	root	5	20	5	0
('myotube',)	root	root	5	2	5	0
('nematoblast',)	root	None	0	0	0	0
('nematocyte',)	root	None	0	0	0	0
('nephrocyte',)	root	root	5	3	5	0
('neuro-glioblast',)	root	None	0	0	0	0
('neuroblast',)	root	root	4	10	4	1
('neurocyte',)	root	root	5	2	5	0
('neuroglia',)	root	lineage	4	2	1	4
('neuroglioblast',)	root	None	0	0	0	0
('neurolemmocyte',)	root	None	0	0	0	0
('neutrocyte',)	root	None	0	0	0	0
('neutrophil',)	root	lineage	5	40	0	5
('nm-cone',)	root	None	0	0	0	0
('nociceptor',)	root	role	3	4	2	3
('nocireceptor',)	root	None	0	0	0	0
('normoblast',)	root	root	5	4	5	0
('nuocyte',)	root	None	0	0	0	0
('odontoblast',)	root	root	5	3	5	0
('odontoclast',)	root	None	0	0	0	0
('odontocyte',)	root	None	0	0	0	0
('oenocyte',)	root	None	0	0	0	0
('oligodendrocyte',)	root	root	5	35	5	0
('oligodendrocyteprecursor',)	root	root	5	1	5	0
('oligodendroglia',)	root	root	5	1	5	0
('oncocyte',)	root	None	0	0	0	0
('onychocyte',)	root	None	0	0	0	0
('ooblast',)	root	None	0	0	0	0
('oocyte',)	root	root	5	19	5	0
('oogonia',)	root	root	5	1	5	0
('oospore',)	root	None	0	0	0	0
('osteoblast',)	root	root	5	9	5	0
('osteoclast',)	root	root	5	13	5	0
('osteoclast-like',)	root	root	5	1	5	0
('osteocyte',)	root	root	5	5	5	0
('osteoprogenitor',)	root	root	5	4	5	0
('ovum',)	root	None	0	0	0	0
('pMonocytes',)	root	root	5	1	5	0
('pbmc',)	root	None	0	0	0	0
('pcpMacrophages',)	root	appearance	5	1	0	5
('pericyte',)	root	root	5	29	5	0
('phaeochromocyte',)	root	None	0	0	0	0
('phagocyte',)	root	root	5	8	5	0
('photoreceptor',)	root	root	5	15	5	0
('photorecetpor',)	root	root	3	1	3	2
('pinealocyte',)	root	None	0	0	0	0
('pituicyte',)	root	root	5	1	5	0
('plasmablast',)	root	root	5	5	5	0
('plasmacyte',)	root	None	0	0	0	0
('plasmatocyte',)	root	None	0	0	0	0
('plasmocyte',)	root	root	5	1	5	0
('platelet',)	root	root	5	9	5	0
('pmn',)	root	None	0	0	0	0
('pmonocyte',)	root	None	0	0	0	0
('pneumocyte',)	root	root	5	6	5	0
('pneumonocyte',)	root	None	0	0	0	0
('podocyte',)	root	root	5	5	5	0
('pre-adipocyte',)	root	None	0	0	0	0
('pre-ameloblast',)	root	None	0	0	0	0
('pre-cementoblast',)	root	None	0	0	0	0
('pre-chondroblast',)	root	None	0	0	0	0
('pre-chondrocyte',)	root	None	0	0	0	0
('pre-chondrocytes',)	root	None	0	0	0	0
('pre-cursor',)	root	None	0	0	0	0
('pre-fibroblasts',)	root	root	5	1	5	0
('pre-myelocyte',)	root	None	0	0	0	0
('pre-odontoblasts',)	root	None	0	0	0	0
('pre-oligodendrocyte',)	root	None	0	0	0	0
('pre-oligodendrocytes',)	root	None	0	0	0	0
('pre-osteoblast',)	root	root	5	1	5	0
('pre-osteoblasts',)	root	root	5	1	5	0
('pre-osteoclast',)	root	root	5	1	5	0
('pre-plasmablast',)	root	None	0	0	0	0
('pre-spermatogonia',)	root	None	0	0	0	0
('preadipocyte',)	root	root	5	4	5	0
('preameloblast',)	root	None	0	0	0	0
('precementoblast',)	root	None	0	0	0	0
('prechondroblast',)	root	None	0	0	0	0
('prechondrocyte',)	root	None	0	0	0	0
('premyelocyte',)	root	None	0	0	0	0
('preodontoblast',)	root	root	5	1	5	0
('preoligodendrocyte',)	root	root	5	1	5	0
('preosteoblast',)	root	root	5	2	5	0
('preosteoclast',)	root	developmental	3	1	2	3
('preplasmablast',)	root	root	5	1	5	0
('prespermatogonia',)	root	eponym	5	1	0	5
('pressoreceptor',)	root	None	0	0	0	0
('pro-B-cell',)	root	None	0	0	0	0
('pro-B-lymphocyte',)	root	None	0	0	0	0
('proerythroblast',)	root	root	5	4	5	0
('progranulocyte',)	root	None	0	0	0	0
('prohemocyte',)	root	None	0	0	0	0
('promonocyte',)	root	None	0	0	0	0
('promyelocyte',)	root	root	5	3	5	0
('proprioceptor',)	root	root	5	1	5	0
('prorubricyte',)	root	None	0	0	0	0
('prospermatogonia',)	root	eponym	5	2	0	5
('protoplast',)	root	None	0	0	0	0
('pruriceptor',)	root	appearance	4	2	0	5
('pyrenocyte',)	root	root	5	1	5	0
('rbc',)	root	None	0	0	0	0
('reticulocyte',)	root	root	5	7	5	0
('retinoblast',)	root	None	0	0	0	0
('rod',)	root	appearance	5	14	0	5
('rubriblast',)	root	None	0	0	0	0
('rubricyte',)	root	None	0	0	0	0
('scleroblast',)	root	None	0	0	0	0
('sebocyte',)	root	root	5	4	5	0
('somatotrope',)	root	molecular signaling	3	6	2	3
('somatotroph',)	root	molecular signaling	5	2	0	5
('sperm',)	root	root	5	5	5	0
('spermatid',)	root	root	5	10	5	0
('spermatocyte',)	root	root	5	13	5	0
('spermatogonia',)	root	root	5	15	5	0
('spermatogonium',)	root	root	5	1	5	0
('spermatozoa',)	root	root	5	3	5	0
('spermatozoid',)	root	None	0	0	0	0
('spermatozoon',)	root	root	5	1	5	0
('sphaeroplast',)	root	None	0	0	0	0
('spheroplast',)	root	None	0	0	0	0
('spiral',)	appearance	appearance	5	1	5	0
('artery',)	anatomical	anatomical	5	2	5	0
('trophoblast',)	root	lineage	5	51	0	5
('spiral', 'artery', 'trophoblast')	root	lineage	5	1	0	5
('splenocyte',)	root	root	5	3	5	0
('spongioblast',)	root	None	0	0	0	0
('spongiotrophoblast',)	root	root	5	4	5	0
('spore',)	root	None	0	0	0	0
('stomatocyte',)	root	root	5	1	5	0
('sub-progenitors',)	root	developmental	5	1	0	5
('sustentaculocyte',)	root	None	0	0	0	0
('sympathoblast',)	root	root	5	1	5	0
('syncytiotrophoblast',)	root	root	5	3	5	0
('syncytiotrophoblast', 'cell')	root	root	5	2	5	0
('syncytiotrophoblast-II',)	root	root	5	1	5	0
('syncytiotrophoblastcell',)	root	None	0	0	0	0
('syncytium',)	root	None	0	0	0	0
('synoviocyte',)	root	root	5	4	5	0
('t-cells',)	root	root	5	7	5	0
('tanycyte',)	root	root	5	3	5	0
('tconv',)	root	molecular signature	3	8	2	3
('telocyte',)	root	root	5	1	5	0
('teloglia',)	root	None	0	0	0	0
('tenocyte',)	root	root	5	4	5	0
('thermoreceptor',)	root	None	0	0	0	0
('thromboblast',)	root	None	0	0	0	0
('thrombocyte',)	root	root	5	1	5	0
('thymocyte',)	root	root	5	26	5	0
('thyrocyte',)	root	root	5	2	5	0
('thyrotrope',)	root	molecular signaling	5	3	0	5
('thyrotroph',)	root	root	5	2	5	0
('trabeculocyte',)	root	None	0	0	0	0
('tracheoblast',)	root	None	0	0	0	0
('tracheocyte',)	root	None	0	0	0	0
('treg',)	root	root	5	48	5	0
('trichocyte',)	root	None	0	0	0	0
('xanthoblast',)	root	None	0	0	0	0
('zygospore',)	root	None	0	0	0	0
('zygote',)	root	root	5	1	5	0
('unpassage',)	None	None	0	0	0	0
('culture',)	None	None	0	0	0	0
('unpassage', 'culture')	None	None	0	0	0	0
('primary',)	developmental	developmental	5	16	5	0
('neural',)	anatomical	role	5	39	0	5
('derive',)	developmental	developmental	5	10	5	0
('neural', 'crest')	lineage	lineage	5	13	5	0
('neuronal',)	lineage	role	5	28	0	5
('receptor',)	role	role	5	20	5	0
('early',)	developmental	developmental	5	15	5	0
('embryonic',)	developmental	developmental	5	33	5	0
('metazoa',)	None	None	0	0	0	0
('migratory',)	state	state	5	8	5	0
('cranial',)	anatomical	None	0	0	0	0
('trunk',)	anatomical	anatomical	5	2	5	0
('germ',)	lineage	developmental	5	27	0	5
('stem',)	developmental	anatomical	5	350	0	5
('germ', 'line')	anatomical	None	0	0	0	0
('germline',)	None	None	0	4	0	0
('male',)	species	species	5	5	5	0
('spermatogonial',)	role	root	5	9	0	5
('female',)	species	species	5	6	5	0
('oogonial',)	lineage	root	5	3	0	5
('mature',)	developmental	developmental	5	42	5	0
('invertebrate',)	None	None	0	0	0	0
('nurse',)	None	None	0	1	0	0
('invertebrate', 'nurse')	None	None	0	0	0	0
('smooth', 'muscle')	anatomical	lineage	5	30	0	5
('CNS',)	anatomical	None	0	0	0	0
('neuroplacodal',)	None	None	0	0	0	0
('placode',)	None	None	0	0	0	0
('apocrine',)	None	None	0	1	0	0
('animal',)	None	None	0	0	0	0
('unipotent',)	developmental	developmental	5	3	5	0
('unipotential',)	None	None	0	0	0	0
('single',)	state	None	0	0	0	0
('fate',)	None	None	0	0	0	0
('epithelial',)	lineage	lineage	5	228	5	0
('blood',)	anatomical	anatomical	5	69	5	0
('form',)	developmental	state	3	3	0	5
('hemopoietic',)	lineage	lineage	5	1	5	0
('hematopoietic',)	lineage	lineage	5	34	5	0
('erythroid',)	lineage	lineage	5	16	5	0
('progenitor',)	developmental	developmental	5	382	5	0
('neutrophilic',)	lineage	lineage	5	2	5	0
('NSC',)	None	None	0	0	0	0
('multipotent',)	developmental	developmental	5	28	5	0
('multifate',)	None	None	0	0	0	0
('multi-fate',)	None	None	0	0	0	0
('multi',)	None	None	0	0	0	0
('multi', 'fate')	None	None	0	0	0	0
('common',)	variant	variant	5	18	5	0
('myeloid',)	lineage	lineage	5	70	5	0
('precursor',)	developmental	developmental	5	74	5	0
('CFU-EM',)	None	None	0	0	0	0
('CFU-MegE',)	None	None	0	0	0	0
('mep',)	None	None	0	1	0	0
('megakaryocyte/erythrocyte',)	None	None	0	0	0	0
('Meg/E',)	None	None	0	0	0	0
('unit',)	None	None	0	3	0	0
('colony', 'form')	appearance	appearance	5	3	5	0
('megakaryocyte/erythroid',)	None	None	0	0	0	0
('megakaryocyte-erythroid',)	None	None	0	4	0	0
('lymphoid',)	lineage	lineage	3	27	3	2
('totipotential',)	None	None	0	0	0	0
('totipotent',)	developmental	developmental	5	1	5	0
('bone',)	anatomical	anatomical	5	34	5	0
('matrix',)	anatomical	appearance	5	3	0	5
('secreting',)	None	None	0	4	0	0
('non-terminally',)	None	None	0	0	0	0
('differentiate',)	developmental	developmental	5	16	5	0
('enamel',)	anatomical	None	0	0	0	0
('secrete',)	role	role	5	4	5	0
('cementum',)	anatomical	None	0	0	0	0
('ciliate',)	appearance	appearance	5	17	5	0
('ependymal',)	anatomical	anatomical	3	8	3	2
('ciliated',)	None	None	0	9	0	0
('duct',)	anatomical	anatomical	5	9	5	0
('branch',)	None	None	0	0	0	0
('vessel',)	anatomical	anatomical	5	7	5	0
('endothelial',)	lineage	lineage	5	225	5	0
('non-branched',)	None	None	0	0	0	0
('columnar/cuboidal',)	None	None	0	0	0	0
('squamous',)	lineage	disease	5	6	0	5
('mesothelial',)	lineage	lineage	5	9	5	0
('peridermal',)	anatomical	None	0	0	0	0
('stratify',)	None	None	0	0	0	0
('circulate',)	anatomical	anatomical	5	28	5	0
('lung',)	anatomical	anatomical	5	42	5	0
('pancrea',)	anatomical	anatomical	5	5	5	0
('pancreas',)	None	None	0	2	0	0
('pancreatic',)	anatomical	anatomical	5	33	5	0
('hepatic',)	anatomical	anatomical	5	16	5	0
('liver',)	anatomical	anatomical	5	29	5	0
('von',)	eponym	None	0	0	0	0
('kupffer',)	eponym	root	4	2	1	4
('littoral',)	anatomical	None	0	0	0	0
('sinusoid',)	appearance	appearance	5	1	5	0
('stellate',)	appearance	appearance	3	14	3	2
('stellatus',)	None	None	0	0	0	0
('granular',)	appearance	appearance	5	1	5	0
('polymorphonuclear',)	appearance	appearance	4	11	4	1
('associate',)	role	role	5	17	5	0
('polynuclear',)	None	None	0	0	0	0
('PMN',)	None	None	0	2	0	0
('mast',)	appearance	molecular signaling	3	26	0	5
('sensory',)	role	role	5	21	5	0
('polymodal',)	None	None	0	0	0	0
('bipolar',)	appearance	appearance	5	24	5	0
('multipolar',)	None	None	0	0	0	0
('pseudounipolar',)	None	None	0	0	0	0
('unipolar',)	None	None	0	4	0	0
('autonomic',)	anatomical	None	0	0	0	0
('cholinergic',)	molecular signaling	molecular signaling	5	9	5	0
('adrenergic',)	molecular signaling	molecular signaling	5	6	5	0
('peptidergic',)	molecular signaling	molecular signaling	5	4	5	0
('columnar',)	appearance	appearance	5	5	5	0
('mononuclear',)	appearance	root	5	31	0	5
('surface',)	anatomical	anatomical	5	7	5	0
('ectoderm',)	lineage	lineage	5	6	5	0
('ectodermal',)	lineage	lineage	5	1	5	0
('pioneer',)	None	None	0	0	0	0
('basket',)	appearance	appearance	5	4	5	0
('golgi',)	appearance	appearance	5	2	5	0
('cerebellar',)	anatomical	anatomical	5	8	5	0
('cerebellum',)	anatomical	anatomical	5	1	5	0
('granule',)	appearance	appearance	5	13	5	0
('purkinje',)	eponym	appearance	5	7	0	5
('glial',)	lineage	lineage	5	31	5	0
('neuroglial',)	lineage	lineage	5	1	5	0
('macroglial',)	None	None	0	0	0	0
('astrocytic',)	lineage	lineage	4	2	4	1
('OLs',)	None	None	0	0	0	0
('microglial',)	lineage	root	5	8	0	5
('hortega',)	None	None	0	0	0	0
('brain-resident',)	None	None	0	0	0	0
('gut',)	anatomical	anatomical	5	2	5	0
('corneal',)	anatomical	anatomical	5	15	5	0
('neurectoderm',)	lineage	None	0	0	0	0
('neurectodermal',)	lineage	None	0	0	0	0
('mesenchymal',)	lineage	lineage	5	122	5	0
('fat',)	anatomical	molecular signaling	5	6	0	5
('adipose',)	anatomical	anatomical	5	31	5	0
('cartilage',)	anatomical	anatomical	5	1	5	0
('guidepost',)	None	None	0	0	0	0
('professional',)	None	None	0	3	0	0
('antigen',)	None	None	0	6	0	0
('presenting',)	None	None	0	0	0	0
('professional', 'antigen')	None	None	0	0	0	0
('antigen', 'presenting')	None	None	0	7	0	0
('professional', 'antigen', 'presenting')	None	None	0	0	0	0
('simple',)	None	None	0	0	0	0
('pigment',)	appearance	appearance	5	7	5	0
('visual', 'pigment')	role	None	0	0	0	0
('glandular',)	anatomical	appearance	3	4	2	3
('secretory',)	role	role	5	11	5	0
('exocrine',)	anatomical	anatomical	5	4	5	0
('glycosaminoglycan',)	anatomical	None	0	0	0	0
('gag',)	None	None	0	0	0	0
('gag', 'secreting')	None	None	0	0	0	0
('protein',)	None	None	0	0	0	0
('protein', 'secreting')	None	None	0	0	0	0
('zymogenic',)	None	None	0	0	0	0
('chief',)	None	None	0	4	0	0
('stomach',)	anatomical	anatomical	5	1	5	0
('gastric',)	anatomical	anatomical	5	13	5	0
('peptic',)	None	None	0	0	0	0
('pepsinogen',)	molecular signaling	None	0	0	0	0
('pepsinogen', 'secreting')	molecular signaling	None	0	0	0	0
('surfactant',)	None	None	0	0	0	0
('surfactant', 'secreting')	None	None	0	0	0	0
('club',)	appearance	appearance	5	10	5	0
('clara',)	eponym	eponym	5	4	5	0
('seromucus',)	None	None	0	0	0	0
('seromucus', 'secreting')	None	None	0	0	0	0
('chalice',)	None	None	0	0	0	0
('goblet',)	appearance	appearance	5	24	5	0
('parietal',)	anatomical	anatomical	5	6	5	0
('oxyntic',)	None	None	0	0	0	0
('endocrine',)	anatomical	anatomical	5	10	5	0
('enteroendocrine',)	anatomical	molecular signaling	5	9	0	5
('neuroendocrine',)	anatomical	molecular signaling	5	16	0	5
('chromaffin',)	appearance	root	5	14	0	5
('peptide',)	None	None	0	0	0	0
('hormone',)	role	role	5	8	5	0
('insulin',)	molecular signaling	None	0	0	0	0
('type',)	variant	variant	5	20	5	0
('type', 'B')	variant	variant	5	2	5	0
('islet',)	anatomical	root	5	9	0	5
('beta',)	None	None	0	9	0	0
('insulin-secreting',)	None	None	0	0	0	0
('core',)	anatomical	None	0	0	0	0
('glucagon-secreting',)	molecular signaling	None	0	0	0	0
('glucagon',)	molecular signaling	None	0	0	0	0
('alpha',)	None	None	0	8	0	0
('langerhan',)	eponym	eponym	5	8	5	0
('A',)	None	None	0	7	0	0
('somatostatin',)	molecular signaling	molecular signaling	5	2	5	0
('D',)	None	None	0	5	0	0
('somatostatin-secreting',)	molecular signaling	None	0	0	0	0
('delta',)	molecular signature	variant	3	4	0	5
('steroid',)	None	None	0	0	0	0
('lutein',)	role	None	0	0	0	0
('luteal',)	None	None	0	3	0	0
('corpus',)	anatomical	None	0	0	0	0
('luteum',)	None	None	0	0	0	0
('ecdysteroid',)	None	None	0	0	0	0
('testosterone',)	None	None	0	0	0	0
('testosterone', 'secreting')	None	None	0	0	0	0
('interstitial',)	anatomical	anatomical	5	22	5	0
('leydig',)	eponym	molecular signaling	3	4	2	3
('progesterone',)	molecular signaling	None	0	0	0	0
('estradiol',)	molecular signaling	None	0	0	0	0
('contractile',)	role	appearance	4	1	1	4
('myoepithelial',)	lineage	lineage	5	6	5	0
('MFB',)	None	None	0	1	0	0
('skeletal',)	anatomical	anatomical	5	19	5	0
('slow',)	None	None	0	0	0	0
('glycolytic',)	None	None	0	0	0	0
('fast',)	None	None	0	0	0	0
('SMCs',)	None	None	0	2	0	0
('cardiac',)	anatomical	anatomical	5	41	5	0
('insect',)	None	None	0	0	0	0
('flight',)	None	None	0	0	0	0
('insect', 'flight')	None	None	0	0	0	0
('pain',)	None	None	0	0	0	0
('touch',)	None	None	0	0	0	0
('auditory',)	anatomical	role	5	3	0	5
('hair',)	appearance	appearance	5	37	5	0
('sensitive',)	stimulus	None	0	0	0	0
('gravity', 'sensitive')	stimulus	None	0	0	0	0
('receptive',)	stimulus	None	0	0	0	0
('acceleration', 'receptive')	stimulus	None	0	0	0	0
('olfactory',)	anatomical	role	5	23	0	5
('odorant',)	None	None	0	0	0	0
('schultze',)	eponym	None	0	0	0	0
('schultze', "'s")	eponym	None	0	0	0	0
('pH',)	None	None	0	0	0	0
('taste',)	role	role	5	11	5	0
('bud',)	None	None	0	6	0	0
('electrically',)	None	None	0	0	0	0
('active',)	state	state	5	7	5	0
('absorptive',)	None	None	0	4	0	0
('lining',)	None	None	0	2	0	0
('boundary',)	None	None	0	0	0	0
('synovial',)	anatomical	anatomical	5	8	5	0
('barri',)	None	None	0	0	0	0
('sertoli',)	eponym	root	5	3	0	5
('insulate',)	None	None	0	0	0	0
('myelinate',)	None	None	0	5	0	0
('schwann',)	eponym	lineage	5	22	0	5
('neurilemmal',)	None	None	0	0	0	0
('motile',)	state	state	5	2	5	0
('mesodermal',)	lineage	lineage	5	3	5	0
('mesoderm',)	lineage	lineage	5	8	5	0
('endodermal',)	lineage	lineage	5	1	5	0
('endoderm',)	lineage	lineage	5	7	5	0
('anucleate',)	appearance	appearance	5	1	5	0
('non-nucleated',)	appearance	None	0	0	0	0
('nucleate',)	None	None	0	0	0	0
('binucleate',)	None	None	0	0	0	0
('multinucleate',)	appearance	appearance	5	7	5	0
('red',)	appearance	eponym	5	14	0	5
('enucleate',)	None	None	0	2	0	0
('B',)	None	None	0	11	0	0
('keratinize',)	None	None	0	0	0	0
('barrier',)	None	None	0	1	0	0
('keratinize', 'barrier')	None	None	0	0	0	0
('non', 'keratinize', 'barrier')	anatomical	None	0	0	0	0
('brush',)	appearance	appearance	5	7	5	0
('border',)	None	None	0	5	0	0
('cuboidal',)	appearance	appearance	5	1	5	0
('merkel',)	eponym	eponym	5	2	5	0
("'s",)	None	None	0	9	0	0
('transitional',)	developmental	state	4	19	1	4
('mauthner',)	eponym	None	0	0	0	0
('Rohon-Beard',)	eponym	None	0	0	0	0
('rohon',)	eponym	None	0	0	0	0
('rohon', 'beard')	eponym	None	0	0	0	0
('hatch',)	lineage	None	0	0	0	0
('gland',)	anatomical	anatomical	5	20	5	0
('extramedullary',)	anatomical	None	0	0	0	0
('eurydendroid',)	None	None	0	0	0	0
('eukaryotic',)	None	None	0	0	0	0
('uric',)	None	None	0	0	0	0
('acid',)	None	None	0	1	0	0
('accumulating',)	None	None	0	0	0	0
('uric', 'acid')	None	None	0	0	0	0
('acid', 'accumulating')	None	None	0	0	0	0
('uric', 'acid', 'accumulating')	None	None	0	0	0	0
('eumycetozoan',)	None	None	0	0	0	0
('hyphal',)	None	None	0	0	0	0
('eye',)	anatomical	None	0	0	0	0
('structural',)	None	None	0	3	0	0
('somatotrophin',)	None	None	0	0	0	0
('growth',)	developmental	developmental	5	2	5	0
('somatotropin',)	None	None	0	0	0	0
('haploid',)	developmental	developmental	5	5	5	0
('nucleated',)	appearance	root	5	3	0	5
('pole',)	None	None	0	0	0	0
('len',)	anatomical	stimulus	5	5	0	5
('crystallin',)	None	None	0	0	0	0
('crystallin', 'accumulating')	None	None	0	0	0	0
('tracheal',)	anatomical	anatomical	5	4	5	0
('metal',)	None	None	0	0	0	0
('ion',)	None	None	0	0	0	0
('accumulate',)	role	None	0	0	0	0
('metal', 'ion')	None	None	0	0	0	0
('cuprophilic',)	None	None	0	0	0	0
('copper',)	None	None	0	0	0	0
('copper', 'accumulating')	None	None	0	0	0	0
('iron',)	None	None	0	0	0	0
('keratin',)	None	None	0	0	0	0
('malpighian',)	eponym	None	0	0	0	0
('epidermis',)	anatomical	lineage	5	4	0	5
('serous',)	None	None	0	4	0	0
('serous', 'secreting')	None	None	0	0	0	0
('milk',)	role	developmental	5	4	0	5
('tear',)	None	None	0	0	0	0
('tear', 'secreting')	None	None	0	0	0	0
('sebum',)	None	None	0	0	0	0
('sebum', 'secreting')	None	None	0	0	0	0
('sweat',)	None	None	0	2	0	0
('mucus',)	None	None	0	0	0	0
('mucus', 'secreting')	None	None	0	0	0	0
('mucous',)	None	None	0	5	0	0
('alveolar',)	anatomical	anatomical	5	55	5	0
('alveolus',)	anatomical	None	0	0	0	0
('pulmonary',)	anatomical	anatomical	5	16	5	0
('lysozyme',)	None	None	0	0	0	0
('metanephric',)	anatomical	anatomical	5	2	5	0
('mesenchyme',)	lineage	lineage	5	3	5	0
('stuff',)	None	None	0	0	0	0
('glycogen',)	None	None	0	3	0	0
('glycogen', 'accumulating')	None	None	0	0	0	0
('extracellular',)	anatomical	None	0	0	0	0
('extracellular', 'matrix')	anatomical	None	0	0	0	0
('oxygen',)	None	None	0	0	0	0
('oxygen', 'accumulating')	None	None	0	0	0	0
('vegetative',)	None	None	0	0	0	0
('condensation',)	None	None	0	0	0	0
('medullary',)	anatomical	anatomical	5	14	5	0
('adrenal',)	anatomical	anatomical	5	7	5	0
('medulla',)	anatomical	anatomical	5	2	5	0
('dental',)	anatomical	anatomical	5	10	5	0
('papilla',)	anatomical	anatomical	5	3	5	0
('follicle',)	appearance	appearance	5	9	5	0
('dermal',)	anatomical	anatomical	5	18	5	0
('scleral',)	anatomical	None	0	0	0	0
('choroidal',)	anatomical	anatomical	5	2	5	0
('extraembryonic',)	developmental	lineage	5	3	0	5
('amnioserosal',)	lineage	None	0	0	0	0
('trophoblastic',)	lineage	lineage	5	1	5	0
('epiblast',)	lineage	lineage	5	4	5	0
('blastoderm',)	lineage	None	0	0	0	0
('blastemal',)	None	None	0	0	0	0
('blastema',)	anatomical	root	5	4	0	5
('multi-potent',)	None	None	0	0	0	0
('sphincter',)	None	None	0	0	0	0
('vascular',)	anatomical	anatomical	5	55	5	0
('morula',)	None	None	0	0	0	0
('gastrula',)	anatomical	None	0	0	0	0
('epidermal',)	anatomical	lineage	5	13	0	5
('sheath',)	None	None	0	2	0	0
('tormogen',)	None	None	0	0	0	0
('trichogen',)	None	None	0	0	0	0
('humidity',)	None	None	0	0	0	0
('support',)	role	role	5	13	5	0
('processing',)	None	None	0	0	0	0
('fly', 'sheath')	anatomical	None	0	0	0	0
('thecogen',)	None	None	0	0	0	0
('scolopidial', 'sheath')	anatomical	None	0	0	0	0
('scolopale',)	anatomical	None	0	0	0	0
('nephrogenic',)	anatomical	None	0	0	0	0
('ligament',)	anatomical	anatomical	5	6	5	0
('attachment',)	None	None	0	3	0	0
('tendon',)	anatomical	anatomical	5	2	5	0
('socket',)	anatomical	None	0	0	0	0
('crystal',)	None	None	0	0	0	0
('electrically', 'responsive')	stimulus	None	0	0	0	0
('procrystal',)	anatomical	None	0	0	0	0
('ganglion',)	anatomical	appearance	5	15	0	5
('signal',)	None	None	0	0	0	0
('electrically', 'signal')	None	None	0	0	0	0
('short',)	None	None	0	1	0	0
('range',)	None	None	0	0	0	0
('short', 'range')	None	None	0	0	0	0
('scolopidial',)	None	None	0	0	0	0
('long',)	None	None	0	1	0	0
('long', 'range')	None	None	0	0	0	0
('caenorhabditis',)	None	None	0	0	0	0
('hypodermal',)	anatomical	None	0	0	0	0
('polyploid',)	None	None	0	1	0	0
('diploid',)	None	None	0	1	0	0
('polytene',)	None	None	0	0	0	0
('endopolyploid',)	None	None	0	0	0	0
('arcade',)	None	None	0	0	0	0
('seam',)	None	None	0	0	0	0
('syncytial',)	lineage	appearance	5	2	0	5
('mitogenic',)	None	None	0	0	0	0
('signaling',)	None	None	0	0	0	0
('mitogenic', 'signaling')	None	None	0	0	0	0
('tip',)	None	None	0	6	0	0
('excretory',)	None	None	0	0	0	0
('pore',)	None	None	0	0	0	0
('GLR',)	None	None	0	0	0	0
('yolk',)	developmental	None	0	0	0	0
('imaginal',)	None	None	0	0	0	0
('disc',)	None	None	0	0	0	0
('imaginal', 'disc')	None	None	0	0	0	0
('xanthophore',)	None	None	0	0	0	0
('iridophore',)	None	None	0	0	0	0
('reticular',)	appearance	anatomical	3	22	2	3
('reticulum',)	anatomical	anatomical	5	2	5	0
('eccrine',)	None	None	0	0	0	0
('alkali',)	None	None	0	0	0	0
('vaginal',)	anatomical	anatomical	5	1	5	0
('lubricant',)	None	None	0	0	0	0
('lubricant', 'secreting')	None	None	0	0	0	0
('follicle', 'stimulating', 'hormone')	molecular signaling	None	0	0	0	0
('gonadotropic',)	molecular signaling	None	0	0	0	0
('pituitary',)	anatomical	anatomical	5	11	5	0
('luteinize',)	molecular signaling	None	0	0	0	0
('prolactin',)	None	None	0	0	0	0
('melanocyte', 'stimulating', 'hormone')	molecular signaling	None	0	0	0	0
('follicular',)	anatomical	appearance	5	36	0	5
('dendritic',)	appearance	appearance	5	119	5	0
('calcitonin',)	None	None	0	0	0	0
('calcitonin', 'secreting')	None	None	0	0	0	0
('obliquely',)	None	None	0	0	0	0
('striate',)	appearance	None	0	0	0	0
('apoptosis',)	None	None	0	0	0	0
('apoptosis', 'fate')	None	None	0	0	0	0
('parathyroid',)	anatomical	anatomical	5	2	5	0
('principal',)	variant	variant	5	15	5	0
('carbohydrate',)	None	None	0	0	0	0
('carbohydrate', 'secreting')	None	None	0	0	0	0
('white',)	appearance	appearance	5	11	5	0
('brown',)	appearance	eponym	5	3	0	5
('thyroid',)	anatomical	anatomical	5	3	5	0
('LC',)	None	None	0	1	0	0
('epinephrin',)	molecular signaling	None	0	0	0	0
('epinephrine',)	molecular signaling	None	0	0	0	0
('adrenaline',)	molecular signaling	None	0	0	0	0
('mineralocorticoid',)	None	None	0	0	0	0
('mineralocorticoid', 'secreting')	None	None	0	0	0	0
('amine', 'secreting')	molecular signaling	None	0	0	0	0
('biogenic', 'amine', 'secreting')	molecular signaling	None	0	0	0	0
('5-HT',)	molecular signaling	molecular signaling	5	3	5	0
('5-Hydroxytryptamine',)	molecular signaling	None	0	0	0	0
('5-Hydroxytryptamine', 'secreting')	molecular signaling	None	0	0	0	0
('serotonin',)	molecular signaling	molecular signaling	5	3	5	0
('norepinephrine',)	molecular signaling	molecular signaling	5	2	5	0
('norepinephrin',)	molecular signaling	None	0	0	0	0
('norepinephrin', 'secreting')	molecular signaling	None	0	0	0	0
('noradrenaline',)	molecular signaling	None	0	0	0	0
('noradrenergic',)	molecular signaling	molecular signaling	5	4	5	0
('glucocorticoid',)	None	None	0	0	0	0
('glucocorticoid', 'secreting')	None	None	0	0	0	0
('adepithelial',)	None	None	0	0	0	0
('acth',)	None	None	0	0	0	0
('corticotropin',)	molecular signaling	molecular signaling	5	1	5	0
('adrenocorticotrophic',)	None	None	0	0	0	0
('corticotrophin',)	None	None	0	0	0	0
('adrenocorticotropic',)	None	None	0	1	0	0
('mother',)	None	None	0	0	0	0
('digestive',)	anatomical	None	0	0	0	0
('enzyme',)	None	None	0	0	0	0
('enzyme', 'secreting')	None	None	0	0	0	0
('defensive',)	None	None	0	0	0	0
('pericardial',)	anatomical	None	0	0	0	0
('beta-basophil',)	None	None	0	0	0	0
('thyroid', 'stimulating', 'hormone')	molecular signaling	None	0	0	0	0
('chamber',)	None	None	0	0	0	0
('oxytocin',)	molecular signaling	molecular signaling	5	2	5	0
('oxytocin', 'stimulating', 'hormone')	molecular signaling	None	0	0	0	0
('vasopressin',)	molecular signaling	None	0	0	0	0
('stimulate',)	role	None	0	0	0	0
('secretin', 'stimulating', 'hormone')	molecular signaling	None	0	0	0	0
('cholecystokin',)	molecular signaling	None	0	0	0	0
('cholecystokin', 'stimulating')	molecular signaling	None	0	0	0	0
('juvenile',)	developmental	None	0	0	0	0
('bombesin',)	molecular signaling	None	0	0	0	0
('bombesin', 'stimulating')	molecular signaling	None	0	0	0	0
('TC',)	None	None	0	5	0	0
('MC(TC',)	None	None	0	0	0	0
('MCTC',)	None	None	0	0	0	0
('connective',)	anatomical	anatomical	5	3	5	0
('tissue',)	anatomical	anatomical	5	29	5	0
('MC(T',)	None	None	0	0	0	0
('MCT',)	None	None	0	0	0	0
('mucosal',)	anatomical	anatomical	5	9	5	0
('T',)	None	None	0	135	0	0
('garland',)	eponym	None	0	0	0	0
('light',)	stimulus	None	0	0	0	0
('visible', 'light')	stimulus	None	0	0	0	0
('scotopic',)	role	None	0	0	0	0
('photopic',)	stimulus	None	0	0	0	0
('CD4-positive',)	molecular signature	molecular signature	5	1	5	0
('helper',)	role	role	5	68	5	0
('T-helper',)	None	None	0	3	0	0
('UV',)	stimulus	None	0	0	0	0
('UV', 'sensitive')	stimulus	None	0	0	0	0
('blue', 'sensitive')	stimulus	None	0	0	0	0
('green', 'sensitive')	stimulus	None	0	0	0	0
('inhibitory',)	role	role	5	20	5	0
('stromal',)	lineage	lineage	5	72	5	0
('granulosa',)	appearance	root	5	21	0	5
('ovary',)	anatomical	anatomical	5	3	5	0
('type', 'D')	variant	None	0	0	0	0
('theca',)	anatomical	eponym	5	12	0	5
('enterochromaffin-like',)	molecular signaling	None	0	0	0	0
('ecl',)	None	None	0	0	0	0
('substance', 'P')	molecular signaling	None	0	0	0	0
('enkephalin',)	None	None	0	0	0	0
('enkephalin', 'secreting')	None	None	0	0	0	0
('endorphin',)	molecular signaling	None	0	0	0	0
('G',)	variant	None	0	0	0	0
('type', 'G')	variant	None	0	0	0	0
('gastrin',)	molecular signaling	None	0	0	0	0
('paneth',)	eponym	appearance	5	7	0	5
('androgen',)	None	None	0	0	0	0
('binding',)	None	None	0	0	0	0
('androgen', 'binding')	None	None	0	0	0	0
('binding', 'protein')	None	None	0	0	0	0
('androgen', 'binding', 'protein')	None	None	0	0	0	0
('binding', 'protein', 'secreting')	None	None	0	0	0	0
('satellite',)	appearance	appearance	4	9	4	1
('perineural',)	anatomical	None	0	0	0	0
('perineuronal',)	None	None	0	0	0	0
('oligodendroglial',)	lineage	root	5	2	0	5
('foam',)	None	None	0	0	0	0
('prokaryotic',)	None	None	0	0	0	0
('fungal',)	None	None	0	0	0	0
('syncytiotrophoblastic',)	lineage	None	0	0	0	0
('afferent',)	anatomical	role	5	3	0	5
('input',)	None	None	0	1	0	0
('efferent',)	anatomical	None	0	0	0	0
('output',)	None	None	0	0	0	0
('nitrergic',)	molecular signaling	molecular signaling	5	1	5	0
('cap',)	None	None	0	0	0	0
('CaP',)	None	None	0	0	0	0
('secondary',)	role	developmental	5	5	0	5
('nerve',)	anatomical	anatomical	5	1	5	0
('slowly',)	None	None	0	0	0	0
('adapt',)	None	None	0	0	0	0
('slowly', 'adapt')	None	None	0	0	0	0
('Th1',)	None	None	0	5	0	0
('1',)	variant	variant	5	31	5	0
('type', '1')	variant	variant	5	33	5	0
('T(H)-1',)	None	None	0	0	0	0
('CD4',)	molecular signature	molecular signature	5	52	5	0
('+',)	molecular signature	variant	3	33	2	3
('CD4', '+')	molecular signature	molecular signature	5	99	5	0
('Th2',)	None	None	0	3	0	0
('2',)	variant	variant	5	20	5	0
('type', '2')	variant	variant	5	25	5	0
('T(H)-2',)	None	None	0	0	0	0
('basophilic',)	lineage	appearance	5	5	0	5
('intermediate',)	developmental	variant	4	26	1	4
('polychromatic',)	None	None	0	2	0	0
('polychromatophilic',)	None	None	0	3	0	0
('unimodal',)	None	None	0	0	0	0
('orthochromatic',)	appearance	stimulus	3	2	1	4
('late',)	developmental	developmental	5	6	5	0
('pyknotic',)	None	None	0	0	0	0
('eto',)	None	None	0	0	0	0
('pyknotic', 'eto')	None	None	0	0	0	0
('eosinophilic',)	lineage	lineage	5	1	5	0
('acidophilic',)	None	None	0	0	0	0
('MkP',)	None	None	0	1	0	0
('colony-forming',)	appearance	None	0	0	0	0
('unit-megakaryocyte',)	None	None	0	0	0	0
('Meg-CFC',)	None	None	0	0	0	0
('megakaryocytic',)	lineage	root	5	1	0	5
('CFU-Meg',)	None	None	0	0	0	0
('gastrin', 'stimulating')	molecular signaling	None	0	0	0	0
('granulocyte-macrophage',)	None	None	0	4	0	0
('granulocyte/monocyte',)	None	None	0	0	0	0
('band',)	appearance	appearance	5	2	5	0
('amacrine',)	appearance	molecular signaling	5	20	0	5
('bacterial',)	None	None	0	0	0	0
('body',)	anatomical	anatomical	5	4	5	0
('angioblastic',)	lineage	None	0	0	0	0
('amine',)	None	None	0	0	0	0
('uptake',)	None	None	0	0	0	0
('decarboxylation',)	None	None	0	0	0	0
('apud',)	None	None	0	0	0	0
('parafollicular',)	appearance	appearance	5	1	5	0
('clear',)	None	None	0	0	0	0
('C',)	variant	variant	5	1	5	0
('retinal',)	anatomical	anatomical	5	40	5	0
('cornea',)	anatomical	None	0	0	0	0
('type', 'EC')	variant	None	0	0	0	0
('enterochromaffin',)	appearance	root	5	3	0	5
('kulchitsky',)	eponym	None	0	0	0	0
('argentaffin',)	None	None	0	0	0	0
('experimentally',)	None	None	0	0	0	0
('modify',)	None	None	0	0	0	0
('vitro',)	None	None	0	0	0	0
('experimentally', 'modify')	None	None	0	0	0	0
('peritoneal',)	anatomical	anatomical	5	9	5	0
('dust',)	None	None	0	0	0	0
('cold', 'sensing')	stimulus	None	0	0	0	0
('cochlear',)	anatomical	anatomical	5	3	5	0
('inner',)	anatomical	anatomical	5	15	5	0
('small',)	appearance	state	4	10	0	5
('warmth',)	None	None	0	0	0	0
('sense',)	None	None	0	0	0	0
('warmth', 'sense')	None	None	0	0	0	0
('large',)	appearance	appearance	5	9	5	0
('androgen', 'secreting')	molecular signaling	None	0	0	0	0
('sexual',)	role	None	0	0	0	0
('meiotically-derived',)	None	None	0	0	0	0
('pyramidal',)	appearance	appearance	5	22	5	0
('projection',)	role	appearance	5	10	0	5
('outer',)	anatomical	anatomical	5	9	5	0
('asexual',)	None	None	0	0	0	0
('fungal', 'asexual')	None	None	0	0	0	0
('vestibular',)	anatomical	anatomical	5	3	5	0
('BaP',)	None	None	0	0	0	0
('GABAergic',)	molecular signaling	molecular signaling	5	22	5	0
('GABA-ergic',)	molecular signaling	None	0	0	0	0
('fusion',)	None	None	0	0	0	0
('competent',)	None	None	0	0	0	0
('fusion', 'competent')	None	None	0	0	0	0
('acinic',)	anatomical	None	0	0	0	0
('acinar',)	appearance	anatomical	5	12	0	5
('acinous',)	anatomical	None	0	0	0	0
('natural',)	state	state	5	16	5	0
('killer',)	role	role	5	1	5	0
('natural', 'killer')	role	role	5	99	5	0
('NK',)	role	role	5	23	5	0
('alpha-beta',)	molecular signaling	variant	4	4	1	4
('CD8-positive',)	molecular signature	molecular signature	5	3	5	0
('olfactory', 'bulb')	anatomical	anatomical	5	8	5	0
('transport',)	None	None	0	0	0	0
('photosynthetic',)	None	None	0	0	0	0
('storage',)	None	None	0	0	0	0
('supportive',)	role	role	5	2	5	0
('labyrinth',)	anatomical	anatomical	5	1	5	0
('supporting',)	None	None	0	1	0	0
('perisinusoidal',)	anatomical	None	0	0	0	0
('ito',)	eponym	None	0	0	0	0
('hensen',)	eponym	None	0	0	0	0
('external',)	anatomical	anatomical	5	6	5	0
('limit',)	None	None	0	0	0	0
('organ',)	anatomical	anatomical	5	12	5	0
('corti',)	eponym	None	0	0	0	0
('hensen', "'s")	eponym	eponym	5	1	5	0
('claudius',)	eponym	eponym	5	2	5	0
('deiter',)	eponym	eponym	5	1	5	0
('phalangeal',)	anatomical	anatomical	5	4	5	0
('mueller',)	eponym	eponym	5	1	5	0
('muller',)	eponym	eponym	5	10	5	0
('müll',)	eponym	None	0	0	0	0
('chromophil',)	appearance	None	0	0	0	0
('anterior',)	anatomical	anatomical	5	10	5	0
('acidophil',)	appearance	None	0	0	0	0
('adenohypophysis',)	None	None	0	1	0	0
('par', 'distalis')	anatomical	None	0	0	0	0
('par',)	None	None	0	0	0	0
('lobe',)	None	None	0	2	0	0
('hypophysis',)	anatomical	None	0	0	0	0
('chromophobic',)	appearance	None	0	0	0	0
('folliculo-stellate',)	anatomical	eponym	5	2	0	5
('folliculostellate',)	None	None	0	0	0	0
('bergmann',)	eponym	eponym	5	1	5	0
('basal',)	anatomical	anatomical	3	66	3	2
('giant',)	appearance	appearance	5	15	5	0
('foreign',)	None	None	0	0	0	0
('polykaryon',)	None	None	0	0	0	0
('kidney',)	anatomical	anatomical	5	7	5	0
('JG',)	None	None	0	0	0	0
('renin',)	molecular signaling	None	0	0	0	0
('prickle',)	eponym	None	0	0	0	0
('mesangial',)	lineage	lineage	5	6	5	0
('neck',)	anatomical	anatomical	5	2	5	0
('glomerular',)	anatomical	anatomical	5	5	5	0
('visceral',)	anatomical	anatomical	5	3	5	0
('renal',)	anatomical	anatomical	5	9	5	0
('cuticle',)	anatomical	None	0	0	0	0
('eggshell',)	lineage	None	0	0	0	0
('glycocalyx',)	anatomical	None	0	0	0	0
('distal',)	anatomical	anatomical	5	8	5	0
('fenestrate',)	appearance	appearance	5	3	5	0
('window',)	None	None	0	0	0	0
('collagen',)	anatomical	None	0	0	0	0
('arc',)	None	None	0	0	0	0
('rouget',)	eponym	None	0	0	0	0
('adventitial',)	anatomical	anatomical	5	3	5	0
('primitive',)	developmental	developmental	5	8	5	0
('primordial',)	developmental	developmental	5	9	5	0
('centripetally',)	None	None	0	0	0	0
('migrate',)	None	None	0	3	0	0
('centripetally', 'migrate')	None	None	0	0	0	0
('centripetal',)	None	None	0	0	0	0
('kenyon',)	eponym	None	0	0	0	0
('stalk',)	None	None	0	4	0	0
('interfollicle',)	None	None	0	0	0	0
('commissural',)	anatomical	None	0	0	0	0
('glutamatergic',)	molecular signaling	molecular signaling	5	15	5	0
('radial',)	anatomical	anatomical	5	16	5	0
('M',)	None	None	0	5	0	0
('microfold',)	appearance	appearance	5	1	5	0
('ependymoglial',)	lineage	None	0	0	0	0
('cerebrospinal',)	anatomical	anatomical	5	4	5	0
('fluid',)	anatomical	anatomical	5	4	5	0
('R1',)	None	None	0	0	0	0
('perijunctional',)	anatomical	None	0	0	0	0
('myoendocrine',)	None	None	0	0	0	0
('R2',)	None	None	0	1	0	0
('perisynaptic',)	anatomical	molecular signaling	5	1	0	5
('terminal',)	developmental	developmental	5	6	5	0
('NGF',)	None	None	0	0	0	0
('neurogliaform',)	appearance	lineage	5	2	0	5
('spiderweb',)	None	None	0	0	0	0
('neuroglioform',)	appearance	None	0	0	0	0
('R3',)	None	None	0	1	0	0
('Cajal-Retzius',)	eponym	eponym	5	1	5	0
('CR',)	None	None	0	1	0	0
('horizontal',)	appearance	appearance	5	7	5	0
('cajal',)	eponym	eponym	5	1	5	0
('PP',)	anatomical	anatomical	5	1	5	0
('type', 'F')	variant	None	0	0	0	0
('R4',)	None	None	0	0	0	0
('paraganglial',)	None	None	0	0	0	0
('dopaminergic',)	molecular signaling	molecular signaling	5	6	5	0
('paraganglia',)	molecular signaling	None	0	0	0	0
('R5',)	None	None	0	0	0	0
('sustentacular',)	None	None	0	2	0	0
('R6',)	None	None	0	0	0	0
('choroid',)	anatomical	anatomical	5	5	5	0
('choroid', 'plexu')	anatomical	anatomical	5	2	5	0
('plexus',)	None	None	0	7	0	0
('R7',)	None	None	0	0	0	0
('leptomeningeal',)	anatomical	anatomical	5	8	5	0
('R8',)	None	None	0	0	0	0
('neurecto-epithelial',)	lineage	None	0	0	0	0
('cumulus',)	appearance	appearance	5	4	5	0
('stratum',)	None	None	0	0	0	0
('granulosum',)	None	None	0	0	0	0
('stratum', 'granulosum')	None	None	0	0	0	0
('corona',)	None	None	0	0	0	0
('radiata',)	None	None	0	0	0	0
('corona', 'radiata')	None	None	0	0	0	0
('lymph',)	anatomical	anatomical	5	1	5	0
('compound',)	None	None	0	0	0	0
('semper',)	None	None	0	0	0	0
('posterior',)	anatomical	anatomical	5	3	5	0
('equatorial',)	None	None	0	0	0	0
('somatic',)	lineage	lineage	5	4	5	0
('heterocyst',)	None	None	0	0	0	0
('nitrogen',)	None	None	0	0	0	0
('fixing',)	None	None	0	0	0	0
('nitrogen', 'fixing')	None	None	0	0	0	0
('lead',)	None	None	0	0	0	0
('edge',)	None	None	0	0	0	0
('lead', 'edge')	None	None	0	0	0	0
('urothelial',)	lineage	lineage	5	5	5	0
('amoeboid',)	None	None	0	0	0	0
('striated',)	None	None	0	0	0	0
('retina',)	anatomical	anatomical	5	5	5	0
('retinal', 'ganglion')	anatomical	root	5	8	0	5
('spinal',)	anatomical	anatomical	5	13	5	0
('accessory',)	None	None	0	2	0	0
('sacmn',)	None	None	0	0	0	0
('periarticular',)	None	None	0	0	0	0
('hypertrophic',)	lineage	appearance	5	3	0	5
('heart',)	anatomical	anatomical	5	7	5	0
('ON-bipolar',)	None	None	0	2	0	0
('OFF-bipolar',)	None	None	0	2	0	0
('DB1',)	molecular signature	None	0	0	0	0
('FMB',)	None	None	0	0	0	0
('3',)	variant	variant	5	7	5	0
('type', '3')	variant	None	0	0	0	0
('DB2',)	molecular signature	None	0	0	0	0
('DB3',)	molecular signature	None	0	0	0	0
('4',)	variant	variant	5	1	5	0
('type', '4')	variant	None	0	0	0	0
('5',)	variant	None	0	0	0	0
('type', '5')	variant	None	0	0	0	0
('DB4',)	molecular signature	None	0	0	0	0
('6',)	variant	None	0	0	0	0
('type', '6')	variant	None	0	0	0	0
('DB5',)	molecular signature	None	0	0	0	0
('7',)	variant	None	0	0	0	0
('type', '7')	variant	None	0	0	0	0
('imb',)	None	None	0	0	0	0
('DB6',)	molecular signature	None	0	0	0	0
('8',)	variant	None	0	0	0	0
('type', '8')	variant	None	0	0	0	0
('BB',)	None	None	0	0	0	0
('9',)	variant	None	0	0	0	0
('type', '9')	variant	None	0	0	0	0
('lineage',)	developmental	developmental	5	17	5	0
('erythropoietic',)	None	None	0	0	0	0
('immature',)	developmental	developmental	5	52	5	0
('immatuer',)	None	None	0	0	0	0
('multinuclear',)	None	None	0	0	0	0
('mDC',)	None	None	0	1	0	0
('CD11c+CD123-',)	molecular signature	None	0	0	0	0
('DC',)	None	None	0	14	0	0
('interferon-producing',)	molecular signaling	None	0	0	0	0
('T-associated',)	None	None	0	0	0	0
('plasma',)	anatomical	anatomical	5	34	5	0
('plasmacytoid',)	appearance	root	5	15	0	5
('DC2',)	None	None	0	1	0	0
('pDC',)	None	None	0	2	0	0
('ipc',)	None	None	0	2	0	0
('memory',)	state	role	5	173	0	5
('naive',)	state	state	5	78	5	0
('CD25-positive',)	molecular signature	None	0	0	0	0
('regulatory',)	role	state	3	82	2	3
('intraepithelial',)	lineage	anatomical	5	7	0	5
('cytotoxic',)	role	role	3	53	3	2
('CD8',)	molecular signature	molecular signature	5	68	5	0
('CD8', '+')	molecular signature	molecular signature	5	110	5	0
('T(reg',)	None	None	0	0	0	0
('CD8-alpha-beta-positive',)	molecular signature	None	0	0	0	0
('gammadelta',)	molecular signature	molecular signaling	5	10	0	5
('gamma-delta',)	molecular signature	molecular signaling	5	1	0	5
('CD8-alpha',)	molecular signature	None	0	0	0	0
('CD8-alpha', 'alpha')	molecular signature	None	0	0	0	0
('alpha', 'positive')	molecular signature	None	0	0	0	0
('CD8-alpha', 'alpha', 'positive')	molecular signature	None	0	0	0	0
('CD4-negative',)	molecular signature	None	0	0	0	0
('CD8-negative',)	molecular signature	None	0	0	0	0
('isp',)	None	None	0	0	0	0
('single', 'positive')	molecular signature	molecular signature	5	3	5	0
('T.ISP.th',)	None	None	0	0	0	0
('negative',)	state	state	5	1	5	0
('double', 'negative')	molecular signature	molecular signature	5	13	5	0
('DN2',)	None	None	0	2	0	0
('TN2',)	None	None	0	0	0	0
('preT.DN2.Th',)	None	None	0	0	0	0
('preT.DN3.Th',)	None	None	0	0	0	0
('DN3',)	None	None	0	2	0	0
('TN3',)	None	None	0	0	0	0
('DN4',)	None	None	0	1	0	0
('T.DN4.th',)	None	None	0	0	0	0
('DP',)	None	None	0	2	0	0
('double-positive',)	molecular signature	molecular signature	5	8	5	0
('SP',)	molecular signaling	molecular signaling	5	4	5	0
('NKT',)	role	role	5	3	5	0
('newly',)	developmental	developmental	5	1	5	0
('stage',)	developmental	developmental	5	1	5	0
('transitional', 'stage')	developmental	None	0	0	0	0
('B1',)	variant	molecular signaling	5	11	0	5
('B-1',)	None	None	0	2	0	0
('B-1', 'B')	None	None	0	0	0	0
('B-1a',)	None	None	0	1	0	0
('CD5', '+')	molecular signature	molecular signature	5	1	5	0
('B1a',)	None	None	0	3	0	0
('B1a', 'B')	None	None	0	0	0	0
('CD5(+',)	molecular signature	None	0	0	0	0
('CD5-positive',)	molecular signature	None	0	0	0	0
('B-1a', 'B')	None	None	0	0	0	0
('B-1b',)	None	None	0	3	0	0
('B1b',)	None	None	0	3	0	0
('B1b', 'B')	None	None	0	0	0	0
('B-1b', 'B')	None	None	0	0	0	0
('B-2',)	None	None	0	1	0	0
('B2',)	None	None	0	4	0	0
('B2', 'B')	None	None	0	0	0	0
('B-2', 'B')	None	None	0	0	0	0
('NKP',)	role	None	0	0	0	0
('pro-NK',)	role	None	0	0	0	0
('pro-natural', 'killer')	role	None	0	0	0	0
('pro-B',)	None	None	0	1	0	0
('pro-T',)	None	None	0	1	0	0
('MCP',)	None	None	0	1	0	0
('MPP',)	None	None	0	1	0	0
('restricted',)	None	None	0	0	0	0
('conventional',)	variant	variant	5	27	5	0
('Fo',)	None	None	0	0	0	0
('GC',)	molecular signaling	molecular signaling	5	7	5	0
('germinal',)	lineage	lineage	4	1	4	1
('center',)	anatomical	appearance	5	1	0	5
('germinal', 'center')	anatomical	root	5	6	0	5
('marginal',)	anatomical	state	5	16	0	5
('zone',)	anatomical	anatomical	5	24	5	0
('spleen',)	anatomical	anatomical	5	4	5	0
('dark',)	appearance	None	0	0	0	0
('microvillous',)	None	None	0	0	0	0
('5-hydroxytryptamine',)	molecular signaling	molecular signaling	5	1	5	0
('serotonergic',)	molecular signaling	molecular signaling	5	3	5	0
('neuromast',)	None	None	0	0	0	0
('mantle',)	None	None	0	1	0	0
('neuromast', 'mantle')	None	None	0	0	0	0
('epithelium',)	lineage	lineage	5	19	5	0
('interneuromast',)	None	None	0	0	0	0
('classical',)	variant	variant	5	18	5	0
('inflammatory',)	role	role	5	17	5	0
('elicit',)	None	None	0	0	0	0
('free',)	None	None	0	0	0	0
('wander',)	None	None	0	0	0	0
('suppressor',)	role	role	5	32	5	0
('classically',)	variant	variant	5	2	5	0
('activate',)	state	role	5	92	0	5
('tissue-resident',)	state	state	5	18	5	0
('rest',)	state	state	5	26	5	0
('fix',)	None	None	0	0	0	0
('gastrointestinal',)	anatomical	anatomical	5	2	5	0
('tract',)	anatomical	anatomical	5	3	5	0
('gastrointestinal', 'tract')	anatomical	None	0	0	0	0
('lamina', 'propria')	anatomical	anatomical	5	1	5	0
('gastrointestinal', 'system')	anatomical	None	0	0	0	0
('thymic',)	anatomical	anatomical	5	27	5	0
('lymph', 'node')	anatomical	anatomical	5	1	5	0
('MF.LN',)	None	None	0	0	0	0
('tonsillar',)	None	None	0	3	0	0
('peyer',)	eponym	None	0	0	0	0
('peyer', "'s")	eponym	None	0	0	0	0
('peyer', "'s", 'patch')	anatomical	None	0	0	0	0
('splenic',)	anatomical	anatomical	5	23	5	0
('metallophillic',)	appearance	None	0	0	0	0
('pulp',)	anatomical	anatomical	5	9	5	0
('patrol',)	None	None	0	1	0	0
('non-classical',)	variant	variant	5	8	5	0
('resident',)	state	state	5	27	5	0
('tingible',)	eponym	None	0	0	0	0
('central',)	anatomical	anatomical	5	25	5	0
('nervous',)	anatomical	anatomical	5	3	5	0
('central', 'nervous', 'system')	anatomical	anatomical	5	3	5	0
('subdural',)	anatomical	None	0	0	0	0
('meningeal',)	anatomical	anatomical	5	4	5	0
('perivascular',)	anatomical	anatomical	5	9	5	0
('cortical',)	anatomical	anatomical	5	28	5	0
('mucosa-associated',)	None	None	0	1	0	0
('gut-associated',)	anatomical	None	0	0	0	0
('nasal',)	anatomical	anatomical	5	14	5	0
('broncial',)	None	None	0	0	0	0
('associated',)	None	None	0	3	0	0
('broncial', 'associated')	None	None	0	0	0	0
('subcapsular',)	anatomical	None	0	0	0	0
('sinus',)	anatomical	anatomical	5	1	5	0
('alternatively',)	None	None	0	3	0	0
('DN1',)	None	None	0	2	0	0
('preT.DN1.Th',)	None	None	0	0	0	0
('pro-T-lymphocyte',)	None	None	0	0	0	0
('pro-T-cell',)	None	None	0	0	0	0
('Th0',)	None	None	0	1	0	0
('thymus-derived',)	None	None	0	2	0	0
('T.4Nve',)	None	None	0	0	0	0
('.',)	None	None	0	7	0	0
('Sp',)	molecular signaling	None	0	0	0	0
('T.4Nve', '.')	None	None	0	0	0	0
('Th17',)	None	None	0	6	0	0
('T(H)-17',)	None	None	0	0	0	0
('IL-17-producing',)	None	None	0	0	0	0
('17',)	variant	variant	5	11	5	0
('thymus-dervied',)	None	None	0	0	0	0
('Tr1',)	None	None	0	1	0	0
('T-regulatory',)	None	None	0	2	0	0
('induce',)	state	role	5	10	0	5
('iTreg',)	molecular signature	molecular signaling	4	1	1	4
('nTreg',)	None	None	0	0	0	0
('effector',)	role	role	5	91	5	0
('cytokine',)	molecular signaling	None	0	0	0	0
('CD8-alpha-alpha-positive',)	molecular signature	None	0	0	0	0
('detc',)	None	None	0	0	0	0
('T-cytotoxic',)	None	None	0	0	0	0
('Tc1',)	None	None	0	1	0	0
('non-TFH',)	None	None	0	0	0	0
('Th1', 'non-TFH')	None	None	0	0	0	0
('Tc2',)	None	None	0	1	0	0
('Th2', 'non-TFH')	None	None	0	0	0	0
('CD8+CD25',)	molecular signature	None	0	0	0	0
('CD8+CD25', '+')	molecular signature	None	0	0	0	0
('CD28-negative',)	molecular signature	None	0	0	0	0
('CD8+CD28-',)	molecular signature	None	0	0	0	0
('type', 'I')	variant	variant	5	10	5	0
('II',)	variant	variant	5	4	5	0
('type', 'II')	variant	variant	5	22	5	0
('interferon-gamma',)	molecular signaling	None	0	0	0	0
('IFN-gamma',)	molecular signaling	None	0	0	0	0
('interleukin-4',)	molecular signaling	None	0	0	0	0
('IL-4',)	molecular signaling	None	0	0	0	0
('lymphoid-primed',)	None	None	0	2	0	0
('pre-natural', 'killer')	role	None	0	0	0	0
('pre-NK',)	role	None	0	0	0	0
('CD56-bright',)	molecular signature	None	0	0	0	0
('CD16-negative',)	molecular signature	None	0	0	0	0
('human',)	species	anatomical	3	79	0	5
('CD16-CD56bright',)	molecular signature	None	0	0	0	0
('CD16-positive',)	molecular signature	None	0	0	0	0
('CD56-dim',)	molecular signature	None	0	0	0	0
('CD16+CD56',)	molecular signature	None	0	0	0	0
('CD16+CD56', '+')	molecular signature	None	0	0	0	0
('CD56-positive',)	molecular signature	None	0	0	0	0
('CD56-low',)	molecular signature	None	0	0	0	0
('invariant',)	state	state	5	25	5	0
('Be1',)	None	None	0	0	0	0
('Be2',)	None	None	0	0	0	0
('antibody',)	role	role	4	1	4	1
('IgE',)	None	None	0	1	0	0
('IgE', 'B')	None	None	0	0	0	0
('IgD',)	None	None	0	1	0	0
('short', 'live')	developmental	None	0	0	0	0
('preBCR-positive',)	molecular signature	None	0	0	0	0
('pre-B-II',)	None	None	0	0	0	0
('preBCR-negative',)	molecular signature	None	0	0	0	0
('pre-BII',)	None	None	0	0	0	0
('pre-B-lymphocyte',)	None	None	0	0	0	0
('pre-B-I',)	None	None	0	0	0	0
('pre-BI',)	None	None	0	0	0	0
('T1',)	None	None	0	0	0	0
('transitional', 'stage', '1')	developmental	None	0	0	0	0
('T1', 'B')	None	None	0	0	0	0
('T2',)	None	None	0	1	0	0
('transitional', 'stage', '2')	developmental	None	0	0	0	0
('T2', 'B')	None	None	0	0	0	0
('An1',)	None	None	0	0	0	0
('transitional', 'stage', '3')	developmental	None	0	0	0	0
('T3',)	None	None	0	0	0	0
('T3', 'B')	None	None	0	0	0	0
('Bm1',)	molecular signature	None	0	0	0	0
('Bm1', 'B')	molecular signature	None	0	0	0	0
('Bm2',)	molecular signature	None	0	0	0	0
('Bm2', 'B')	molecular signature	None	0	0	0	0
('Bm3-delta',)	molecular signature	None	0	0	0	0
('Bm3-delta', 'B')	molecular signature	None	0	0	0	0
('Bm2-prime',)	molecular signature	None	0	0	0	0
('Bm2', "'")	molecular signature	None	0	0	0	0
('Bm2', "'", 'B')	molecular signature	None	0	0	0	0
('Bm3',)	molecular signature	None	0	0	0	0
('Bm3', 'B')	molecular signature	None	0	0	0	0
('Bm4',)	molecular signature	None	0	0	0	0
('Bm4', 'B')	molecular signature	None	0	0	0	0
('Bm5',)	molecular signature	None	0	0	0	0
('Bm5', 'B')	molecular signature	None	0	0	0	0
('Be',)	None	None	0	0	0	0
('B10',)	None	None	0	2	0	0
('B(reg',)	None	None	0	0	0	0
('breg',)	None	None	0	3	0	0
('unswitched',)	state	state	5	2	5	0
('non-class-switched',)	None	None	0	0	0	0
('IgM',)	None	None	0	0	0	0
('IgM', 'B')	None	None	0	0	0	0
('class',)	variant	variant	5	1	5	0
('class', 'switch')	state	state	5	3	5	0
('IgA',)	molecular signature	molecular signature	4	2	4	1
('long', 'live')	developmental	None	0	0	0	0
('lived',)	None	None	0	1	0	0
('short', 'lived')	None	None	0	0	0	0
('IgG',)	role	molecular signaling	5	2	0	5
('CD27-positive',)	molecular signature	None	0	0	0	0
('CD38-positive',)	molecular signature	None	0	0	0	0
('CD20-negative',)	molecular signature	None	0	0	0	0
('dn',)	None	None	0	0	0	0
('haemopoietic',)	None	None	0	0	0	0
('haematopoietic',)	lineage	lineage	5	10	5	0
('CD11c-low',)	molecular signature	None	0	0	0	0
('cDC',)	None	None	0	3	0	0
('DC1',)	None	None	0	0	0	0
('CD303-positive',)	molecular signature	None	0	0	0	0
('CD11c-negative',)	molecular signature	None	0	0	0	0
('CD34-positive',)	molecular signature	molecular signature	5	2	5	0
('OR',)	None	None	0	0	0	0
('CD8-alpha-negative',)	molecular signature	None	0	0	0	0
('CD11b-positive',)	molecular signature	None	0	0	0	0
('CD8-alpha-negative', 'CD11b-positive')	molecular signature	None	0	0	0	0
('DC.8',)	None	None	0	0	0	0
('-',)	None	None	0	7	0	0
('11b-',)	None	None	0	0	0	0
('DC.8', '-')	None	None	0	0	0	0
('-', '11b-')	None	None	0	0	0	0
('CD11b-negative',)	molecular signature	None	0	0	0	0
('CD8-alpha-negative', 'CD11b-negative')	molecular signature	None	0	0	0	0
('triple',)	None	None	0	0	0	0
('DC.4', '+')	molecular signature	None	0	0	0	0
('CD8-alpha-positive',)	molecular signature	None	0	0	0	0
('CD8-alpha-positive', 'CD11b-negative')	molecular signature	None	0	0	0	0
('Sca1-positive',)	molecular signature	None	0	0	0	0
('LSK',)	None	None	0	1	0	0
('kit',)	molecular signature	None	0	0	0	0
('CD7-negative',)	molecular signature	None	0	0	0	0
('CD1a-positive',)	molecular signature	None	0	0	0	0
('CD1a-LC',)	molecular signature	None	0	0	0	0
('CD8-alpha-low',)	molecular signature	None	0	0	0	0
('CD115-positive',)	molecular signature	None	0	0	0	0
('CD10-positive',)	molecular signature	None	0	0	0	0
('Kit-positive',)	molecular signature	None	0	0	0	0
('CD38-negative',)	molecular signature	molecular signature	5	1	5	0
('CD133-positive',)	None	None	0	0	0	0
('CD217-positive',)	molecular signature	None	0	0	0	0
('CD7-positive',)	molecular signature	None	0	0	0	0
('pro-DCs',)	None	None	0	0	0	0
('CDP',)	None	None	0	0	0	0
('CD117-positive',)	molecular signature	None	0	0	0	0
('hippocampal',)	anatomical	anatomical	5	8	5	0
('terminally', 'differentiate')	developmental	developmental	5	6	5	0
('CD8+CXCR3',)	molecular signature	None	0	0	0	0
('CD8+CXCR3', '+')	molecular signature	None	0	0	0	0
('CXCR3-positive',)	molecular signature	None	0	0	0	0
('22',)	variant	None	0	0	0	0
('Th22',)	None	None	0	2	0	0
('T(H)-22',)	None	None	0	0	0	0
('CCR4-positive',)	molecular signature	None	0	0	0	0
('CCR4',)	molecular signature	molecular signature	5	1	5	0
('CCR+',)	molecular signature	None	0	0	0	0
('CXCR3-negative',)	molecular signature	None	0	0	0	0
('CCR6-negative',)	molecular signature	None	0	0	0	0
('IgD-negative',)	molecular signature	None	0	0	0	0
('IgD-',)	molecular signature	None	0	0	0	0
('CD14-positive',)	molecular signature	molecular signature	5	2	5	0
('CD16-low',)	molecular signature	None	0	0	0	0
('oligopotent',)	developmental	stimulus	5	2	0	5
('lineage-negative',)	molecular signature	None	0	0	0	0
('abnormal',)	None	None	0	2	0	0
('temra',)	None	None	0	4	0	0
('neoplastic',)	disease	disease	5	5	5	0
('malignant',)	disease	disease	5	22	5	0
('innate',)	anatomical	state	5	8	0	5
('innate', 'lymphoid')	lineage	lineage	4	34	4	1
('mammalian',)	species	None	0	0	0	0
('group',)	None	None	0	1	0	0
('ILC1',)	molecular signature	molecular signature	5	2	5	0
('ILC2',)	molecular signature	molecular signature	5	4	5	0
('beige',)	appearance	appearance	5	1	5	0
('brite',)	None	None	0	0	0	0
('beige/brite',)	None	None	0	0	0	0
('ILC3',)	molecular signature	molecular signature	5	1	5	0
('CD34-negative',)	molecular signature	None	0	0	0	0
('CD117-positive', 'ilc')	molecular signature	None	0	0	0	0
('CD117-positive', 'ilcp')	molecular signature	None	0	0	0	0
('precusor',)	developmental	None	0	0	0	0
('cilp',)	None	None	0	0	0	0
('KLRG1-positive',)	molecular signature	None	0	0	0	0
('ilc',)	None	None	0	4	0	0
('NKp46-positive',)	molecular signature	None	0	0	0	0
('NKp44-positive',)	molecular signature	None	0	0	0	0
('NKp44-negative',)	molecular signature	None	0	0	0	0
('CD19-positive',)	molecular signature	None	0	0	0	0
('CD19', '+')	molecular signature	molecular signature	5	4	5	0
('CD86-positive',)	molecular signature	None	0	0	0	0
('CD86', '+')	molecular signature	molecular signature	5	1	5	0
('CD45RO-positive',)	molecular signature	None	0	0	0	0
('c-', 'Kit-positive')	molecular signature	None	0	0	0	0
('GlyA-negative',)	molecular signature	None	0	0	0	0
('Kit-low',)	molecular signature	None	0	0	0	0
('MDP',)	None	None	0	1	0	0
('pre-conventional',)	None	None	0	1	0	0
('murine',)	species	None	0	0	0	0
('GlyA-positive',)	molecular signature	None	0	0	0	0
('Kit-negative',)	molecular signature	None	0	0	0	0
('Ly-76',)	None	None	0	0	0	0
('high',)	molecular signature	molecular signature	5	9	5	0
('CD71-low',)	molecular signature	None	0	0	0	0
('GlyA-positive', 'polychromatic')	molecular signature	None	0	0	0	0
('orthochromatophilic',)	appearance	appearance	4	1	4	1
('CD71-negative',)	molecular signature	None	0	0	0	0
('GlyA-positive', 'orthochromatic')	molecular signature	None	0	0	0	0
('positive',)	None	None	0	4	0	0
('CD41-positive',)	molecular signature	None	0	0	0	0
('CD42-positive',)	molecular signature	None	0	0	0	0
('CD42-negative',)	molecular signature	None	0	0	0	0
('CD9-positive',)	molecular signature	None	0	0	0	0
('BMCP',)	None	None	0	0	0	0
('Fc-epsilon',)	molecular signature	None	0	0	0	0
('Fc-epsilon', 'RIalpha-low')	molecular signature	None	0	0	0	0
('Fc-epsilon', 'RIalpha-high')	molecular signature	None	0	0	0	0
('ST',)	molecular signaling	None	0	0	0	0
('ST-HSC',)	None	None	0	0	0	0
('term',)	None	None	0	0	0	0
('short', 'term')	None	None	0	0	0	0
('LT-HSC',)	None	None	0	0	0	0
('long', 'term')	None	None	0	0	0	0
('LT',)	None	None	0	0	0	0
('Slamf1-negative',)	molecular signature	molecular signature	5	1	5	0
('KSL',)	None	None	0	1	0	0
('Slamf1-positive',)	molecular signature	None	0	0	0	0
('iel',)	None	None	0	0	0	0
('alpha', 'beta')	None	None	0	0	0	0
('beta', 'iel')	None	None	0	0	0	0
('alpha', 'beta', 'iel')	None	None	0	0	0	0
('CD2-positive',)	molecular signature	None	0	0	0	0
('CD44-positive',)	molecular signature	None	0	0	0	0
('Tfh',)	None	None	0	2	0	0
('T(FH',)	None	None	0	0	0	0
('I',)	None	None	0	5	0	0
('NKT.44-NK1.1-.Th',)	None	None	0	0	0	0
('iii',)	variant	variant	5	1	5	0
('IV',)	None	None	0	1	0	0
('integrin',)	molecular signature	None	0	0	0	0
('beta7-high',)	molecular signature	None	0	0	0	0
('integrin', 'beta7-high')	molecular signature	None	0	0	0	0
('fraction',)	None	None	0	0	0	0
('pre-pro',)	None	None	0	0	0	0
('fraction', 'A')	None	None	0	0	0	0
('A', 'pre-pro')	None	None	0	0	0	0
('fraction', 'A', 'pre-pro')	None	None	0	0	0	0
('fraction', 'B')	None	None	0	0	0	0
("'",)	None	None	0	6	0	0
('CD38-high',)	molecular signature	None	0	0	0	0
('CD38-high', 'pre-BCR')	molecular signature	None	0	0	0	0
('CD38-high', 'pre-BCR', 'positive')	molecular signature	None	0	0	0	0
('pre-B',)	None	None	0	0	0	0
('fraction', 'D')	None	None	0	0	0	0
('D', 'pre-B')	None	None	0	0	0	0
('fraction', 'D', 'pre-B')	None	None	0	0	0	0
('CD22-positive',)	molecular signature	None	0	0	0	0
('CD38-low',)	molecular signature	None	0	0	0	0
('E',)	None	None	0	2	0	0
('fraction', 'E')	None	None	0	0	0	0
('F',)	None	None	0	1	0	0
('fraction', 'F')	None	None	0	0	0	0
('CD16-',)	molecular signature	molecular signature	5	3	5	0
('Gr1-low',)	molecular signature	None	0	0	0	0
('DC.8+.Th',)	None	None	0	0	0	0
('CD8alpha-alpha-positive',)	molecular signature	None	0	0	0	0
('Th9',)	None	None	0	1	0	0
('T(H)-9',)	None	None	0	0	0	0
('membranous',)	anatomical	None	0	0	0	0
('great',)	None	None	0	0	0	0
('kultschitzky',)	eponym	None	0	0	0	0
('bronchiole',)	anatomical	None	0	0	0	0
('feyrter',)	eponym	None	0	0	0	0
('bronchiolar',)	anatomical	anatomical	5	2	5	0
('respiratory',)	anatomical	anatomical	5	4	5	0
('type', 'A')	variant	variant	5	1	5	0
('cardiacus',)	anatomical	None	0	0	0	0
('conducen', 'cardiacus')	anatomical	None	0	0	0	0
('myocytus', 'conducen', 'cardiacus')	anatomical	None	0	0	0	0
('intestine',)	anatomical	anatomical	5	4	5	0
('vacuolar',)	None	None	0	0	0	0
('vacuolar', 'absorptive')	None	None	0	0	0	0
('colon',)	anatomical	anatomical	5	2	5	0
('pacemaker',)	role	appearance	5	6	0	5
('nodal',)	None	None	0	1	0	0
('P',)	None	None	0	2	0	0
('myocardial',)	anatomical	anatomical	5	1	5	0
('tracheobronchial',)	anatomical	anatomical	5	1	5	0
('tree',)	None	None	0	1	0	0
('endo-epithelial',)	lineage	None	0	0	0	0
('ecto-epithelial',)	None	None	0	0	0	0
('meso-epithelial',)	None	None	0	0	0	0
('ductal',)	anatomical	anatomical	5	9	5	0
('pancreatic', 'ductal')	anatomical	anatomical	5	6	5	0
('centro-acinar',)	anatomical	None	0	0	0	0
('centroacinar',)	None	None	0	0	0	0
('carotid',)	anatomical	None	0	0	0	0
('epiniphrine',)	molecular signaling	None	0	0	0	0
('bottcher',)	eponym	None	0	0	0	0
('bottcher', "'s")	eponym	None	0	0	0	0
('boettcher',)	eponym	None	0	0	0	0
('boettcher', "'s")	eponym	None	0	0	0	0
('stretch',)	None	None	0	0	0	0
('specialized',)	None	None	0	0	0	0
('nongranular',)	None	None	0	0	0	0
('agranular',)	None	None	0	0	0	0
('icc',)	None	None	0	1	0	0
('intestinal',)	anatomical	anatomical	5	29	5	0
('mouse',)	species	state	2	11	1	4
('polar',)	None	None	0	2	0	0
('polocytus',)	None	None	0	0	0	0
('primarius',)	None	None	0	0	0	0
('polocytus', 'primarius')	None	None	0	0	0	0
('first',)	None	None	0	0	0	0
('first', 'polar')	None	None	0	1	0	0
('marrow',)	lineage	lineage	5	7	5	0
('bone', 'marrow')	anatomical	lineage	5	30	0	5
('second',)	None	None	0	5	0	0
('second', 'polar')	None	None	0	0	0	0
('secundarius',)	None	None	0	0	0	0
('polocytus', 'secundarius')	None	None	0	0	0	0
('hilus',)	anatomical	None	0	0	0	0
('hilar',)	anatomical	anatomical	5	1	5	0
('internodal', 'tract')	anatomical	None	0	0	0	0
('cortex',)	anatomical	anatomical	5	5	5	0
('adrenocortical',)	anatomical	None	0	0	0	0
('regular',)	variant	None	0	0	0	0
('zona',)	None	None	0	0	0	0
('glomerulosa',)	None	None	0	0	0	0
('zona', 'glomerulosa')	None	None	0	0	0	0
('interventricular',)	anatomical	None	0	0	0	0
('CD38',)	molecular signature	molecular signature	5	2	5	0
('CD38-',)	molecular signature	None	0	0	0	0
('IgG+',)	molecular signature	molecular signature	5	1	5	0
('IgG-positive',)	molecular signature	None	0	0	0	0
('IgG+', 'dn')	molecular signature	None	0	0	0	0
('IgG-',)	None	None	0	1	0	0
('IgG-', 'dn')	None	None	0	0	0	0
('IgG-negative',)	molecular signature	None	0	0	0	0
('IgD-positive',)	molecular signature	None	0	0	0	0
('B220-positive',)	molecular signature	None	0	0	0	0
('CD38+B220',)	molecular signature	None	0	0	0	0
('CD38+B220', '+')	molecular signature	None	0	0	0	0
('B220+CD38',)	molecular signature	None	0	0	0	0
('B220+CD38', '+')	molecular signature	None	0	0	0	0
('B220-low',)	molecular signature	None	0	0	0	0
('B220-positive', 'CD38-negative')	molecular signature	None	0	0	0	0
('CD38-negative', 'IgG-negative')	molecular signature	None	0	0	0	0
('CD24-positive',)	molecular signature	None	0	0	0	0
('CD24-positive', 'CD38-negative')	molecular signature	None	0	0	0	0
('CD24-negative',)	molecular signature	None	0	0	0	0
('gammadelta27-positive',)	molecular signature	None	0	0	0	0
('gd27-positive',)	molecular signature	None	0	0	0	0
('CD27-negative',)	molecular signature	None	0	0	0	0
('gammadelta-17',)	None	None	0	0	0	0
('Tc17',)	None	None	0	0	0	0
('Th17', 'non-TFH')	None	None	0	0	0	0
('atrial',)	anatomical	anatomical	5	4	5	0
('atrium',)	anatomical	None	0	0	0	0
('interatrial',)	anatomical	None	0	0	0	0
('ventricle',)	anatomical	None	0	0	0	0
('ventricular',)	anatomical	anatomical	5	7	5	0
('ovarian',)	anatomical	anatomical	5	4	5	0
('nonkeratinize',)	None	None	0	0	0	0
('type', 'iii')	variant	variant	5	2	5	0
('lymphatic',)	anatomical	anatomical	5	16	5	0
('lec',)	None	None	0	0	0	0
('skin',)	anatomical	anatomical	5	11	5	0
('sebaceous',)	role	appearance	5	4	0	5
('eccrine', 'sweat')	None	None	0	0	0	0
('capillary',)	anatomical	appearance	5	23	0	5
('multiciliated',)	appearance	appearance	5	5	5	0
('clear', 'chief')	None	None	0	0	0	0
('uterus',)	anatomical	None	0	0	0	0
('epithelioid',)	None	None	0	0	0	0
('epitheloid',)	None	None	0	0	0	0
('endocervix',)	None	None	0	0	0	0
('burr',)	None	None	0	0	0	0
('endosteal',)	anatomical	anatomical	5	1	5	0
('tympanic',)	anatomical	None	0	0	0	0
('membrane',)	anatomical	anatomical	5	1	5	0
('tympanic', 'membrane')	anatomical	None	0	0	0	0
('general',)	None	None	0	7	0	0
('general', 'ecto-epithelial')	None	None	0	0	0	0
('superficial',)	anatomical	state	5	6	0	5
('internal',)	anatomical	anatomical	5	1	5	0
('pillar',)	appearance	appearance	5	7	5	0
('cochlea',)	anatomical	None	0	0	0	0
('malassez',)	None	None	0	0	0	0
('debris',)	None	None	0	0	0	0
('oral',)	anatomical	anatomical	5	2	5	0
('mucosa',)	anatomical	anatomical	5	4	5	0
('globose',)	appearance	appearance	5	1	5	0
('interdental',)	anatomical	anatomical	5	1	5	0
('extraglomerular',)	anatomical	None	0	0	0	0
('cushion',)	appearance	appearance	5	1	5	0
('goormaghtigh',)	None	None	0	0	0	0
('foveolar',)	None	None	0	0	0	0
('proper',)	None	None	0	1	0	0
('granulocytopoietic',)	None	None	0	0	0	0
('monopoietic',)	None	None	0	0	0	0
('oval',)	appearance	appearance	5	1	5	0
('inactive',)	state	state	5	1	5	0
('parathyoid',)	None	None	0	0	0	0
('oxyphil',)	appearance	molecular signaling	5	2	0	5
('askanazy',)	None	None	0	0	0	0
('hurthle',)	eponym	eponym	5	2	5	0
('beta-intercalated',)	None	None	0	0	0	0
('intercalated',)	appearance	appearance	5	6	5	0
('B-IC',)	None	None	0	0	0	0
('tuft',)	appearance	appearance	5	13	5	0
('caveolate',)	None	None	0	0	0	0
('multivesicular',)	None	None	0	0	0	0
('fibrillovesicular',)	None	None	0	0	0	0
('lobular',)	None	None	0	0	0	0
('trachea',)	anatomical	anatomical	5	2	5	0
('bronchus',)	anatomical	anatomical	5	1	5	0
('undifferentiated',)	developmental	lineage	5	4	0	5
('oxidative',)	None	None	0	0	0	0
('twitch',)	None	None	0	0	0	0
('slow', 'twitch')	None	None	0	0	0	0
('slow-twitch',)	None	None	0	0	0	0
('2a',)	None	None	0	0	0	0
('IIa',)	None	None	0	1	0	0
('fatigue',)	None	None	0	0	0	0
('resistant',)	None	None	0	0	0	0
('fatigue', 'resistant')	None	None	0	0	0	0
('fast', 'twitch')	role	None	0	0	0	0
('2b',)	None	None	0	0	0	0
('IIb',)	None	None	0	1	0	0
('dec',)	None	None	0	1	0	0
('anchor',)	None	None	0	0	0	0
('pineal',)	anatomical	None	0	0	0	0
('esophagus',)	anatomical	None	0	0	0	0
('vertebrate',)	None	None	0	0	0	0
('lens',)	None	None	0	7	0	0
('vertebrate', 'lens')	None	None	0	0	0	0
('fibre',)	appearance	appearance	5	6	5	0
('light', 'chief')	stimulus	None	0	0	0	0
('prostate',)	anatomical	anatomical	5	26	5	0
('prostatic',)	anatomical	anatomical	5	5	5	0
('acinus',)	anatomical	None	0	0	0	0
('luminal',)	anatomical	anatomical	5	20	5	0
('testis',)	anatomical	None	0	0	0	0
('ovigerm',)	None	None	0	0	0	0
('septal',)	None	None	0	1	0	0
('pupil',)	anatomical	None	0	0	0	0
('ectocervical',)	None	None	0	0	0	0
('ectocervix',)	anatomical	None	0	0	0	0
('peripheral',)	anatomical	anatomical	5	44	5	0
('PBSC',)	None	None	0	0	0	0
('pleural',)	anatomical	anatomical	5	6	5	0
('pluripotent',)	developmental	developmental	5	26	5	0
('crypt', 'of', 'lieberkuhn')	anatomical	None	0	0	0	0
('canal',)	anatomical	anatomical	5	2	5	0
('alimentary', 'canal')	anatomical	None	0	0	0	0
('endometrial',)	lineage	lineage	5	5	5	0
('endometrium',)	anatomical	None	0	0	0	0
('neuroepithelial',)	lineage	lineage	5	4	5	0
('viscerocranial', 'mucosa')	anatomical	None	0	0	0	0
('colonic',)	anatomical	anatomical	5	7	5	0
('P/D1',)	None	None	0	0	0	0
('vasoactive',)	anatomical	molecular signaling	5	2	0	5
('peptide', 'secreting')	None	None	0	0	0	0
('EC2',)	None	None	0	1	0	0
('EC1',)	None	None	0	1	0	0
('motilin',)	molecular signaling	None	0	0	0	0
('motilin', 'secreting')	molecular signaling	None	0	0	0	0
('histamine',)	None	None	0	0	0	0
('polypeptide-secreting',)	None	None	0	0	0	0
('PP-cell',)	None	None	0	0	0	0
('CCK',)	molecular signaling	None	0	0	0	0
('K',)	None	None	0	1	0	0
('gip',)	molecular signaling	None	0	0	0	0
('L',)	None	None	0	1	0	0
('N',)	None	None	0	2	0	0
('S',)	None	None	0	2	0	0
('TG',)	None	None	0	0	0	0
('A-like',)	None	None	0	0	0	0
('X/A-like',)	None	None	0	0	0	0
('type', 'X')	variant	None	0	0	0	0
('type', 'IV')	variant	None	0	0	0	0
('V',)	variant	None	0	0	0	0
('type', 'V')	variant	None	0	0	0	0
('tongue',)	anatomical	anatomical	5	1	5	0
('Y',)	None	None	0	0	0	0
('chromosome-bearing',)	None	None	0	0	0	0
('Y', 'chromosome-bearing')	None	None	0	0	0	0
('bearing',)	None	None	0	0	0	0
('Y', 'bearing')	None	None	0	0	0	0
('Y-bearing',)	None	None	0	0	0	0
('X-bearing',)	None	None	0	0	0	0
('X',)	None	None	0	1	0	0
('X', 'chromosome-bearing')	None	None	0	0	0	0
('X', 'bearing')	None	None	0	0	0	0
('glomus',)	None	None	0	5	0	0
('thymus',)	anatomical	anatomical	5	3	5	0
('type-1',)	variant	variant	5	1	5	0
('cystic',)	None	None	0	1	0	0
('type-6',)	None	None	0	0	0	0
('mTEC',)	None	None	0	0	0	0
('type-4',)	None	None	0	0	0	0
('type-3',)	variant	None	0	0	0	0
('type-5',)	None	None	0	0	0	0
('pale',)	None	None	0	0	0	0
('type-2',)	variant	variant	5	3	5	0
('spindle',)	appearance	appearance	5	1	5	0
('shape',)	None	None	0	0	0	0
('shape', 'mTEC')	None	None	0	0	0	0
('type-7',)	variant	None	0	0	0	0
('fibroblast-like',)	None	None	0	3	0	0
('PE',)	None	None	0	0	0	0
('ciliary',)	None	None	0	1	0	0
('non-pigmented',)	None	None	0	0	0	0
('non-pigmented', 'ciliary')	None	None	0	0	0	0
('nonpigmented',)	None	None	0	0	0	0
('nonpigmented', 'ciliary')	None	None	0	0	0	0
('npe',)	None	None	0	0	0	0
('tubule',)	anatomical	appearance	5	10	0	5
('distal', 'tubule')	anatomical	anatomical	5	1	5	0
('proximal',)	anatomical	anatomical	5	11	5	0
('proximal', 'tubule')	anatomical	anatomical	5	12	5	0
('mammotrophic',)	None	None	0	0	0	0
('mammotropic',)	None	None	0	0	0	0
('lactotropic',)	None	None	0	0	0	0
('epsilon-acidophil',)	None	None	0	0	0	0
('somatotropic',)	None	None	0	0	0	0
('somatrophic',)	None	None	0	0	0	0
('neuro-epithelial',)	lineage	None	0	0	0	0
('endocrine-paracrine',)	None	None	0	0	0	0
('esc',)	lineage	lineage	5	3	5	0
('basal-myoepithelial',)	None	None	0	0	0	0
('mammary',)	anatomical	anatomical	5	15	5	0
('lactation-derived',)	None	None	0	0	0	0
('lactaction-associated',)	None	None	0	0	0	0
('lactiferous', 'gland')	anatomical	None	0	0	0	0
('breast',)	anatomical	anatomical	5	11	5	0
('bronchial',)	anatomical	anatomical	5	4	5	0
('buccal',)	anatomical	None	0	0	0	0
('bulge',)	appearance	appearance	5	2	5	0
('CD161-positive',)	molecular signature	None	0	0	0	0
('decidual',)	anatomical	lineage	5	16	0	5
('dNK',)	None	None	0	0	0	0
('CD56-negative',)	molecular signature	None	0	0	0	0
('CD27-low',)	molecular signature	None	0	0	0	0
('CD11b-low',)	molecular signature	None	0	0	0	0
('Dx5-negative',)	molecular signature	None	0	0	0	0
('NK1.1-positive',)	molecular signature	None	0	0	0	0
('CD27-high',)	molecular signature	None	0	0	0	0
('CD11b-high',)	molecular signature	None	0	0	0	0
('endocardial',)	anatomical	anatomical	5	7	5	0
('endocardium',)	anatomical	None	0	0	0	0
('gestational',)	lineage	None	0	0	0	0
('fetal',)	developmental	developmental	5	13	5	0
('yolk', 'sac')	developmental	lineage	5	4	0	5
('definitive',)	None	None	0	4	0	0
('placental',)	anatomical	anatomical	5	5	5	0
('agm',)	None	None	0	0	0	0
('island',)	None	None	0	1	0	0
('EryP-CFC',)	None	None	0	0	0	0
('cTEC',)	None	None	0	0	0	0
('myometrial',)	anatomical	None	0	0	0	0
('myometrium',)	anatomical	None	0	0	0	0
('trabecular',)	appearance	appearance	5	4	5	0
('meshwork',)	None	None	0	1	0	0
('airway',)	anatomical	anatomical	5	26	5	0
('respiratory', 'tract')	anatomical	None	0	0	0	0
('somatocrinin',)	None	None	0	0	0	0
('GHRH',)	None	None	0	0	0	0
('release',)	None	None	0	0	0	0
('ear',)	anatomical	anatomical	5	1	5	0
('non-myelinating',)	None	None	0	2	0	0
('Vgamma2-positive',)	molecular signature	None	0	0	0	0
('meningothelial',)	anatomical	None	0	0	0	0
('arachnoid',)	None	None	0	0	0	0
('arachnoid', 'cap')	None	None	0	0	0	0
('uninucleate',)	None	None	0	0	0	0
('conidiophore',)	anatomical	None	0	0	0	0
('head',)	anatomical	None	0	0	0	0
('conidiophore', 'head')	anatomical	None	0	0	0	0
('CD141-positive',)	molecular signature	None	0	0	0	0
('Gr1-high',)	molecular signature	None	0	0	0	0
('CD14-low',)	molecular signature	None	0	0	0	0
('CD16',)	molecular signature	molecular signature	5	1	5	0
('CD16', '+')	molecular signature	molecular signature	5	5	5	0
('Gr1-positive',)	molecular signature	None	0	0	0	0
('CD43-positive',)	molecular signature	None	0	0	0	0
('CD1c-positive',)	molecular signature	None	0	0	0	0
('B/C',)	None	None	0	0	0	0
('fraction', 'B/C')	None	None	0	0	0	0
('peyer', 'patch')	anatomical	None	0	0	0	0
('gd',)	None	None	0	1	0	0
('Vgamma2-negative',)	molecular signature	None	0	0	0	0
('PaSC',)	None	None	0	0	0	0
('Vg1.1-positive',)	molecular signature	None	0	0	0	0
('Vd6.3-negative',)	molecular signature	None	0	0	0	0
('Vgamma1.1-positive',)	molecular signature	None	0	0	0	0
('Vdelta6.3-negative',)	molecular signature	None	0	0	0	0
('Vdelta6.3-positive',)	molecular signature	None	0	0	0	0
('Vg1.1+Vd6.3',)	molecular signature	None	0	0	0	0
('Vg1.1+Vd6.3', '+')	molecular signature	None	0	0	0	0
('CD3e-positive',)	molecular signature	None	0	0	0	0
('DN2a',)	None	None	0	0	0	0
('DN2b',)	None	None	0	0	0	0
('preT.ETP.Th',)	None	None	0	0	0	0
('etp',)	None	None	0	1	0	0
('T.DP.sm',)	None	None	0	0	0	0
('Th',)	None	None	0	6	0	0
('T.DP.sm', '.')	None	None	0	0	0	0
('.', 'Th')	None	None	0	0	0	0
('T.DP.sm', '.', 'Th')	None	None	0	0	0	0
('T.DPb',)	None	None	0	0	0	0
('T.DPb', '.')	None	None	0	0	0	0
('T.DPb', '.', 'Th')	None	None	0	0	0	0
('T.DP69+.Th',)	None	None	0	0	0	0
('CD69-positive',)	molecular signature	None	0	0	0	0
('T_4int8+_Th',)	None	None	0	0	0	0
('CD4-intermediate',)	molecular signature	None	0	0	0	0
('T.4int8+.Th',)	None	None	0	0	0	0
('T.4',)	None	None	0	0	0	0
('8int',)	None	None	0	0	0	0
('8int', '.')	None	None	0	0	0	0
('8int', '.', 'Th')	None	None	0	0	0	0
('CD8-intermediate',)	molecular signature	None	0	0	0	0
('T_4',)	None	None	0	0	0	0
('8int_Th',)	None	None	0	0	0	0
('single-positive',)	molecular signature	molecular signature	5	2	5	0
('semimature',)	None	None	0	0	0	0
('T.4SP24int',)	None	None	0	0	0	0
('T.4SP24int', '.')	None	None	0	0	0	0
('T.4SP24int', '.', 'Th')	None	None	0	0	0	0
('T.4SP69+.Th',)	None	None	0	0	0	0
('CD4-single-positive',)	molecular signature	None	0	0	0	0
('T.8SP24int',)	None	None	0	0	0	0
('T.8SP24int', '.')	None	None	0	0	0	0
('T.8SP24int', '.', 'Th')	None	None	0	0	0	0
('CD8-single-positive',)	molecular signature	None	0	0	0	0
('T.8SP69+.Th',)	None	None	0	0	0	0
('T.8SP24-.Th',)	None	None	0	0	0	0
('NK.sp',)	None	None	0	0	0	0
('NK.G2A+.SP',)	None	None	0	0	0	0
('NKGA2-positive',)	molecular signature	None	0	0	0	0
('NK.49D+.Sp',)	None	None	0	0	0	0
('Ly49D-positive',)	molecular signature	None	0	0	0	0
('NK.94+.Sp',)	None	None	0	0	0	0
('CD94-positive',)	molecular signature	None	0	0	0	0
('CD94-negative',)	molecular signature	None	0	0	0	0
('Ly49CI-negative',)	molecular signature	None	0	0	0	0
('Ly49I-negative',)	molecular signature	None	0	0	0	0
('CD94-', 'Ly49I-negative')	molecular signature	None	0	0	0	0
('NK.49Cl-94-.Sp',)	None	None	0	0	0	0
('Ly49I-positive',)	molecular signature	None	0	0	0	0
('Ly49CI-positive',)	molecular signature	None	0	0	0	0
('NK.49Cl+.Sp',)	None	None	0	0	0	0
('Ly49H-positive',)	molecular signature	None	0	0	0	0
('LyH49H-positive',)	molecular signature	None	0	0	0	0
('NK.49D-.Sp',)	None	None	0	0	0	0
('Ly49D-negative',)	molecular signature	None	0	0	0	0
('NK.49Cl-.Sp',)	None	None	0	0	0	0
('NK.94-.Sp',)	None	None	0	0	0	0
('LyH49H-negative',)	molecular signature	None	0	0	0	0
('Ly49H-negative',)	molecular signature	None	0	0	0	0
('NK.49Cl+94+.Sp',)	None	None	0	0	0	0
('tether',)	None	None	0	0	0	0
('double-negative',)	molecular signature	molecular signature	5	15	5	0
('11b+',)	None	None	0	0	0	0
('-', '11b+')	None	None	0	0	0	0
('DC.pDC.8-',)	None	None	0	0	0	0
('DC.pDC.8',)	None	None	0	0	0	0
('langerin-positive',)	molecular signature	None	0	0	0	0
('langerin-negative',)	molecular signature	None	0	0	0	0
('DC.8-.Th',)	None	None	0	0	0	0
('CD103-positive',)	molecular signature	None	0	0	0	0
('DC.SIRPa+.Ad',)	None	None	0	0	0	0
('SIRPa-positive',)	molecular signature	None	0	0	0	0
('DC.SIRPa-.Ad',)	None	None	0	0	0	0
('SIRPa-negative',)	molecular signature	None	0	0	0	0
('DC.11cloSer',)	None	None	0	0	0	0
('SI',)	None	None	0	0	0	0
('DC.11cloSer', '.')	None	None	0	0	0	0
('.', 'SI')	None	None	0	0	0	0
('DC.11cloSer', '.', 'SI')	None	None	0	0	0	0
('serosal',)	anatomical	None	0	0	0	0
('MDS.Gr1hi',)	molecular signature	None	0	0	0	0
('MDS.Gr1lo',)	molecular signature	None	0	0	0	0
('Mo.6C+II-',)	molecular signature	None	0	0	0	0
('MHC-II-negative',)	molecular signature	None	0	0	0	0
('Mo.6c+II',)	molecular signature	None	0	0	0	0
('MHC-II-positive',)	molecular signature	None	0	0	0	0
('Mo.6C-II-',)	molecular signature	None	0	0	0	0
('MHC-II-low',)	molecular signature	None	0	0	0	0
('Mo.6C-IIint',)	None	None	0	0	0	0
('Mo.6C-II+',)	molecular signature	None	0	0	0	0
('MHC-II-high',)	molecular signature	None	0	0	0	0
('MF.Autofl',)	None	None	0	0	0	0
('Ad',)	None	None	0	0	0	0
('MF.Autofl', '.')	None	None	0	0	0	0
('.', 'Ad')	None	None	0	0	0	0
('MF.Autofl', '.', 'Ad')	None	None	0	0	0	0
('F4/80-negative',)	molecular signature	None	0	0	0	0
('F4/80-positive',)	molecular signature	None	0	0	0	0
('MF.F480+.Ad',)	molecular signature	None	0	0	0	0
('peritubular',)	anatomical	anatomical	5	5	5	0
('myoid',)	None	None	0	3	0	0
('strial',)	None	None	0	1	0	0
('cutaneous/subcutaneous',)	anatomical	None	0	0	0	0
('CD4-CD8-',)	molecular signature	molecular signature	5	1	5	0
('neonatal',)	developmental	developmental	5	1	5	0
('D1',)	None	None	0	2	0	0
('enteric',)	anatomical	anatomical	5	9	5	0
('DC.103',)	None	None	0	0	0	0
('11b+.Lv',)	None	None	0	0	0	0
('DC.103', '-')	None	None	0	0	0	0
('-', '11b+.Lv')	None	None	0	0	0	0
('DC.103', '-', '11b+.Lv')	None	None	0	0	0	0
('CD103-negative',)	molecular signature	None	0	0	0	0
('11b-.Lv',)	None	None	0	0	0	0
('Vgamma5-positive', 'CD8-alpha')	molecular signature	None	0	0	0	0
('Vgamma5-positive', 'CD8-alpha', 'alpha')	molecular signature	None	0	0	0	0
('tgd.vg5+.IEL',)	molecular signature	None	0	0	0	0
('Vgamma5-negative',)	molecular signature	None	0	0	0	0
('tgd.vg5-.IEL',)	None	None	0	0	0	0
('interrenal',)	anatomical	None	0	0	0	0
('n', 'interrenal')	anatomical	None	0	0	0	0
('subcutaneous',)	anatomical	anatomical	5	1	5	0
('filtration',)	None	None	0	1	0	0
('mesonephric',)	anatomical	anatomical	5	1	5	0
('disseminate',)	None	None	0	1	0	0
('CD14',)	molecular signature	molecular signature	5	1	5	0
('CD14', '+')	molecular signature	molecular signature	5	4	5	0
('CD1a+',)	molecular signature	None	0	0	0	0
('CD16-mDC',)	molecular signature	None	0	0	0	0
('cervical',)	anatomical	anatomical	5	4	5	0
('cervix',)	anatomical	None	0	0	0	0
('uterine',)	anatomical	anatomical	5	7	5	0
('amnion',)	lineage	lineage	5	4	5	0
('amniotic',)	anatomical	lineage	5	10	0	5
('intrahepatic',)	anatomical	anatomical	5	5	5	0
('bile',)	None	None	0	0	0	0
('aortic',)	anatomical	anatomical	5	8	5	0
('chorionic',)	developmental	lineage	5	1	0	5
('venous',)	anatomical	anatomical	5	10	5	0
('vein',)	anatomical	anatomical	5	9	5	0
('thoracic',)	anatomical	anatomical	5	1	5	0
('aorta',)	anatomical	None	0	0	0	0
('adventitia',)	anatomical	None	0	0	0	0
('conjunctiva',)	anatomical	None	0	0	0	0
('dermis',)	anatomical	None	0	0	0	0
('gingiva',)	anatomical	None	0	0	0	0
('periodontium',)	anatomical	None	0	0	0	0
('villous',)	appearance	appearance	5	7	5	0
('root',)	anatomical	anatomical	5	6	5	0
('nucleus',)	anatomical	anatomical	5	20	5	0
('pulposus',)	anatomical	anatomical	5	3	5	0
('intervertebral',)	None	None	0	0	0	0
('intervertebral', 'disc')	None	None	0	0	0	0
('iris',)	None	None	0	1	0	0
('melanotic',)	None	None	0	0	0	0
('amelanotic',)	None	None	0	0	0	0
('jelly',)	anatomical	appearance	4	3	1	4
('wharton', "'s")	eponym	eponym	5	2	5	0
("'s", 'jelly')	anatomical	None	0	0	0	0
('umbilical',)	anatomical	anatomical	5	15	5	0
('cord',)	anatomical	anatomical	5	20	5	0
('vertebral',)	None	None	0	0	0	0
('perineurial',)	None	None	0	1	0	0
('mesenteric',)	anatomical	None	0	0	0	0
('omentum',)	anatomical	None	0	0	0	0
('perirenal',)	anatomical	None	0	0	0	0
('brachiocephalic',)	None	None	0	0	0	0
('vasculature',)	anatomical	None	0	0	0	0
('brain',)	anatomical	anatomical	5	20	5	0
('coronary',)	anatomical	anatomical	5	2	5	0
('subclavian',)	None	None	0	0	0	0
('bladder',)	anatomical	anatomical	5	6	5	0
('annulus', 'pulposus')	anatomical	None	0	0	0	0
('anulus',)	anatomical	None	0	0	0	0
('anulus', 'pulposus')	anatomical	None	0	0	0	0
('formation',)	developmental	developmental	5	1	5	0
('hippocampus',)	anatomical	None	0	0	0	0
('cerebral',)	anatomical	anatomical	5	2	5	0
('raphe',)	anatomical	appearance	5	8	0	5
('dorsal',)	anatomical	anatomical	5	16	5	0
('ventral',)	anatomical	anatomical	5	5	5	0
('striatum',)	anatomical	None	0	0	0	0
('substantia',)	anatomical	None	0	0	0	0
('nigra',)	anatomical	None	0	0	0	0
('substantia', 'nigra')	anatomical	None	0	0	0	0
('omental',)	anatomical	anatomical	5	1	5	0
('epc',)	None	None	0	6	0	0
('adult',)	developmental	developmental	5	10	5	0
('gingival',)	anatomical	anatomical	5	5	5	0
('salivary',)	anatomical	anatomical	5	5	5	0
('appendix',)	anatomical	None	0	0	0	0
('seminiferous',)	None	None	0	0	0	0
('quiescent',)	state	state	5	5	5	0
('reactive',)	None	None	0	4	0	0
('actinomycete-type',)	None	None	0	0	0	0
('upper',)	None	None	0	4	0	0
('low',)	state	state	5	7	5	0
('anal',)	anatomical	None	0	0	0	0
('anal', 'column')	anatomical	None	0	0	0	0
('inferior',)	anatomical	None	0	0	0	0
('inferior', 'part')	anatomical	None	0	0	0	0
('bronchioalveolar',)	anatomical	anatomical	5	1	5	0
('junction',)	None	None	0	0	0	0
('basc',)	None	None	0	0	0	0
('esophageal',)	anatomical	anatomical	5	5	5	0
('corneum',)	anatomical	None	0	0	0	0
('tympanic', 'part')	anatomical	None	0	0	0	0
('pharyngotympanic',)	anatomical	None	0	0	0	0
('pharyngotympanic', 'part')	anatomical	None	0	0	0	0
('stave',)	None	None	0	0	0	0
('venule',)	anatomical	None	0	0	0	0
('hev',)	None	None	0	0	0	0
('spinosum',)	None	None	0	0	0	0
('stratum', 'spinosum')	None	None	0	0	0	0
('unciliated',)	None	None	0	0	0	0
('lactiferous',)	None	None	0	0	0	0
('lobular', 'unit')	None	None	0	0	0	0
('cardiovascular',)	anatomical	anatomical	5	3	5	0
('otic',)	anatomical	anatomical	5	6	5	0
('H-',)	None	None	0	0	0	0
('H',)	None	None	0	0	0	0
('minus',)	None	None	0	0	0	0
('H', 'minus')	None	None	0	0	0	0
('plus',)	None	None	0	0	0	0
('H', 'plus')	None	None	0	0	0	0
('bistratifie',)	appearance	appearance	5	1	5	0
('G1',)	None	None	0	0	0	0
('G2',)	None	None	0	0	0	0
('G3',)	None	None	0	0	0	0
('G4',)	None	None	0	0	0	0
('G4-ON',)	None	None	0	0	0	0
('G4-OFF',)	None	None	0	0	0	0
('G5',)	variant	None	0	0	0	0
('G6',)	None	None	0	0	0	0
('G7',)	variant	None	0	0	0	0
('ON-OFF',)	state	None	0	0	0	0
('DS',)	None	None	0	0	0	0
('G8',)	variant	None	0	0	0	0
('G9',)	None	None	0	0	0	0
('G10',)	None	None	0	0	0	0
('G11',)	None	None	0	0	0	0
('G11-ON',)	None	None	0	0	0	0
('G11-OFF',)	None	None	0	0	0	0
('B3',)	None	None	0	0	0	0
('C4',)	None	None	0	0	0	0
('C5',)	variant	None	0	0	0	0
('C6',)	None	None	0	0	0	0
('C3',)	None	None	0	0	0	0
('D2',)	None	None	0	3	0	0
('M1',)	variant	variant	5	17	5	0
('M2',)	variant	variant	5	17	5	0
('M3',)	None	None	0	0	0	0
('M3-ON',)	molecular signature	None	0	0	0	0
('M3-OFF',)	None	None	0	0	0	0
('M4',)	None	None	0	0	0	0
('M5',)	None	None	0	0	0	0
('M6',)	molecular signature	None	0	0	0	0
('M7',)	variant	None	0	0	0	0
('M7-ON',)	None	None	0	0	0	0
('M7-OFF',)	None	None	0	0	0	0
('M8',)	variant	None	0	0	0	0
('M9',)	molecular signature	None	0	0	0	0
('M9-ON',)	molecular signature	None	0	0	0	0
('M9-OFF',)	None	None	0	0	0	0
('M10',)	molecular signature	None	0	0	0	0
('M11',)	molecular signature	None	0	0	0	0
('M12',)	molecular signature	None	0	0	0	0
('M13',)	None	None	0	0	0	0
('M14',)	molecular signature	None	0	0	0	0
('long-wavelength',)	stimulus	None	0	0	0	0
('wavelength',)	stimulus	None	0	0	0	0
('long', 'wavelength')	stimulus	None	0	0	0	0
('wavelength', 'sensitive')	stimulus	None	0	0	0	0
('long', 'wavelength', 'sensitive')	stimulus	None	0	0	0	0
('long-',)	None	None	0	0	0	0
('wavelength-sensitive',)	stimulus	None	0	0	0	0
('L-cone',)	None	None	0	0	0	0
('middle-wavelength-sensitive',)	stimulus	None	0	0	0	0
('middle', 'wavelength')	stimulus	None	0	0	0	0
('middle', 'wavelength', 'sensitive')	stimulus	None	0	0	0	0
('middle-',)	None	None	0	0	0	0
('M-cone',)	None	None	0	0	0	0
('short-wavelength-sensitive',)	stimulus	None	0	0	0	0
('short-',)	None	None	0	0	0	0
('short-wavelength',)	stimulus	stimulus	5	1	5	0
('short-wavelength', 'sensitive')	stimulus	None	0	0	0	0
('short', 'wavelength')	stimulus	None	0	0	0	0
('short', 'wavelength', 'sensitive')	stimulus	None	0	0	0	0
('S-(short-wavelength',)	stimulus	None	0	0	0	0
('S-(short-wavelength', 'sensitive')	stimulus	None	0	0	0	0
('local',)	None	None	0	1	0	0
('B4',)	None	None	0	0	0	0
('A1',)	None	None	0	4	0	0
('C1',)	None	None	0	2	0	0
('C2',)	None	None	0	1	0	0
('A2',)	None	None	0	3	0	0
('510',)	stimulus	None	0	0	0	0
('360',)	variant	None	0	0	0	0
('3a',)	variant	None	0	0	0	0
('3b',)	None	None	0	0	0	0
('5a',)	variant	variant	5	1	5	0
('5b',)	variant	None	0	0	0	0
('H1',)	None	None	0	0	0	0
('H2',)	None	None	0	0	0	0
('flag',)	None	None	0	0	0	0
('flag', 'A')	None	None	0	0	0	0
('flag', 'B')	None	None	0	0	0	0
('AB',)	None	None	0	0	0	0
('diffuse-1',)	None	None	0	0	0	0
('AB', 'diffuse-1')	None	None	0	0	0	0
('diffuse-2',)	None	None	0	0	0	0
('AB', 'diffuse-2')	None	None	0	0	0	0
('spider',)	None	None	0	0	0	0
('monostratifie',)	None	None	0	0	0	0
('flat',)	appearance	appearance	5	1	5	0
('broad',)	None	None	0	0	0	0
('diffuse',)	None	None	0	0	0	0
('broad', 'diffuse')	None	None	0	0	0	0
('A2-like',)	None	None	0	0	0	0
('recurve',)	None	None	0	0	0	0
('recurve', 'diffuse')	None	None	0	0	0	0
('starburst',)	appearance	appearance	5	3	5	0
('DAPI-3',)	None	None	0	0	0	0
('multistratified',)	None	None	0	0	0	0
('diffuse', 'multistratified')	None	None	0	0	0	0
('AB', 'broad')	None	None	0	0	0	0
('broad', 'diffuse-1')	None	None	0	0	0	0
('AB', 'broad', 'diffuse-1')	None	None	0	0	0	0
('broad', 'diffuse-2')	None	None	0	0	0	0
('AB', 'broad', 'diffuse-2')	None	None	0	0	0	0
('fountain',)	None	None	0	0	0	0
('asymmetric',)	None	None	0	0	0	0
('bistratified',)	None	None	0	0	0	0
('asymmetric', 'bistratified')	None	None	0	0	0	0
('wavy',)	None	None	0	0	0	0
('WF1',)	None	None	0	0	0	0
('WF2',)	None	None	0	0	0	0
('WF3',)	None	None	0	0	0	0
('WF3', '-')	None	None	0	0	0	0
('WF4',)	None	None	0	0	0	0
('indoleamine-accumulating',)	molecular signaling	None	0	0	0	0
('narrow',)	None	None	0	0	0	0
('field',)	None	None	0	0	0	0
('narrow', 'field')	None	None	0	0	0	0
('medium',)	anatomical	developmental	4	4	0	5
('wide',)	appearance	None	0	0	0	0
('Kolmer-Agduhr',)	eponym	None	0	0	0	0
('KA',)	eponym	None	0	0	0	0
('macular',)	None	None	0	0	0	0
('A-IC',)	None	None	0	0	0	0
('alpha-intercalated',)	None	None	0	0	0	0
('multi-ciliated',)	None	None	0	0	0	0
('ghrelin',)	molecular signaling	molecular signaling	5	1	5	0
('ghrelin', 'secreting')	molecular signaling	None	0	0	0	0
('epsilon',)	None	None	0	0	0	0
('branchiomotor',)	None	None	0	0	0	0
('special',)	None	None	0	0	0	0
('branchi',)	None	None	0	0	0	0
('somatomotor',)	None	None	0	0	0	0
('visceromotor',)	None	None	0	0	0	0
('skeletogenic',)	None	None	0	0	0	0
('premigratory',)	developmental	developmental	5	1	5	0
('notochordal',)	lineage	anatomical	5	1	0	5
('chordamesodermal',)	anatomical	None	0	0	0	0
('axial',)	None	None	0	0	0	0
('notochordal', 'sheath')	anatomical	None	0	0	0	0
('vacuole',)	None	None	0	0	0	0
('adaxial',)	None	None	0	0	0	0
('stiftchenzellen',)	eponym	None	0	0	0	0
('bottle',)	None	None	0	0	0	0
('zebrafish',)	None	None	0	0	0	0
('alarm',)	None	None	0	0	0	0
('substance',)	None	None	0	0	0	0
('alarm', 'substance')	None	None	0	0	0	0
('micropylar',)	None	None	0	0	0	0
('plug',)	None	None	0	0	0	0
('flask',)	None	None	0	0	0	0
('non-striated',)	None	None	0	0	0	0
('founder',)	None	None	0	0	0	0
('transversely',)	None	None	0	0	0	0
('myogenic',)	lineage	lineage	5	5	5	0
('lateral',)	anatomical	anatomical	5	4	5	0
('lateral', 'line')	anatomical	None	0	0	0	0
('open',)	None	None	0	0	0	0
('system',)	None	None	0	2	0	0
('visual',)	None	None	0	0	0	0
('visual', 'system')	None	None	0	0	0	0
('rosehip',)	None	None	0	0	0	0
('mural',)	appearance	eponym	5	9	0	5
('microcirculation',)	anatomical	None	0	0	0	0
('extravillous',)	anatomical	appearance	4	12	1	4
('evt',)	None	None	0	2	0	0
('fusimotor',)	None	None	0	0	0	0
('gamma',)	None	None	0	1	0	0
('myofibra',)	None	None	0	0	0	0
('extrafusalis',)	anatomical	None	0	0	0	0
('extrafusal',)	anatomical	None	0	0	0	0
('intrafusal',)	None	None	0	0	0	0
('intrafusalis',)	anatomical	None	0	0	0	0
('betz',)	None	None	0	2	0	0
('larval',)	lineage	None	0	0	0	0
('midgut',)	anatomical	None	0	0	0	0
('larval', 'midgut')	anatomical	None	0	0	0	0
('paneth-like',)	None	None	0	0	0	0
('transit', 'amplify')	developmental	role	5	4	0	5
('transient',)	state	state	5	4	5	0
('amplify',)	None	None	0	3	0	0
('transit-amplifying',)	developmental	developmental	5	2	5	0
('hepatobiliary',)	anatomical	None	0	0	0	0
('hybrid',)	None	None	0	3	0	0
('HHyP',)	None	None	0	0	0	0
('nephrogenic', 'niche')	anatomical	None	0	0	0	0
('vermiformis',)	None	None	0	0	0	0
('vermiform',)	appearance	None	0	0	0	0
('anorectum',)	anatomical	None	0	0	0	0
('paracortex',)	anatomical	None	0	0	0	0
('vacuolate',)	None	None	0	0	0	0
('fetal-type',)	None	None	0	0	0	0
('vacuolate', 'fetal-type')	None	None	0	0	0	0
('CD8aa(I',)	None	None	0	0	0	0
('CD8aa(II',)	molecular signature	None	0	0	0	0
('corticomedullary',)	anatomical	None	0	0	0	0
('myo-medullary',)	None	None	0	0	0	0
('neuro-medullary',)	anatomical	None	0	0	0	0
('capsular',)	anatomical	None	0	0	0	0
('interlobular',)	None	None	0	0	0	0
('specify',)	None	None	0	0	0	0
('homo',)	None	None	0	0	0	0
('sapien',)	None	None	0	0	0	0
('homo', 'sapien')	None	None	0	0	0	0
('commit',)	None	None	0	2	0	0
('rearrange',)	None	None	0	0	0	0
('hill',)	eponym	None	0	0	0	0
('–', 'hill')	eponym	None	0	0	0	0
('unit', '–', 'hill')	eponym	None	0	0	0	0
('CFU-Hill',)	None	None	0	0	0	0
('fuse',)	None	None	0	0	0	0
('fuse', 'evt')	None	None	0	0	0	0
('angiogenic',)	anatomical	lineage	4	3	0	5
('ecfc',)	None	None	0	1	0	0
('placenta',)	anatomical	anatomical	5	2	5	0
('portal',)	anatomical	anatomical	5	5	5	0
('non-keratinizing',)	None	None	0	0	0	0
('non-keratinized',)	None	None	0	0	0	0
('fibro/adipogenic',)	None	None	0	1	0	0
('fibroblastic',)	lineage	lineage	5	7	5	0
('domain',)	None	None	0	0	0	0
('ceiling',)	None	None	0	0	0	0
('floor',)	None	None	0	0	0	0
('trabeculae',)	None	None	0	0	0	0
('trabecula',)	None	None	0	0	0	0
('monocytoid',)	lineage	None	0	0	0	0
('AV',)	anatomical	None	0	0	0	0
('AV', 'bundle')	anatomical	anatomical	5	1	5	0
('atrioventricular',)	anatomical	None	0	0	0	0
('atrioventricular', 'bundle')	anatomical	None	0	0	0	0
('His-Purkinje',)	anatomical	None	0	0	0	0
('His-Purkinje', 'system')	anatomical	None	0	0	0	0
('camera',)	None	None	0	0	0	0
('camera-type',)	None	None	0	0	0	0
('coronet',)	None	None	0	0	0	0
('collar',)	None	None	0	0	0	0
('horn',)	None	None	0	5	0	0
('motor',)	None	None	0	3	0	0
('column',)	None	None	0	3	0	0
('motor', 'column')	None	None	0	1	0	0
('magnocellular',)	appearance	None	0	0	0	0
('neurosecretory',)	None	None	0	0	0	0
('len', 'fiber')	anatomical	appearance	5	1	0	5
('lugaro',)	None	None	0	1	0	0
('paraxial',)	anatomical	None	0	0	0	0
('somitic',)	None	None	0	0	0	0
('non-motile',)	appearance	None	0	0	0	0
('flagellate',)	None	None	0	0	0	0
('vagal',)	anatomical	anatomical	5	1	5	0
('–',)	None	None	0	0	0	0
('inducer',)	role	role	5	4	5	0
('LTi',)	None	None	0	1	0	0
('epicardium',)	anatomical	None	0	0	0	0
('back',)	None	None	0	0	0	0
('upper', 'back')	None	None	0	0	0	0
('CD25', '+')	molecular signature	molecular signature	5	1	5	0
('DN',)	None	None	0	2	0	0
('tex',)	None	None	0	7	0	0
('exhausted',)	None	None	0	17	0	0
('skeleton',)	anatomical	None	0	0	0	0
('ensheathing',)	None	None	0	7	0	0
('oec',)	None	None	0	0	0	0
('dmec',)	None	None	0	0	0	0
('microvascular',)	anatomical	anatomical	5	10	5	0
('endothelium',)	lineage	lineage	5	7	5	0
('MDDC',)	None	None	0	0	0	0
('monocyte-derived',)	lineage	lineage	5	7	5	0
('lysosome-rich',)	molecular signature	None	0	0	0	0
('lre',)	None	None	0	0	0	0
('galanergic',)	None	None	0	0	0	0
('parasympathetic',)	molecular signaling	molecular signaling	5	4	5	0
('sympathetic',)	anatomical	molecular signaling	5	9	0	5
('interplexiform',)	anatomical	None	0	0	0	0
('dopamanergic',)	molecular signaling	None	0	0	0	0
('GABAnergic',)	molecular signaling	None	0	0	0	0
('orexin',)	molecular signaling	molecular signaling	5	1	5	0
('hypocretin-secreting',)	molecular signaling	None	0	0	0	0
('histaminergic',)	molecular signaling	None	0	0	0	0
('gonadotropin-releasing',)	molecular signaling	molecular signaling	5	2	5	0
('GnRH-secreting',)	molecular signaling	None	0	0	0	0
('GnRH',)	molecular signaling	None	0	0	0	0
('spiral', 'ganglion')	anatomical	appearance	3	2	0	5
('segment',)	appearance	anatomical	5	1	0	5
('forebrain',)	anatomical	anatomical	5	6	5	0
('splanchnic',)	anatomical	anatomical	5	1	5	0
('urethra',)	anatomical	None	0	0	0	0
('AS',)	None	None	0	0	0	0
('AS', 'DC')	None	None	0	0	0	0
('Axl+',)	molecular signature	molecular signature	5	1	5	0
('hillock',)	appearance	eponym	5	1	0	5
('urethral',)	anatomical	None	0	0	0	0
('lung-resident',)	None	None	0	2	0	0
('rEos',)	molecular signature	None	0	0	0	0
('parenchyma',)	anatomical	None	0	0	0	0
('extrahepatic',)	anatomical	None	0	0	0	0
('periportal',)	anatomical	anatomical	5	4	5	0
('sinusoidal',)	appearance	appearance	5	18	5	0
('periportal', 'lsec')	anatomical	None	0	0	0	0
('pericentral',)	anatomical	anatomical	5	4	5	0
('lsec',)	None	None	0	0	0	0
('periportal', 'region')	anatomical	None	0	0	0	0
('midzonal',)	None	None	0	1	0	0
('midzonal', 'region')	anatomical	None	0	0	0	0
('centrilobular', 'region')	anatomical	None	0	0	0	0
('centrilobular',)	None	None	0	0	0	0
('retrotrapezoid',)	None	None	0	0	0	0
('nephron',)	anatomical	anatomical	5	6	5	0
('keratinized',)	None	None	0	0	0	0
('stratify', 'keratinized')	None	None	0	0	0	0
('non',)	None	None	0	0	0	0
('stratify', 'non')	None	None	0	0	0	0
('non', 'keratinize')	None	None	0	0	0	0
('stratify', 'non', 'keratinize')	None	None	0	0	0	0
('pronephric',)	anatomical	None	0	0	0	0
('valve',)	anatomical	anatomical	5	8	5	0
('plate',)	appearance	appearance	5	1	5	0
('trophectoderm',)	lineage	lineage	5	3	5	0
('trophectodermal',)	lineage	None	0	0	0	0
('duodenum',)	anatomical	anatomical	5	1	5	0
('jejunum',)	anatomical	None	0	0	0	0
('ileum',)	anatomical	None	0	0	0	0
('cecum',)	anatomical	None	0	0	0	0
('ascend',)	None	None	0	4	0	0
('transverse',)	None	None	0	0	0	0
('descend',)	None	None	0	1	0	0
('sigmoid',)	anatomical	None	0	0	0	0
('rectum',)	anatomical	None	0	0	0	0
('septal', 'branch')	anatomical	None	0	0	0	0
('middle',)	None	None	0	0	0	0
('dura',)	anatomical	anatomical	5	1	5	0
('dura', 'mater')	anatomical	None	0	0	0	0
('capsule',)	anatomical	None	0	0	0	0
('subepithelial',)	anatomical	None	0	0	0	0
('papillary',)	None	None	0	0	0	0
('layer',)	anatomical	appearance	5	14	0	5
('areolar',)	None	None	0	0	0	0
('nonglandular',)	None	None	0	0	0	0
('part',)	None	None	0	0	0	0
('nonglandular', 'part')	None	None	0	0	0	0
('tunica',)	anatomical	None	0	0	0	0
('dense',)	None	None	0	0	0	0
('elastic',)	None	None	0	0	0	0
('ureter',)	anatomical	None	0	0	0	0
('epicardial',)	anatomical	anatomical	5	4	5	0
('right',)	None	None	0	0	0	0
('left',)	None	None	0	0	0	0
('villus',)	None	None	0	1	0	0
('pyloric',)	anatomical	None	0	0	0	0
('duodenal',)	anatomical	None	0	0	0	0
('jejunal',)	anatomical	None	0	0	0	0
('ileal',)	anatomical	None	0	0	0	0
('interatrial', 'septum')	anatomical	None	0	0	0	0
('interventricular', 'septum')	anatomical	None	0	0	0	0
('division',)	None	None	0	0	0	0
('left', 'branch')	None	None	0	0	0	0
('septal', 'division')	None	None	0	0	0	0
('right', 'branch')	None	None	0	0	0	0
('dense-core',)	None	None	0	0	0	0
('granulated',)	None	None	0	0	0	0
('dense-core', 'granulated')	None	None	0	0	0	0
('stato-acoustic',)	None	None	0	0	0	0
('macula',)	None	None	0	0	0	0
('utricle',)	anatomical	None	0	0	0	0
('saccule',)	None	None	0	0	0	0
('crista',)	None	None	0	0	0	0
('ampulla',)	anatomical	None	0	0	0	0
('semicircular',)	None	None	0	0	0	0
('eyelid',)	anatomical	None	0	0	0	0
('wolff',)	None	None	0	0	0	0
('intralobular',)	None	None	0	0	0	0
('intralobular', 'lactiferous')	None	None	0	0	0	0
('sinoatrial', 'node')	anatomical	eponym	4	1	1	4
('SA', 'node')	anatomical	None	0	0	0	0
('sinuatrial',)	anatomical	None	0	0	0	0
('sinuatrial', 'node')	anatomical	None	0	0	0	0
('SA', 'nodal')	anatomical	None	0	0	0	0
('atrioventricular', 'node')	anatomical	None	0	0	0	0
('AV', 'nodal')	anatomical	None	0	0	0	0
('AV', 'node')	anatomical	None	0	0	0	0
('arteriole',)	anatomical	None	0	0	0	0
('arterial',)	anatomical	anatomical	5	9	5	0
('gallbladder',)	anatomical	anatomical	5	1	5	0
('para-aortic',)	anatomical	None	0	0	0	0
('paraaortic',)	anatomical	None	0	0	0	0
('paraganglion',)	molecular signaling	None	0	0	0	0
('conjunctival',)	anatomical	anatomical	5	6	5	0
('lacrimal',)	None	None	0	0	0	0
('canaliculus',)	None	None	0	0	0	0
('lacrimal', 'canaliculus')	None	None	0	0	0	0
('meatus',)	anatomical	None	0	0	0	0
('acoustic', 'meatus')	anatomical	None	0	0	0	0
('drainage',)	None	None	0	0	0	0
('lacrimal', 'drainage')	None	None	0	0	0	0
('drainage', 'system')	None	None	0	0	0	0
('lacrimal', 'drainage', 'system')	None	None	0	0	0	0
('sac',)	None	None	0	1	0	0
('lacrimal', 'sac')	None	None	0	0	0	0
('nasolacrimal',)	anatomical	None	0	0	0	0
('wall',)	anatomical	None	0	0	0	0
('trigone',)	None	None	0	0	0	0
('urinary',)	anatomical	anatomical	5	3	5	0
('vesical',)	None	None	0	0	0	0
('vesical', 'trigone')	None	None	0	0	0	0
('dilator',)	None	None	0	0	0	0
('pupillae',)	None	None	0	0	0	0
('dilator', 'pupillae')	None	None	0	0	0	0
('germinativum',)	None	None	0	0	0	0
('stratum', 'germinativum')	None	None	0	0	0	0
('bowman',)	eponym	None	0	0	0	0
('bowman', "'s")	eponym	None	0	0	0	0
("'s", 'capsule')	anatomical	None	0	0	0	0
('bowman', "'s", 'capsule')	anatomical	None	0	0	0	0
('bowman', 'capsule')	anatomical	None	0	0	0	0
('collect',)	None	None	0	8	0	0
('peritoneum',)	anatomical	None	0	0	0	0
('main',)	None	None	0	1	0	0
('main', 'lactiferous')	None	None	0	0	0	0
('tertiary',)	None	None	0	0	0	0
('tertiary', 'lactiferous')	None	None	0	0	0	0
('quarternary',)	None	None	0	0	0	0
('quarternary', 'lactiferous')	None	None	0	0	0	0
('transitinal',)	None	None	0	0	0	0
('urothelium',)	anatomical	None	0	0	0	0
('pleura',)	anatomical	None	0	0	0	0
('pelvi',)	None	None	0	0	0	0
('papillary', 'tip')	None	None	0	0	0	0
('ureteral',)	anatomical	None	0	0	0	0
('corpuscule',)	anatomical	None	0	0	0	0
('juxtaglomerulus',)	anatomical	None	0	0	0	0
('juxtaglomerular',)	anatomical	None	0	0	0	0
('juxtaglomerular', 'complex')	anatomical	None	0	0	0	0
('intraglomerular',)	None	None	0	0	0	0
('connect', 'tubule')	anatomical	appearance	5	6	0	5
('convolute',)	appearance	appearance	5	6	5	0
('straight',)	None	None	0	2	0	0
('densa',)	None	None	0	0	0	0
('macula', 'densa')	None	None	0	0	0	0
('loop',)	appearance	appearance	5	8	5	0
('henle',)	anatomical	eponym	5	6	0	5
('limb',)	anatomical	anatomical	5	7	5	0
('vasa',)	anatomical	None	0	0	0	0
('recta',)	anatomical	None	0	0	0	0
('vasa', 'recta')	anatomical	None	0	0	0	0
('thick',)	appearance	appearance	5	3	5	0
('thin',)	None	None	0	2	0	0
('thin', 'ascend')	None	None	0	0	0	0
('thin', 'descend')	None	None	0	0	0	0
('vasa', 'recta', 'ascend')	anatomical	None	0	0	0	0
('arcuate', 'artery')	anatomical	None	0	0	0	0
('arcuate',)	None	None	0	1	0	0
('interlobulary',)	None	None	0	0	0	0
('vasa', 'recta', 'descend')	anatomical	None	0	0	0	0
('periglomerular',)	anatomical	None	0	0	0	0
('glomerularal',)	None	None	0	0	0	0
('hair-tylotrich',)	None	None	0	0	0	0
('hair-down',)	None	None	0	0	0	0
('proprioceptive',)	None	None	0	0	0	0
('striatal',)	anatomical	anatomical	5	7	5	0
('spiny',)	appearance	appearance	5	15	5	0
('gamma-aminobutyric',)	molecular signaling	None	0	0	0	0
('gamma-aminobutyric', 'acid')	molecular signaling	None	0	0	0	0
('acid', 'ergic')	molecular signaling	None	0	0	0	0
('gamma-aminobutyric', 'acid', 'ergic')	molecular signaling	None	0	0	0	0
('(GABA)ergic',)	molecular signaling	None	0	0	0	0
('acid', '(GABA)ergic')	molecular signaling	None	0	0	0	0
('gamma-aminobutyric', 'acid', '(GABA)ergic')	molecular signaling	None	0	0	0	0
('mitral',)	anatomical	anatomical	5	2	5	0
('tufte',)	None	None	0	0	0	0
('parvocellular',)	None	None	0	0	0	0
('parvocellular', 'neurosecretory')	None	None	0	0	0	0
('glycinergic',)	molecular signaling	molecular signaling	5	4	5	0
('vomeronasal',)	anatomical	anatomical	5	1	5	0
('nasopharyngeal',)	anatomical	None	0	0	0	0
('tonsil',)	None	None	0	3	0	0
('vagina',)	anatomical	None	0	0	0	0
('epididymis',)	None	None	0	0	0	0
('oviduct',)	anatomical	None	0	0	0	0
('gall',)	None	None	0	0	0	0
('seminal',)	None	None	0	0	0	0
('vesicle',)	None	None	0	1	0	0
('seminal', 'vesicle')	None	None	0	0	0	0
('foreskin',)	anatomical	None	0	0	0	0
('articular',)	anatomical	anatomical	5	3	5	0
('BJ',)	None	None	0	0	0	0
('decidualize',)	lineage	None	0	0	0	0
('decidua',)	lineage	lineage	5	1	5	0
('knee',)	anatomical	anatomical	5	1	5	0
('joint',)	None	None	0	0	0	0
('pedal',)	anatomical	None	0	0	0	0
('digit',)	anatomical	None	0	0	0	0
('pedal', 'digit')	anatomical	None	0	0	0	0
('abdoman',)	None	None	0	0	0	0
('leg',)	anatomical	None	0	0	0	0
('arm',)	None	None	0	0	0	0
('peridontal',)	anatomical	None	0	0	0	0
('mass',)	None	None	0	1	0	0
('septum',)	None	None	0	0	0	0
('medial',)	anatomical	anatomical	5	5	5	0
('hypothalamus',)	anatomical	anatomical	5	1	5	0
('PNS',)	None	None	0	1	0	0
('peripheral', 'nervous', 'system')	anatomical	anatomical	5	2	5	0
('brainstem',)	anatomical	anatomical	5	1	5	0
('pit',)	None	None	0	3	0	0
('meynert',)	None	None	0	0	0	0
('femural',)	None	None	0	0	0	0
('calvarial',)	anatomical	None	0	0	0	0
('vCTB',)	None	None	0	0	0	0
('pericardium',)	anatomical	None	0	0	0	0
('optic',)	None	None	0	0	0	0
('hindlimb',)	anatomical	None	0	0	0	0
('stylopod',)	anatomical	None	0	0	0	0
('pectoralis',)	None	None	0	0	0	0
('major',)	None	None	0	6	0	0
('pectoralis', 'major')	None	None	0	0	0	0
('major', 'striated')	None	None	0	0	0	0
('pectoralis', 'major', 'striated')	None	None	0	0	0	0
('femoral',)	anatomical	None	0	0	0	0
('abdominal',)	anatomical	None	0	0	0	0
('face',)	anatomical	None	0	0	0	0
('scalp',)	anatomical	None	0	0	0	0
('neocortex',)	anatomical	None	0	0	0	0
('dentate', 'gyrus')	anatomical	anatomical	5	3	5	0
('ammon',)	None	None	0	0	0	0
('ammon', "'s")	None	None	0	0	0	0
("'s", 'horn')	None	None	0	0	0	0
('ammon', "'s", 'horn')	None	None	0	0	0	0
('cavity',)	None	None	0	0	0	0
('midbrain',)	anatomical	anatomical	5	3	5	0
('hofbauer',)	eponym	eponym	5	1	5	0
('static',)	None	None	0	0	0	0
('static', 'beta')	None	None	0	0	0	0
('dynamic',)	None	None	0	0	0	0
('dynamic', 'beta')	None	None	0	0	0	0
('nuclear',)	None	None	0	3	0	0
('chain',)	None	None	0	0	0	0
('nuclear', 'chain')	None	None	0	0	0	0
('bag',)	None	None	0	0	0	0
('nuclear', 'bag')	None	None	0	0	0	0
('bag1',)	None	None	0	0	0	0
('nuclear', 'bag1')	None	None	0	0	0	0
('bag1', 'intrafusal')	None	None	0	0	0	0
('nuclear', 'bag1', 'intrafusal')	None	None	0	0	0	0
('dynamic', 'nuclear')	None	None	0	0	0	0
('dynamic', 'nuclear', 'bag')	None	None	0	0	0	0
('static', 'nuclear')	None	None	0	0	0	0
('static', 'nuclear', 'bag')	None	None	0	0	0	0
('bag2',)	None	None	0	0	0	0
('nuclear', 'bag2')	None	None	0	0	0	0
('bag2', 'intrafusal')	None	None	0	0	0	0
('nuclear', 'bag2', 'intrafusal')	None	None	0	0	0	0
('L2/3',)	None	None	0	2	0	0
('vip',)	molecular signaling	molecular signaling	5	1	5	0
('mmus',)	species	None	0	0	0	0
('Mus',)	species	None	0	0	0	0
('Mus', 'musculus')	species	None	0	0	0	0
('intratelencephalic-projecting',)	anatomical	None	0	0	0	0
('IT',)	None	None	0	0	0	0
('ET',)	None	None	0	0	0	0
('projecting',)	None	None	0	1	0	0
('ET', 'projecting')	None	None	0	0	0	0
('extratelencephalic-projecting',)	anatomical	None	0	0	0	0
('alpha7',)	None	None	0	0	0	0
('A7',)	variant	None	0	0	0	0
('lamp5',)	molecular signature	None	0	0	0	0
('NP',)	None	None	0	1	0	0
('near-projecting',)	None	None	0	1	0	0
('corticothalamic-projecting',)	anatomical	None	0	0	0	0
('CT',)	None	None	0	2	0	0
('CT', 'projecting')	None	None	0	0	0	0
('L5',)	None	None	0	1	0	0
('sncg',)	None	None	0	0	0	0
('sst',)	molecular signaling	None	0	0	0	0
('pvalb',)	None	None	0	1	0	0
('cck',)	molecular signaling	None	0	0	0	0
('L5/6', 'cck')	molecular signaling	None	0	0	0	0
('L5/6', 'CCK')	molecular signaling	None	0	0	0	0
('dynamic', 'gamma')	None	None	0	0	0	0
('static', 'gamma')	None	None	0	0	0	0
('canopy', 'lamp5')	molecular signature	None	0	0	0	0
('Lamp5',)	molecular signature	molecular signature	5	1	5	0
('NGC', 'Lamp5')	molecular signature	None	0	0	0	0
('L5,6', 'NGC', 'Lamp5')	molecular signature	None	0	0	0	0
('L5,6',)	None	None	0	0	0	0
('long-range',)	None	None	0	0	0	0
('project',)	role	role	4	5	4	1
('LP',)	None	None	0	0	0	0
('SST',)	molecular signaling	None	0	0	0	0
('dSPN',)	None	None	0	0	0	0
('direct',)	None	None	0	0	0	0
('pathway',)	None	None	0	0	0	0
('direct', 'pathway')	None	None	0	0	0	0
('D1-MSN',)	None	None	0	0	0	0
('dopamine',)	molecular signaling	molecular signaling	5	4	5	0
('T-Martinotti',)	eponym	None	0	0	0	0
('sst', 'T-Martinotti')	molecular signaling	None	0	0	0	0
('martinotti',)	eponym	eponym	5	2	5	0
('L5', 'T')	None	None	0	0	0	0
('non-Martinotti',)	variant	None	0	0	0	0
('indirect',)	None	None	0	0	0	0
('indirect', 'pathway')	None	None	0	0	0	0
('iSPN',)	None	None	0	0	0	0
('D2-MSN',)	None	None	0	0	0	0
('L2/3/5',)	None	None	0	0	0	0
('fan',)	None	None	0	0	0	0
('L2/3/5', 'fan')	None	None	0	0	0	0
('L4',)	None	None	0	1	0	0
('ON',)	None	None	0	5	0	0
('off',)	state	state	5	3	5	0
('ganglionic',)	anatomical	appearance	3	5	0	5
('eminence',)	anatomical	anatomical	5	2	5	0
('LGE-derived',)	disease	None	0	0	0	0
('chandelier',)	appearance	eponym	5	1	0	5
('PV',)	None	None	0	1	0	0
('L6b',)	None	None	0	0	0	0
('amygdala',)	None	None	0	1	0	0
('excitatory',)	role	role	5	30	5	0
('intratelencephalic',)	anatomical	anatomical	5	3	5	0
('L2/3', '-')	None	None	0	0	0	0
('IT', 'projecting')	None	None	0	0	0	0
('tract-like',)	None	None	0	0	0	0
('PT-l',)	None	None	0	0	0	0
('thick-tufted',)	None	None	0	0	0	0
('TTL5',)	molecular signature	None	0	0	0	0
('extratelencephalic',)	anatomical	anatomical	5	1	5	0
('burst-firing',)	None	None	0	0	0	0
('L6',)	None	None	0	0	0	0
('L6', 'CT')	None	None	0	0	0	0
('L5/6',)	None	None	0	1	0	0
('L5/6', 'NP')	None	None	0	0	0	0
('L5/6', 'near-projecting')	None	None	0	0	0	0
('MOp',)	None	None	0	0	0	0
('NP', 'MOp')	None	None	0	0	0	0
('L5/6', 'NP', 'MOp')	None	None	0	0	0	0
('non-MY',)	None	None	0	0	0	0
('non-MY', 'ET')	None	None	0	0	0	0
('ET', 'MOp')	None	None	0	0	0	0
('non-MY', 'ET', 'MOp')	None	None	0	0	0	0
('non-medulla',)	None	None	0	0	0	0
('medulla-projecting',)	anatomical	None	0	0	0	0
('MY',)	None	None	0	0	0	0
('MY', 'ET')	None	None	0	0	0	0
('medulla-projecting', 'extratelencephalic-projecting')	role	None	0	0	0	0
('MY', 'ET', 'MOp')	None	None	0	0	0	0
('subplate',)	None	None	0	2	0	0
('L6b', 'subplate')	None	None	0	0	0	0
('L2/3', 'IT')	None	None	0	0	0	0
('IT', 'MOp')	None	None	0	0	0	0
('L2/3', 'IT', 'MOp')	None	None	0	0	0	0
('L4/5',)	None	None	0	0	0	0
('L4/5', 'IT')	None	None	0	0	0	0
('L4/5', 'IT', 'MOp')	None	None	0	0	0	0
('L5', 'IT')	None	None	0	0	0	0
('L5', 'IT', 'MOp')	None	None	0	0	0	0
('L6', 'IT')	None	None	0	0	0	0
('L6', 'IT', 'MOp')	None	None	0	0	0	0
('VLMC',)	None	None	0	1	0	0
('betz', 'upper')	None	None	0	0	0	0
('synapse',)	None	None	0	0	0	0
('synapse', 'betz')	None	None	0	0	0	0
('CT', 'VAL/VM')	molecular signature	None	0	0	0	0
('corticothalamic',)	anatomical	molecular signaling	4	3	1	4
('VAL/VM',)	None	None	0	0	0	0
('leptomeninx',)	None	None	0	0	0	0
('cop',)	None	None	0	0	0	0
('differentiation-committed',)	None	None	0	0	0	0
('CA1',)	None	None	0	4	0	0
('CA1', '-')	None	None	0	0	0	0
('CA4',)	None	None	0	0	0	0
('mge',)	None	None	0	1	0	0
('caudal',)	anatomical	anatomical	5	2	5	0
('meis2',)	None	None	0	0	0	0
('express',)	molecular signature	state	5	14	0	5
('thalamic',)	anatomical	anatomical	5	3	5	0
('mammillary',)	None	None	0	0	0	0
('Th+',)	None	None	0	1	0	0
('L6', 'Th+')	None	None	0	0	0	0
('hydroxylase', 'positive')	molecular signature	None	0	0	0	0
('positive', 'sst')	molecular signature	None	0	0	0	0
('tyrosine', 'hydroxylase', 'positive')	molecular signature	None	0	0	0	0
('hydroxylase', 'positive', 'sst')	molecular signature	None	0	0	0	0
('th', 'sst')	molecular signaling	None	0	0	0	0
('bitufte',)	None	None	0	0	0	0
('midbrain-derived',)	anatomical	None	0	0	0	0
('inverted',)	None	None	0	0	0	0
('inverted', 'L6')	None	None	0	0	0	0
('inverted', 'L6', 'IT')	None	None	0	0	0	0
('T-shaped',)	None	None	0	0	0	0
('fanning-out',)	None	None	0	0	0	0
('nest',)	None	None	0	0	0	0
('untufte',)	None	None	0	0	0	0
('arachnoid', 'barrier')	None	None	0	2	0	0
('RSN',)	None	None	0	0	0	0
('reticulospinal',)	anatomical	anatomical	5	1	5	0
('oxytocin-secreting',)	molecular signaling	None	0	0	0	0
('vasopressin-secreting',)	molecular signaling	None	0	0	0	0
('bouton',)	None	None	0	0	0	0
('calyx',)	None	None	0	0	0	0
('morphology', 'sst')	molecular signaling	None	0	0	0	0
('dACs',)	None	None	0	0	0	0
('displaced',)	None	None	0	0	0	0
('sst', 'chodl')	molecular signaling	None	0	0	0	0
('kisspeptin',)	molecular signaling	None	0	0	0	0
('neurokinin',)	molecular signaling	None	0	0	0	0
('dynorphin',)	None	None	0	0	0	0
('neurokinin', 'B')	molecular signaling	None	0	0	0	0
('KNDy',)	eponym	None	0	0	0	0
('arcuate', 'nucleus')	anatomical	variant	5	3	0	5
('periventricular',)	anatomical	anatomical	5	1	5	0
('third',)	None	None	0	0	0	0
('rostral', 'periventricular')	anatomical	None	0	0	0	0
('periventricular', 'region')	anatomical	None	0	0	0	0
('rostral', 'periventricular', 'region')	anatomical	None	0	0	0	0
('RP3V',)	None	None	0	0	0	0
('octopus',)	None	None	0	1	0	0
('double',)	None	None	0	0	0	0
('bouquet',)	None	None	0	0	0	0
('double', 'bouquet')	None	None	0	0	0	0
('cartwheel',)	None	None	0	0	0	0
('bushy',)	appearance	appearance	5	3	5	0
('spherical',)	appearance	appearance	5	1	5	0
('globular',)	appearance	None	0	0	0	0
('GBC',)	None	None	0	0	0	0
('somatosensory',)	role	None	0	0	0	0
('trigeminal',)	None	None	0	1	0	0
('hypendymal',)	anatomical	anatomical	5	4	5	0
('koniocellular',)	None	None	0	0	0	0
('midget',)	None	None	0	2	0	0
('parasol',)	None	None	0	1	0	0
('gamete-nursing',)	None	None	0	0	0	0
('germline-derived',)	None	None	0	0	0	0
('germline-derived', 'nurse')	None	None	0	0	0	0
('nurse-like',)	None	None	0	0	0	0
('uveal',)	anatomical	None	0	0	0	0
('CD45RA+',)	molecular signature	molecular signature	5	2	5	0
('CD45RA',)	molecular signature	molecular signature	5	1	5	0
('re-expressing', 'CD45RA')	molecular signature	None	0	0	0	0
('CD45RA-positive',)	molecular signature	None	0	0	0	0
('tube',)	None	None	0	1	0	0
('fallopian',)	anatomical	None	0	0	0	0
('fallopian', 'tube')	anatomical	None	0	0	0	0
('tube', 'ciliated')	None	None	0	0	0	0
('descend', 'thin')	None	None	0	0	0	0
('short', 'descend')	None	None	0	0	0	0
('short', 'descend', 'thin')	None	None	0	0	0	0
('long', 'descend')	None	None	0	0	0	0
('long', 'descend', 'thin')	None	None	0	0	0	0
('BEST4',)	molecular signature	None	0	0	0	0
('BEST4', '+')	molecular signature	None	0	0	0	0
('valvular',)	anatomical	anatomical	5	8	5	0
('vic',)	None	None	0	1	0	0
('vec',)	None	None	0	3	0	0
('DPSC',)	None	None	0	1	0	0
('round',)	appearance	appearance	5	2	5	0
('elongate',)	appearance	developmental	5	1	0	5
('CD-133-positive',)	molecular signature	None	0	0	0	0
('vimentin-positive',)	molecular signature	molecular signature	5	1	5	0
('tubular',)	anatomical	appearance	5	9	0	5
('von', 'economo')	eponym	eponym	5	1	5	0
('matrix', 'D1')	molecular signature	None	0	0	0	0
('striosome',)	None	None	0	0	0	0
('striosome', 'D1')	None	None	0	0	0	0
('striosomal',)	None	None	0	0	0	0
('striosomal', 'D1')	None	None	0	0	0	0
('striosomal', 'D2')	None	None	0	0	0	0
('striosome', 'D2')	None	None	0	0	0	0
('D1/D2-hybrid',)	None	None	0	0	0	0
('accumben',)	None	None	0	1	0	0
('shell',)	anatomical	None	0	0	0	0
('tubercle',)	None	None	0	0	0	0
('tubercle', 'D1')	None	None	0	0	0	0
('NAc',)	None	None	0	0	0	0
('OT',)	molecular signature	None	0	0	0	0
('OT', 'D1')	molecular signature	None	0	0	0	0
('tubercle', 'D2')	None	None	0	0	0	0
('OT', 'D2')	molecular signature	None	0	0	0	0
('calleja',)	None	None	0	0	0	0
('RXFP1-positive',)	molecular signature	None	0	0	0	0
('RXFP1-positive', 'interface')	molecular signature	None	0	0	0	0
('interface', 'island', 'D1-medium')	molecular signature	None	0	0	0	0
('RXFP1-positive', 'island')	molecular signature	None	0	0	0	0
('RXFP1-positive', 'island', 'D1-medium')	molecular signature	None	0	0	0	0
('facet',)	anatomical	None	0	0	0	0
('umbrella',)	None	None	0	1	0	0
('eccentric',)	None	None	0	0	0	0
('TCR-positive',)	molecular signature	None	0	0	0	0
('TCR+',)	molecular signature	None	0	0	0	0
('L2',)	None	None	0	0	0	0
('L3',)	None	None	0	0	0	0
('ureteric',)	anatomical	anatomical	5	2	5	0
('Car3',)	None	None	0	0	0	0
('IT', 'Car3')	None	None	0	0	0	0
('L6', 'IT', 'Car3')	None	None	0	0	0	0
('club-like',)	None	None	0	0	0	0
('rln',)	None	None	0	0	0	0
('reelin',)	None	None	0	0	0	0
('submucosal',)	anatomical	anatomical	5	4	5	0
('taenia',)	None	None	0	0	0	0
('coli',)	anatomical	None	0	0	0	0
('lobar',)	anatomical	None	0	0	0	0
('circular',)	appearance	appearance	5	1	5	0
('longitudinal',)	None	None	0	0	0	0
('suprabasal',)	None	None	0	5	0	0
('ftesc',)	None	None	0	0	0	0
('stem-like',)	None	None	0	3	0	0
('fte',)	None	None	0	0	0	0
('fte', 'stem-like')	None	None	0	0	0	0
('intercalary',)	None	None	0	0	0	0
('peg',)	None	None	0	0	0	0
('crest',)	None	None	0	0	0	0
('secondary-crest',)	None	None	0	0	0	0
('ON-blue',)	stimulus	None	0	0	0	0
('perichondrial',)	anatomical	None	0	0	0	0
('invaginate',)	None	None	0	0	0	0
('invaginate', 'midget')	None	None	0	0	0	0
('OFFx',)	None	None	0	0	0	0
('TRM',)	None	None	0	1	0	0
('integrin', 'alpha', 'E-positive')	molecular signature	None	0	0	0	0
('CCL3-positive',)	molecular signature	None	0	0	0	0
('metallothionein-positive',)	molecular signature	None	0	0	0	0
('MT-positive',)	molecular signature	None	0	0	0	0
('deuterosomal',)	developmental	appearance	5	3	0	5
('stratifying',)	None	None	0	0	0	0
('stratifying', 'midget')	None	None	0	0	0	0
('ON', 'midget')	None	None	0	0	0	0
('ON-midget',)	None	None	0	0	0	0
('RGC',)	None	None	0	2	0	0
('ON-midget', 'RGC')	None	None	0	0	0	0
('OFF-midget',)	None	None	0	0	0	0
('OFF-midget', 'RGC')	None	None	0	0	0	0
('stratify', 'midget')	None	None	0	0	0	0
('parabasal',)	None	None	0	0	0	0
('catecholaminergic',)	molecular signaling	molecular signaling	5	1	5	0
('OFF-parasol',)	None	None	0	0	0	0
('OFF-parasol', 'RGC')	None	None	0	0	0	0
('ON', 'parasol')	None	None	0	0	0	0
('ON-parasol',)	None	None	0	0	0	0
('ON-parasol', 'RGC')	None	None	0	0	0	0
('blue-ON/yellow-OFF',)	None	None	0	0	0	0
('ER-negative',)	molecular signature	None	0	0	0	0
('adaptive',)	None	None	0	2	0	0
('hormone-sensing',)	None	None	0	0	0	0
('ER-positive',)	molecular signature	None	0	0	0	0
('hormone-sensor',)	None	None	0	0	0	0
('invasive',)	None	None	0	7	0	0
('endovascular',)	anatomical	anatomical	5	4	5	0
('preplasmablastic',)	lineage	None	0	0	0	0
('pregranulosa',)	None	None	0	1	0	0
('pre-granulosa',)	None	None	0	0	0	0
('proliferate',)	developmental	developmental	5	30	5	0
('cycling',)	state	state	5	9	5	0
('flatten',)	None	None	0	0	0	0
('lipid-associated',)	None	None	0	0	0	0
('atretic',)	None	None	0	2	0	0
('glycinergic-GABAergic',)	molecular signaling	None	0	0	0	0
('glycinergic/GABAergic',)	molecular signaling	None	0	0	0	0
('CD57', '+')	molecular signature	None	0	0	0	0
('CD57-positive',)	molecular signature	None	0	0	0	0
('limbal',)	anatomical	anatomical	5	6	5	0
('tripotential',)	None	None	0	0	0	0
('restricted', 'tripotential')	None	None	0	0	0	0
('glial-restricted',)	None	None	0	0	0	0
('tripotential', 'glial-restricted')	None	None	0	0	0	0
('equine',)	species	None	0	0	0	0
('girdle',)	anatomical	None	0	0	0	0
('enteroglial',)	None	None	0	0	0	0
('pre-type',)	None	None	0	0	0	0
('oamsc',)	None	None	0	0	0	0
('orbital',)	anatomical	anatomical	5	3	5	0
('asc',)	None	None	0	2	0	0
('adipose-derived',)	anatomical	lineage	5	3	0	5
('apical',)	anatomical	anatomical	5	4	5	0
('apical', 'papilla')	anatomical	anatomical	5	2	5	0
('TAC3',)	molecular signaling	None	0	0	0	0
('TAC3-positive',)	molecular signature	None	0	0	0	0
('kolmer',)	eponym	None	0	0	0	0
('kolmer', '’s')	eponym	None	0	0	0	0
('epiplexus',)	None	None	0	0	0	0
('dural',)	anatomical	anatomical	5	1	5	0
('protoplasmic',)	None	None	0	0	0	0
('fibrous',)	None	None	0	1	0	0
('interlaminar',)	None	None	0	0	0	0
('pial',)	None	None	0	0	0	0
('pial', 'interlaminar')	None	None	0	0	0	0
('subpial',)	anatomical	None	0	0	0	0
('Lhx6',)	molecular signature	None	0	0	0	0
('Lamp5', 'Lhx6')	molecular signature	None	0	0	0	0
('ivy',)	None	None	0	2	0	0
('Lamp5-Lhx6',)	molecular signature	None	0	0	0	0
('VIP-positive',)	molecular signature	None	0	0	0	0
('VIP/ChAT',)	None	None	0	0	0	0
('VIP-ChAT',)	None	None	0	0	0	0
('VIP+/ChAT+',)	molecular signature	None	0	0	0	0
('alpha1-tanycyte',)	None	None	0	0	0	0
('alpha2-tanycyte',)	None	None	0	0	0	0
('neuronal-restricted',)	None	None	0	0	0	0
('astrocyte-restricted',)	None	None	0	0	0	0
('pthlh-expressing',)	molecular signature	None	0	0	0	0
('MOXD1',)	molecular signature	None	0	0	0	0
('PTHLH', 'MOXD1')	molecular signature	None	0	0	0	0
('reticulata',)	None	None	0	1	0	0
('substantia', 'nigra', 'par')	anatomical	anatomical	5	1	5	0
('candelabrum',)	None	None	0	0	0	0
('immune',)	anatomical	role	5	19	0	5
('PAX6',)	molecular signature	None	0	0	0	0
('pro-opiomelanocortin',)	None	None	0	0	0	0
('gene-related', 'peptide')	molecular signaling	None	0	0	0	0
('CGRP-expressing',)	molecular signaling	None	0	0	0	0
('molecular',)	None	None	0	1	0	0
('melanin-concentrating',)	None	None	0	0	0	0
('rostral',)	None	None	0	0	0	0
('ganglia',)	None	None	0	1	0	0
('EC',)	None	None	0	3	0	0
('post-arteriole',)	anatomical	None	0	0	0	0
('Cap-Venous',)	anatomical	None	0	0	0	0
('pre-venule',)	anatomical	None	0	0	0	0
('lr-NK',)	role	None	0	0	0	0
('liver-specific',)	None	None	0	0	0	0
('he-NK',)	role	None	0	0	0	0
('liver-resident',)	None	None	0	0	0	0
('subserosal',)	anatomical	None	0	0	0	0
('crypt-bottom',)	None	None	0	0	0	0
('crypt-top',)	None	None	0	0	0	0
('pre-theca',)	None	None	0	0	0	0
('follicle-associated',)	None	None	0	0	0	0
('interna',)	None	None	0	0	0	0
('externa',)	anatomical	None	0	0	0	0
('non-ciliated',)	None	None	0	0	0	0
('granzyme',)	role	None	0	0	0	0
('K-associated',)	None	None	0	0	0	0
('granzyme', 'K+')	molecular signature	None	0	0	0	0
('tissue-enriched',)	None	None	0	0	0	0
('GzmK',)	None	None	0	0	0	0
('2x',)	None	None	0	0	0	0
('IIx',)	None	None	0	0	0	0
('subpleural',)	anatomical	None	0	0	0	0
('odd',)	None	None	0	0	0	0
('skip',)	None	None	0	0	0	0
('related1-lineage',)	None	None	0	1	0	0
('odd', 'skip')	None	None	0	1	0	0
('skip', 'related1-lineage')	None	None	0	0	0	0
('odd', 'skip', 'related1-lineage')	None	None	0	0	0	0
('atypical',)	variant	variant	5	7	5	0
('neoplasia',)	disease	disease	5	1	5	0
('Androgen/androgen',)	None	None	0	1	0	0
('transgene+',)	None	None	0	1	0	0
('tumor',)	disease	disease	5	62	5	0
('hormone-producing',)	None	None	0	2	0	0
('CCR4+CXCR3',)	molecular signature	molecular signature	5	1	5	0
(' ',)	None	None	0	1	0	0
('CXCR3',)	molecular signature	None	0	0	0	0
('CXCR3', '+')	molecular signature	molecular signature	5	1	5	0
('Tc2-like',)	None	None	0	1	0	0
('CD45RA+CD8',)	molecular signature	None	0	0	0	0
('CD45RA+CD8', '+')	molecular signature	molecular signature	5	1	5	0
('vesicular',)	appearance	appearance	5	3	5	0
('glutamate',)	molecular signaling	molecular signaling	5	3	5	0
('transporter',)	role	role	5	3	5	0
('VGluT3',)	None	None	0	1	0	0
('alpha-motoneurons',)	None	None	0	1	0	0
('gigantopyramidal',)	appearance	appearance	5	1	5	0
('eyecup',)	None	None	0	1	0	0
('killer/T',)	role	role	5	1	5	0
('cancer',)	disease	disease	5	43	5	0
('osteoblastic',)	lineage	lineage	5	5	5	0
('adenocarcinoma',)	disease	disease	5	8	5	0
('T+',)	None	None	0	1	0	0
('RM',)	None	None	0	1	0	0
('T+', 'RM')	None	None	0	0	0	0
('urine-derived',)	anatomical	lineage	4	1	1	4
('Urine-Derived',)	None	None	0	1	0	0
('ALDH+',)	molecular signature	molecular signature	5	1	5	0
('Stem-Like',)	None	None	0	1	0	0
('stem/stromal',)	lineage	lineage	5	15	5	0
('clonal',)	None	None	0	1	0	0
('pedunculopontine',)	None	None	0	1	0	0
('fast-spiking',)	role	molecular signaling	5	4	0	5
('tumor-infiltrating',)	disease	disease	5	15	5	0
('CCR6+CD161',)	molecular signature	None	0	0	0	0
('CCR6+CD161', '+')	molecular signature	None	0	0	0	0
('CCR6+CD161', '+', 'Th17')	molecular signature	molecular signature	5	1	5	0
('CD103+CD39',)	molecular signature	None	0	0	0	0
('CD103+CD39', '+')	molecular signature	molecular signature	5	1	5	0
('program',)	None	None	0	7	0	0
('death',)	state	state	5	7	5	0
('1+TIGIT+',)	molecular signature	None	0	0	0	0
('protein', '1+TIGIT+')	molecular signature	molecular signature	5	1	5	0
('exhausted', 'program')	None	None	0	0	0	0
('1+TIGIT+', 'phenotype')	molecular signature	None	0	0	0	0
('protein', '1+TIGIT+', 'phenotype')	molecular signature	molecular signature	5	1	5	0
('foregut',)	anatomical	anatomical	5	1	5	0
('turbinate',)	appearance	appearance	5	2	5	0
('Lymph',)	None	None	0	9	0	0
('MESP1',)	molecular signature	None	0	0	0	0
('MESP1', '+')	molecular signature	molecular signature	5	1	5	0
('Bone-marrow-derived',)	None	None	0	3	0	0
('myelomonocytic',)	lineage	lineage	5	2	5	0
('alternative',)	None	None	0	3	0	0
('activation',)	None	None	0	1	0	0
('neuroprotective',)	role	role	5	2	5	0
('AT2',)	None	None	0	4	0	0
('brushing',)	None	None	0	1	0	0
('primordium',)	developmental	developmental	5	1	5	0
('LGR5',)	molecular signature	None	0	0	0	0
('LGR5', '+')	molecular signature	molecular signature	5	1	5	0
('MKI67', '+')	molecular signature	molecular signature	5	1	5	0
('anti-inflammatory',)	None	None	0	2	0	0
('Crypt',)	None	None	0	1	0	0
('Adipose-derived',)	None	None	0	5	0	0
('corpora',)	None	None	0	1	0	0
('corpora', 'luteal')	None	None	0	0	0	0
('Th-CXCL13',)	None	None	0	3	0	0
('tumor-associated',)	disease	disease	5	11	5	0
('PD-1+CXCR5-CD4',)	molecular signature	None	0	0	0	0
('PD-1+CXCR5-CD4', '+')	molecular signature	molecular signature	5	1	5	0
('antigen-presenting',)	role	role	5	5	5	0
('mac',)	None	None	0	2	0	0
('dend',)	None	None	0	1	0	0
('periosteum-derived',)	anatomical	anatomical	5	1	5	0
('M0',)	state	state	5	5	5	0
('rho',)	None	None	0	1	0	0
('GTPases-related',)	None	None	0	1	0	0
('gene',)	None	None	0	1	0	0
('score',)	None	None	0	0	0	0
('include',)	None	None	0	1	0	0
('rho', 'GTPases-related')	None	None	0	0	0	0
('GTPases-related', 'gene')	None	None	0	0	0	0
('gene', 'score')	None	None	0	0	0	0
('score', 'group')	None	None	0	0	0	0
('rho', 'GTPases-related', 'gene')	None	None	0	0	0	0
('GTPases-related', 'gene', 'score')	None	None	0	0	0	0
('gene', 'score', 'group')	None	None	0	1	0	0
('gamma', 'delta')	molecular signature	molecular signaling	5	5	0	5
('tem',)	None	None	0	18	0	0
('myeloma',)	disease	disease	5	1	5	0
('Lymphoid/Non-Myeloid',)	None	None	0	1	0	0
('Marrow-Resident',)	None	None	0	1	0	0
('AT1',)	None	None	0	2	0	0
('HSC',)	None	None	0	1	0	0
('GMP',)	None	None	0	1	0	0
('ast',)	molecular signaling	molecular signaling	5	2	5	0
('BG',)	None	None	0	1	0	0
('bergman',)	eponym	eponym	5	2	5	0
('cge',)	None	None	0	1	0	0
('eminescence',)	None	None	0	2	0	0
('endo',)	None	None	0	5	0	0
('GP',)	None	None	0	1	0	0
('MGL',)	molecular signature	molecular signature	5	1	5	0
('MG',)	None	None	0	2	0	0
('OL',)	None	None	0	1	0	0
('purk',)	None	None	0	1	0	0
('NEUROG3-expressing',)	molecular signature	molecular signature	5	1	5	0
('non-Tuft',)	None	None	0	1	0	0
('mTECs',)	None	None	0	1	0	0
('DCs',)	None	None	0	7	0	0
('myeloid-derived',)	lineage	lineage	5	12	5	0
('Myeloid-Derived',)	None	None	0	3	0	0
('infiltrating',)	None	None	0	3	0	0
('aorta-gonad-mesonephros-hematopoietic',)	anatomical	anatomical	5	1	5	0
('perimeningeal',)	anatomical	anatomical	5	1	5	0
('lesion',)	disease	disease	5	2	5	0
('small-intestine',)	anatomical	anatomical	5	1	5	0
('deltagamma',)	None	None	0	1	0	0
('LT-hematopoietic',)	None	None	0	2	0	0
('Long-term',)	None	None	0	2	0	0
('CXCL12-abundant',)	molecular signature	molecular signaling	5	1	0	5
('crypt-base',)	None	None	0	1	0	0
('Crypt-base',)	None	None	0	1	0	0
('Transit-amplifying',)	None	None	0	1	0	0
('cholangiocarcinoma',)	disease	disease	5	2	5	0
('FCRL4+FCRL5', '+')	molecular signature	molecular signature	5	1	5	0
('CD16+CX3CR1',)	molecular signature	None	0	0	0	0
('CD16+CX3CR1', '+')	molecular signature	molecular signature	5	1	5	0
('immunosuppressive',)	role	role	5	5	5	0
('Treg_SELL',)	molecular signature	molecular signature	5	1	5	0
('CD8+T',)	molecular signature	molecular signature	5	5	5	0
('Tissue-resident',)	None	None	0	3	0	0
('CCL3', '+')	molecular signature	molecular signature	5	2	5	0
('SPP1',)	molecular signature	None	0	0	0	0
('SPP1', '+')	molecular signature	molecular signature	5	2	5	0
('blood-derived',)	None	None	0	4	0	0
('nIPCs',)	None	None	0	1	0	0
('gIPCs',)	None	None	0	1	0	0
('tac',)	None	None	0	1	0	0
('CRNs',)	None	None	0	1	0	0
('L4/5a',)	None	None	0	1	0	0
('CPNs',)	None	None	0	1	0	0
('L4/5a', 'CPNs')	None	None	0	0	0	0
('AC',)	None	None	0	2	0	0
('MSNs',)	None	None	0	7	0	0
('opc',)	None	None	0	5	0	0
('gila',)	None	None	0	1	0	0
('ExN',)	None	None	0	1	0	0
('ExM',)	None	None	0	1	0	0
('Upper-layer',)	None	None	0	0	0	0
('enriched',)	None	None	0	2	0	0
('Upper-layer', 'enriched')	None	None	0	1	0	0
('ExM-U',)	None	None	0	1	0	0
('deep',)	None	None	0	4	0	0
('metaphase',)	None	None	0	3	0	0
('metaphase', 'I')	None	None	0	0	0	0
('XX',)	None	None	0	2	0	0
('XY',)	None	None	0	1	0	0
('beam',)	None	None	0	2	0	0
('schlemm',)	eponym	eponym	5	1	5	0
('tumour-associated',)	disease	disease	5	2	5	0
('Tumour-associated',)	disease	disease	5	3	5	0
('Tissue-Derived',)	None	None	0	1	0	0
('crown',)	appearance	appearance	5	2	5	0
('Gamma-delta',)	None	None	0	1	0	0
('parvalbumin',)	molecular signature	molecular signaling	5	6	0	5
('-expressing',)	None	None	0	1	0	0
('cerebrum',)	anatomical	anatomical	5	1	5	0
('crest-derived',)	lineage	lineage	5	3	5	0
('contiguous',)	None	None	0	1	0	0
('keratocan-negative',)	molecular signature	molecular signature	5	1	5	0
('marrow-derived',)	lineage	lineage	5	21	5	0
('alpha-smooth',)	None	None	0	1	0	0
('-positive',)	molecular signature	None	0	0	0	0
('actin', '-positive')	molecular signature	appearance	5	1	0	5
('Myeloid-derived',)	None	None	0	2	0	0
('tissue', 'resident')	state	state	5	6	5	0
('testicular',)	anatomical	anatomical	5	5	5	0
('SPG',)	None	None	0	1	0	0
('bronchoalveolar',)	anatomical	anatomical	5	1	5	0
('autoreactive',)	None	None	0	3	0	0
('pathogenic',)	None	None	0	1	0	0
('ilium-derived',)	anatomical	anatomical	5	1	5	0
('LVECt',)	None	None	0	1	0	0
('cancer-associated',)	disease	disease	5	6	5	0
('Cancer-associated',)	disease	disease	5	8	5	0
('scar-associated',)	None	None	0	1	0	0
('TM1',)	molecular signature	molecular signature	5	1	5	0
('cDC1',)	None	None	0	1	0	0
('cDC2',)	None	None	0	2	0	0
('carcinoma',)	disease	disease	5	8	5	0
('granulosa-like',)	None	None	0	1	0	0
('box',)	appearance	appearance	5	4	5	0
('supragranular',)	None	None	0	3	0	0
('supragranular', 'interneurons+')	molecular signature	molecular signature	5	1	5	0
('velate',)	None	None	0	1	0	0
('cytomegalovirus',)	None	None	0	1	0	0
('spermatogenesis',)	None	None	0	2	0	0
('OB',)	molecular signature	molecular signaling	5	1	0	5
('CD56bright',)	molecular signature	molecular signature	5	4	5	0
('age-associated',)	None	None	0	1	0	0
('dSPNs',)	None	None	0	1	0	0
('iSPNs',)	None	None	0	1	0	0
('neuron-like',)	None	None	0	1	0	0
('neuron-like', 'glomus')	None	None	0	0	0	0
('apoptotic',)	state	state	4	3	4	1
('FasL',)	None	None	0	0	0	0
('expressing',)	None	None	0	6	0	0
('FasL', 'expressing')	None	None	0	1	0	0
('Interneuron-specific',)	None	None	0	2	0	0
('SOM+',)	molecular signature	molecular signature	5	1	5	0
('PV+',)	molecular signature	molecular signature	5	4	5	0
('interneuron-specific',)	None	None	0	1	0	0
('CA1', 'interneuron-specific')	None	None	0	0	0	0
('peptide+',)	None	None	0	2	0	0
('non-Interneuron-specific', 'vasoactive')	molecular signaling	molecular signaling	5	1	5	0
('GCs',)	None	None	0	1	0	0
('Eos',)	None	None	0	1	0	0
('MCs',)	None	None	0	4	0	0
('gd', 'T')	None	None	0	0	0	0
('gammaDelta',)	None	None	0	1	0	0
('mono',)	None	None	0	4	0	0
('PC',)	None	None	0	5	0	0
('gammadeltaT',)	None	None	0	2	0	0
('Interleukin-17A+gammadelta+T',)	None	None	0	2	0	0
('-like',)	None	None	0	2	0	0
('CD4+T',)	molecular signature	molecular signature	5	5	5	0
('peri-meiotic',)	None	None	0	1	0	0
('Mesenchymal-type',)	None	None	0	2	0	0
('neuroblastoma',)	disease	disease	5	4	5	0
('adrenergic-type',)	molecular signaling	molecular signaling	5	1	5	0
('KRT5',)	molecular signature	None	0	0	0	0
('KRT5', '+')	molecular signature	molecular signature	5	1	5	0
('acetylate',)	None	None	0	1	0	0
('alpha-tubulin+',)	molecular signature	molecular signature	5	1	5	0
('SCGB1A1', '+')	molecular signature	molecular signature	5	1	5	0
('SOX9',)	molecular signature	None	0	0	0	0
('SOX9', '+')	molecular signature	molecular signature	5	2	5	0
('alpha-SMA+',)	molecular signature	molecular signature	5	1	5	0
('CDH1-Ki67', '+')	molecular signature	molecular signature	5	1	5	0
('cytokeratin-positive',)	molecular signature	molecular signature	5	1	5	0
('proacinar',)	None	None	0	1	0	0
('MSC',)	None	None	0	3	0	0
('nhek',)	None	None	0	1	0	0
('BST-1hi',)	molecular signature	molecular signaling	5	1	0	5
('BST-1lo/-',)	molecular signature	molecular signature	5	1	5	0
('c-fibre',)	None	None	0	1	0	0
('substance-P',)	molecular signaling	molecular signaling	5	2	5	0
('C-fibre',)	None	None	0	1	0	0
('blue',)	None	None	0	2	0	0
('aii',)	variant	variant	5	3	5	0
('granulocytic',)	lineage	lineage	5	9	5	0
('monocytic',)	lineage	lineage	5	10	5	0
('Bone-marrow',)	None	None	0	1	0	0
('gammadeltaT-cell',)	None	None	0	1	0	0
('apc',)	None	None	0	1	0	0
('Cyt',)	None	None	0	1	0	0
('double', 'positive')	molecular signature	molecular signature	5	5	5	0
('Non-cyt',)	None	None	0	1	0	0
('Non-cytotoxic',)	None	None	0	1	0	0
('CD4+CD8',)	molecular signature	None	0	0	0	0
('CD4+CD8', '+')	molecular signature	molecular signature	5	1	5	0
('GABA+-neurons',)	molecular signaling	molecular signaling	3	1	3	2
('tyrosine',)	None	None	0	0	0	0
('hydroxylase',)	None	None	0	0	0	0
('tyrosine', 'hydroxylase')	None	None	0	1	0	0
('TH+',)	None	None	0	3	0	0
('calretinin',)	None	None	0	1	0	0
('Calr+',)	None	None	0	1	0	0
('calbindin',)	None	None	0	1	0	0
('Calb+',)	None	None	0	1	0	0
('PVA+',)	molecular signature	molecular signature	5	1	5	0
('PVA+-neurons',)	molecular signature	root	5	1	0	5
('like',)	None	None	0	2	0	0
('cytotrophoblast-like',)	None	None	0	1	0	0
('syncytiotrophoblast-like',)	None	None	0	1	0	0
('CPC',)	None	None	0	1	0	0
('LPC',)	None	None	0	1	0	0
('Tek+',)	molecular signature	molecular signature	5	3	5	0
('bone-lining',)	None	None	0	3	0	0
('Cdh5',)	molecular signature	None	0	0	0	0
('Cdh5', '+')	molecular signature	molecular signature	5	1	5	0
('endosteal', 'bone-lining')	anatomical	lineage	5	1	0	5
('metaphyseal',)	developmental	anatomical	5	1	0	5
('pdgfra',)	None	None	0	1	0	0
('mKate2',)	None	None	0	1	0	0
('dedifferentiate',)	disease	developmental	5	3	0	5
('C-MC',)	None	None	0	1	0	0
('mphi',)	None	None	0	1	0	0
('MC',)	None	None	0	4	0	0
('5/6',)	variant	variant	5	1	5	0
('cortico-cortical',)	anatomical	anatomical	5	1	5	0
('estrogen',)	molecular signaling	None	0	0	0	0
('receptor-negative',)	molecular signature	None	0	0	0	0
('estrogen', 'receptor-negative')	molecular signature	state	5	1	0	5
('Gh-expressing',)	None	None	0	1	0	0
('sickle',)	eponym	appearance	5	4	0	5
('disease',)	disease	disease	5	4	5	0
('sickling',)	None	None	0	1	0	0
('granulocyte/macrophage',)	None	None	0	1	0	0
('GMPs',)	None	None	0	1	0	0
('PD-L1+CD206',)	molecular signature	None	0	0	0	0
('PD-L1+CD206', '+')	molecular signature	molecular signature	5	1	5	0
('CCR2',)	molecular signature	None	0	0	0	0
('CCR2', '+')	molecular signature	molecular signature	5	2	5	0
('CXCR2',)	molecular signature	None	0	0	0	0
('CXCR2', '+')	molecular signature	molecular signature	5	1	5	0
('keratin', '19-high')	molecular signature	molecular signature	5	1	5	0
('margin',)	None	None	0	2	0	0
('sulcular',)	None	None	0	1	0	0
('junctional',)	None	None	0	1	0	0
('merk',)	None	None	0	1	0	0
('mela',)	None	None	0	1	0	0
('muc',)	None	None	0	1	0	0
('infiltrate',)	anatomical	disease	5	9	0	5
('Cx3cr1',)	molecular signature	None	0	0	0	0
('Cx3cr1', '+')	molecular signature	molecular signature	5	1	5	0
('Timd4', '+')	molecular signature	molecular signature	5	2	5	0
('TIM4+CX3CR1-',)	molecular signature	molecular signature	5	1	5	0
('RGCs',)	None	None	0	1	0	0
('intrinsically',)	None	None	0	1	0	0
('photosensitive',)	stimulus	stimulus	5	1	5	0
('fibro',)	None	None	0	2	0	0
('macro',)	None	None	0	3	0	0
('mucosal-associated',)	None	None	0	3	0	0
('MNP',)	None	None	0	1	0	0
('/T',)	None	None	0	1	0	0
('mait',)	None	None	0	3	0	0
('EC3',)	None	None	0	1	0	0
('EC4',)	None	None	0	1	0	0
('EC5',)	None	None	0	1	0	0
('chemosensory',)	role	role	5	3	5	0
('Tuft-2',)	None	None	0	1	0	0
('fertilize',)	developmental	role	5	2	0	5
('FOXP3low',)	molecular signature	molecular signature	5	1	5	0
('gammadelta-T',)	None	None	0	1	0	0
('Mo',)	None	None	0	2	0	0
('eff',)	None	None	0	1	0	0
('em',)	None	None	0	1	0	0
('mem',)	None	None	0	1	0	0
('cm',)	None	None	0	1	0	0
('nv',)	None	None	0	1	0	0
('pro-inflammatory',)	role	role	5	6	5	0
('selectively',)	None	None	0	1	0	0
('TCM',)	None	None	0	6	0	0
('teff',)	None	None	0	6	0	0
('nature', 'killer')	role	role	5	3	5	0
('marrow-Mesenchymal',)	lineage	lineage	5	1	5	0
('CD4+CCR6+CD45RO+',)	molecular signature	None	0	0	0	0
('CD4+CCR6+CD45RO+', 'T')	molecular signature	molecular signature	5	1	5	0
('rheumatoid',)	None	None	0	1	0	0
('arthritis-synovial',)	None	None	0	1	0	0
('rheumatoid', 'arthritis-synovial')	None	None	0	0	0	0
('generation',)	developmental	developmental	5	1	5	0
('TH-cells',)	None	None	0	1	0	0
('Plaque-associated',)	None	None	0	1	0	0
('PCM',)	None	None	0	1	0	0
('murine-muscle',)	None	None	0	2	0	0
('adipocytic',)	lineage	lineage	5	3	5	0
('colorectal',)	anatomical	anatomical	5	4	5	0
('PCG',)	None	None	0	1	0	0
('pre-Primordial',)	None	None	0	1	0	0
('spermatogenic',)	role	developmental	5	3	0	5
('tTreg',)	None	None	0	5	0	0
('CD4+CD25', '+')	molecular signature	molecular signature	5	1	5	0
('CD45+CD25-',)	molecular signature	molecular signature	5	1	5	0
('STreg',)	None	None	0	1	0	0
('stem/progenitor',)	None	None	0	7	0	0
('extra-embryonic',)	lineage	lineage	5	3	5	0
('eXtraEmbryoNic',)	lineage	developmental	5	1	0	5
('xen',)	molecular signature	appearance	4	4	0	5
('gustatory',)	None	None	0	1	0	0
('geniculate',)	appearance	appearance	5	1	5	0
('Hair-Follicle-Associated',)	None	None	0	1	0	0
('extrahypothalamic',)	anatomical	anatomical	5	1	5	0
('CD163+Tim4',)	molecular signature	None	0	0	0	0
('CD163+Tim4', '+')	molecular signature	molecular signature	5	1	5	0
('+', 'subset')	molecular signature	None	0	0	0	0
('CD163+Tim4', '+', 'subset')	molecular signature	molecular signature	5	1	5	0
('tumour',)	disease	disease	5	7	5	0
('Pro-B',)	None	None	0	3	0	0
('ent',)	anatomical	anatomical	5	2	5	0
('mucus-secreting',)	None	None	0	1	0	0
('isc',)	None	None	0	3	0	0
('cells/fibroblastic',)	None	None	0	1	0	0
('oriens-lacunosum-moleculare',)	None	None	0	1	0	0
('hippocampo-septal',)	anatomical	anatomical	5	1	5	0
('eminence-derived',)	anatomical	anatomical	5	1	5	0
('cell-like',)	None	None	0	9	0	0
('NSCs',)	None	None	0	1	0	0
('acute',)	None	None	0	2	0	0
('lymphoblastic',)	disease	disease	5	2	5	0
('leukemia',)	disease	disease	5	9	5	0
('T-acute',)	None	None	0	1	0	0
('T-lymphoblasts',)	None	None	0	1	0	0
('cancerous',)	disease	disease	5	1	5	0
('exhaust',)	state	state	5	6	5	0
('tam',)	None	None	0	3	0	0
('Arg1', '+')	molecular signature	molecular signature	5	2	5	0
('bregs',)	None	None	0	1	0	0
('basophil-mast',)	None	None	0	1	0	0
('mec',)	None	None	0	2	0	0
('hepatocytic',)	lineage	lineage	5	1	5	0
('Axin2',)	molecular signature	None	0	0	0	0
('Lgr5',)	molecular signature	None	0	0	0	0
('glutamine',)	None	None	0	1	0	0
('synthase',)	None	None	0	1	0	0
('Axin2', '+')	molecular signature	molecular signature	5	1	5	0
('Lgr5', '+')	molecular signature	molecular signature	5	3	5	0
('glutamine', 'synthase')	None	None	0	0	0	0
('midlobular',)	None	None	0	1	0	0
('neutrophil/white',)	None	None	0	1	0	0
('Th1-like',)	None	None	0	1	0	0
('epithelia',)	lineage	lineage	5	2	5	0
('iNOS+',)	molecular signature	molecular signature	5	2	5	0
('total',)	None	None	0	1	0	0
('CD68', '+')	molecular signature	molecular signature	5	7	5	0
('activated/degranulated',)	None	None	0	1	0	0
('peri-popliteal',)	anatomical	anatomical	5	1	5	0
('intra-popliteal',)	anatomical	anatomical	5	1	5	0
('"',)	None	None	0	19	0	0
('Gamma-Delta',)	None	None	0	1	0	0
('Mucosal-associated',)	None	None	0	2	0	0
('Non-classical',)	variant	variant	5	2	5	0
('ILC2s',)	molecular signature	molecular signature	5	6	5	0
('CD38+CD56+CD161',)	molecular signature	None	0	0	0	0
('CD38+CD56+CD161', '+')	molecular signature	molecular signature	5	1	5	0
('CD36',)	molecular signature	molecular signature	4	1	4	1
('MoMFs',)	None	None	0	1	0	0
('kuppfer',)	eponym	eponym	5	1	5	0
('sec',)	None	None	0	1	0	0
('CD56',)	None	None	0	1	0	0
('olivocochlear',)	anatomical	anatomical	5	4	5	0
('facial',)	anatomical	anatomical	5	1	5	0
('branchial',)	anatomical	anatomical	5	1	5	0
('parvalbumin+fast-spiking',)	molecular signature	molecular signature	5	2	5	0
('medium-sized',)	appearance	appearance	4	3	4	1
('type1',)	variant	variant	5	1	5	0
('type2',)	variant	variant	5	1	5	0
('Tumor-associated',)	disease	disease	5	5	5	0
('Zscan4c::mCherry-+',)	molecular signature	molecular signature	5	1	5	0
('Tn',)	None	None	0	4	0	0
('suppressive',)	role	role	5	2	5	0
('natural-killer',)	role	role	5	4	5	0
('mphis',)	None	None	0	2	0	0
('F4/80+Ly6Clow',)	molecular signature	molecular signature	5	1	5	0
('F4/80+/Ly6Chigh',)	molecular signature	molecular signature	5	1	5	0
('/dendritic',)	None	None	0	1	0	0
('LClike',)	None	None	0	1	0	0
('TMSCs',)	None	None	0	1	0	0
('T2B',)	None	None	0	1	0	0
('T1B',)	None	None	0	1	0	0
('B1B',)	None	None	0	1	0	0
('osteoarthritis',)	disease	disease	5	1	5	0
('cell-derived',)	None	None	0	2	0	0
('cell-derived', 'lens')	None	None	0	0	0	0
('Lin-Sca-1', '+')	molecular signature	None	0	0	0	0
('c-Kit', '+')	molecular signature	None	0	0	0	0
('+', 'c-Kit', '+')	molecular signature	molecular signature	5	1	5	0
('long-term',)	None	None	0	5	0	0
('HSCST',)	None	None	0	3	0	0
('long-term', 'HSCST')	None	None	0	0	0	0
('HSCLT',)	None	None	0	1	0	0
('short-term',)	None	None	0	3	0	0
('short-term', 'HSCST')	None	None	0	0	0	0
('MPP2',)	None	None	0	1	0	0
('MPP3',)	None	None	0	1	0	0
('MPP4',)	None	None	0	1	0	0
('memory-activated',)	None	None	0	1	0	0
('IL1B',)	molecular signaling	molecular signaling	5	1	5	0
('CD3-expressing',)	molecular signature	molecular signature	5	1	5	0
('CD79-expressing',)	molecular signature	molecular signature	5	1	5	0
('CD90-negative',)	molecular signature	molecular signature	5	1	5	0
('CD127',)	molecular signature	None	0	0	0	0
('CD127', '+')	molecular signature	molecular signature	5	2	5	0
('BC',)	None	None	0	5	0	0
('prehypertrophic/hypertrophic',)	None	None	0	1	0	0
('nRBCs',)	None	None	0	1	0	0
('cRBCPlasma',)	None	None	0	1	0	0
('cRBCHPL',)	None	None	0	1	0	0
('Megakaryocyte/Erythrocyte',)	None	None	0	1	0	0
('/Dendritic',)	None	None	0	7	0	0
('MDPs',)	None	None	0	2	0	0
('Granulocyte/Monocyte',)	None	None	0	1	0	0
('Lymphoid-primed',)	None	None	0	1	0	0
('MultiPotent',)	None	None	0	1	0	0
('Lymphoid-primed', 'MultiPotent')	None	None	0	0	0	0
('Lymphoid-Primed',)	None	None	0	1	0	0
('CLPs',)	None	None	0	1	0	0
('Flt3L+CD115lo',)	molecular signature	None	0	0	0	0
('Flt3L+CD115lo', 'CMPs')	molecular signature	molecular signature	5	1	5	0
('Flt3-CD115-',)	molecular signature	None	0	0	0	0
('Flt3-CD115-', 'CMPs')	molecular signature	molecular signature	5	1	5	0
('IRF8/SATB1',)	molecular signaling	molecular signaling	5	1	5	0
('pDCPs',)	None	None	0	1	0	0
('HLA-DR/IRF8/CEBPA',)	molecular signature	molecular signature	5	1	5	0
('Monocyte/conventional',)	None	None	0	2	0	0
('Mo/conventional',)	None	None	0	2	0	0
('Monocyte/conventional', '/Dendritic')	None	None	0	0	0	0
('Mo/conventional', 'DC')	None	None	0	0	0	0
('Mo/conventional', '/Dendritic')	None	None	0	0	0	0
('CD11c/CD172ab/CD14',)	molecular signature	molecular signature	5	1	5	0
('Ly6C+',)	molecular signature	molecular signature	5	1	5	0
('IRF8/HLA-DR/CD84/CD172ab',)	molecular signaling	molecular signature	5	1	0	5
('CNS-associated',)	None	None	0	1	0	0
('each',)	None	None	0	2	0	0
('proliferative',)	developmental	developmental	5	10	5	0
('MSCs',)	None	None	0	5	0	0
('RG',)	None	None	0	1	0	0
('tap',)	None	None	0	1	0	0
('aNSCs',)	None	None	0	1	0	0
('GE',)	None	None	0	1	0	0
('NBs',)	None	None	0	1	0	0
('GE', 'NBs')	None	None	0	0	0	0
('oligoprogenitor',)	None	None	0	1	0	0
('PreM-ODCs',)	None	None	0	1	0	0
('pre-myelinating',)	None	None	0	1	0	0
('INs',)	None	None	0	1	0	0
('ImStNeurons',)	None	None	0	1	0	0
('Myeloid-DSCs',)	None	None	0	1	0	0
('hSCs',)	None	None	0	1	0	0
('SC',)	None	None	0	5	0	0
('Mgk/erythroid',)	None	None	0	1	0	0
('GP38',)	molecular signature	None	0	0	0	0
('GP38', '+')	molecular signature	molecular signature	5	1	5	0
('Ly6a+',)	molecular signature	molecular signature	5	2	5	0
('Rarres2', '+')	molecular signature	molecular signature	5	1	5	0
('Aldh1a2', '+')	molecular signature	None	0	0	0	0
('+', 'Ccl19')	molecular signature	None	0	0	0	0
('Ccl19', '+')	molecular signature	None	0	0	0	0
('Aldh1a2', '+', 'Ccl19')	molecular signature	molecular signature	5	1	5	0
('+', 'Ccl19', '+')	molecular signature	None	0	0	0	0
('Fth1', '+')	molecular signature	molecular signature	5	1	5	0
('nodular',)	appearance	appearance	5	1	5	0
('ACTA2low',)	molecular signature	molecular signature	5	2	5	0
('CD82highOX40L+',)	molecular signature	molecular signature	5	2	5	0
('UCB-hematopoietic',)	None	None	0	1	0	0
('inducible',)	None	None	0	5	0	0
('Tcm',)	None	None	0	4	0	0
('gamma', '_')	molecular signaling	variant	2	1	2	3
('_',)	None	None	0	2	0	0
('B', '_')	None	None	0	0	0	0
('CD4+CD45RA+',)	molecular signature	molecular signature	5	2	5	0
('CD4+CD45RO+',)	molecular signature	molecular signature	5	2	5	0
('CD4+CD45RA+CD27',)	molecular signature	None	0	0	0	0
('CD4+CD45RA+CD27', '+')	molecular signature	molecular signature	5	1	5	0
('CD4+CD45RA-CD27',)	molecular signature	molecular signature	5	1	5	0
('CD4+CD45RA-CD27-',)	molecular signature	molecular signature	5	1	5	0
('new',)	None	None	0	3	0	0
('new', 'teff')	None	None	0	0	0	0
('baseline',)	None	None	0	3	0	0
('pmMicroglia',)	None	None	0	2	0	0
('proliferation-mediating',)	None	None	0	2	0	0
('maMicroglia',)	None	None	0	2	0	0
('monocyte-activating',)	None	None	0	2	0	0
('disease-associated',)	None	None	0	2	0	0
('injury',)	None	None	0	2	0	0
('elMicroglia',)	None	None	0	1	0	0
('embryonic-like',)	None	None	0	1	0	0
('pvMacrophages',)	None	None	0	1	0	0
('mdMacrophages',)	None	None	0	1	0	0
('imB-cells',)	None	None	0	1	0	0
('pimMicroglia',)	None	None	0	1	0	0
('postnatal',)	developmental	developmental	5	4	5	0
('immediate',)	None	None	0	2	0	0
('genes+Microglia',)	None	None	0	1	0	0
('sMicroglia',)	None	None	0	1	0	0
('s-phase',)	None	None	0	1	0	0
('proliferative-region-associated',)	None	None	0	1	0	0
('acpMacrophages',)	None	None	0	1	0	0
('cpEpithelial',)	None	None	0	1	0	0
('bone-resident',)	None	None	0	1	0	0
('Vessel-associated',)	anatomical	anatomical	5	1	5	0
('bona',)	None	None	0	1	0	0
('fide',)	None	None	0	1	0	0
('bona', 'fide')	None	None	0	0	0	0
('PD1hi',)	molecular signature	None	0	0	0	0
('PD1hi', 'Tfh')	molecular signature	molecular signature	5	1	5	0
('CD20hi',)	molecular signature	None	0	0	0	0
('CD20hi', 'Ki67hi')	molecular signature	molecular signature	5	1	5	0
('not',)	state	state	5	1	5	0
('old',)	developmental	developmental	5	1	5	0
('IL-17',)	molecular signaling	molecular signaling	5	3	5	0
('obese',)	None	None	0	0	0	0
('obese', 'Adipose-derived')	None	None	0	1	0	0
('D1-expressing',)	None	None	0	1	0	0
('D2-spiny',)	None	None	0	1	0	0
('membrane-Multilineage-differentiating',)	None	None	0	1	0	0
('stress-enduring',)	None	None	0	1	0	0
('membrane-Multilineage-differentiating', 'stress-enduring')	None	None	0	0	0	0
('osteoclastic',)	lineage	root	5	1	0	5
('subset',)	None	None	0	6	0	0
('microenvironment',)	None	None	0	5	0	0
('component',)	None	None	0	3	0	0
('microenvironment', 'component')	None	None	0	0	0	0
('neurogenic',)	lineage	anatomical	2	6	0	5
('chronic',)	None	None	0	2	0	0
('M2-Tumor-associated',)	None	None	0	2	0	0
('chatter',)	None	None	0	2	0	0
('CD44low',)	molecular signature	None	0	0	0	0
('CD62L-',)	molecular signature	None	0	0	0	0
('CD44low', 'CD62L-')	molecular signature	molecular signature	5	1	5	0
('MicroVascular',)	None	None	0	1	0	0
('neurotoxic',)	None	None	0	1	0	0
('phenotype',)	None	None	0	4	0	0
('A1', 'neurotoxic')	None	None	0	0	0	0
('neurotoxic', 'phenotype')	None	None	0	0	0	0
('A1', 'neurotoxic', 'phenotype')	None	None	0	0	0	0
('thermogenic',)	None	None	0	1	0	0
('most',)	None	None	0	1	0	0
('these',)	None	None	0	1	0	0
('highly',)	None	None	0	2	0	0
('gene-expressing',)	None	None	0	1	0	0
("'", 'highly')	None	None	0	0	0	0
('balanced',)	None	None	0	1	0	0
('osteochondrogenic',)	None	None	0	2	0	0
('chondrogenic',)	role	lineage	5	4	0	5
('PBMC_SLE',)	None	None	0	1	0	0
('systemic',)	anatomical	anatomical	5	2	5	0
('lupus',)	disease	appearance	5	2	0	5
('erythematosus-peripheral',)	None	None	0	1	0	0
('syndrome',)	disease	disease	5	3	5	0
('ME/Chronic', 'fatigue')	disease	eponym	5	2	0	5
('LT-haematopoietic',)	None	None	0	2	0	0
('granulocyte-monocyte',)	lineage	lineage	5	4	5	0
('/multipotent',)	None	None	0	2	0	0
('Brain-infiltrating',)	anatomical	anatomical	4	2	4	1
('alphabeta',)	None	None	0	3	0	0
('stromal/stem',)	lineage	lineage	5	5	5	0
('CD8alpha+',)	molecular signature	molecular signature	5	1	5	0
('killer-T',)	role	role	5	2	5	0
('osteochondral',)	anatomical	anatomical	5	3	5	0
('2+MHC-IIhigh',)	molecular signature	molecular signature	5	2	5	0
('C-C', 'chemokine')	molecular signaling	role	5	2	0	5
('glioblastoma',)	disease	disease	5	10	5	0
('bi-potent',)	developmental	molecular signature	4	1	1	4
('cTECs',)	None	None	0	1	0	0
('CDPs',)	None	None	0	1	0	0
('cells-restricted',)	None	None	0	1	0	0
('pre-Conventional',)	None	None	0	1	0	0
('synaptotagmin',)	molecular signaling	molecular signaling	5	1	5	0
('parenchymal',)	anatomical	anatomical	5	3	5	0
('high-RNA',)	None	None	0	1	0	0
('methylation',)	None	None	0	1	0	0
('regulators-',)	None	None	0	1	0	0
('high-RNA', 'methylation')	None	None	0	0	0	0
('methylation', 'regulators-')	None	None	0	0	0	0
('high-RNA', 'methylation', 'regulators-')	None	None	0	0	0	0
('MFs',)	None	None	0	1	0	0
('mDC1s',)	None	None	0	1	0	0
('CD11cHiMDC',)	molecular signature	molecular signature	5	1	5	0
('recruit',)	None	None	0	2	0	0
('DRAC+',)	molecular signature	molecular signature	5	1	5	0
('LT-Hematopoietic',)	None	None	0	1	0	0
('drac',)	None	None	0	1	0	0
('CD82/KAI1-binding',)	None	None	0	1	0	0
('partner',)	role	role	5	1	5	0
('CD169', '+')	molecular signature	molecular signature	5	1	5	0
('LSKs',)	None	None	0	1	0	0
('NKT10',)	role	role	5	1	5	0
('CD133+CD45RA-CD34',)	None	None	0	1	0	0
('CD133+CD45RA+CD34',)	None	None	0	1	0	0
('CD133-CD45RA-CD34',)	None	None	0	1	0	0
('lympho-myeloid',)	lineage	lineage	5	3	5	0
('primed',)	None	None	0	3	0	0
('CMPs',)	None	None	0	1	0	0
('erythro-myeloid',)	None	None	0	2	0	0
('CD133',)	molecular signature	molecular signature	5	1	5	0
('IgE-antibody',)	None	None	0	3	0	0
('IgE', 'IgE-antibody')	None	None	0	0	0	0
('IgE-antibody', 'secreting')	None	None	0	0	0	0
('IgE', 'IgE-antibody', 'secreting')	None	None	0	0	0	0
('extrafollicular',)	anatomical	anatomical	5	5	5	0
('IgD+',)	molecular signature	molecular signature	5	6	5	0
('polyp',)	appearance	appearance	5	3	5	0
('IgD-only',)	molecular signature	None	0	0	0	0
('class-switched', 'IgD-only')	molecular signature	molecular signature	5	1	5	0
('mutate',)	disease	state	5	1	0	5
('IgD', 'IgE-antibody')	None	None	0	1	0	0
('IgD', 'IgE-antibody', 'secreting')	None	None	0	0	0	0
('alpha-Syn', 'positive')	molecular signature	molecular signature	5	1	5	0
('clusters-T0',)	None	None	0	2	0	0
('clusters-T2',)	None	None	0	2	0	0
('atretic', 'clusters-T0')	None	None	0	0	0	0
('fibrosis',)	None	None	0	1	0	0
('cystic', 'fibrosis')	None	None	0	0	0	0
('triple', 'positive')	molecular signature	molecular signature	5	2	5	0
('CD11b',)	molecular signature	molecular signature	5	2	5	0
('KL',)	None	None	0	1	0	0
('c-Kit+Lin-',)	molecular signature	molecular signature	5	1	5	0
('c-Kit+Sca-1+Lin-',)	molecular signature	molecular signature	5	2	5	0
('kaposi',)	eponym	eponym	5	1	5	0
('sarcoma',)	disease	disease	5	3	5	0
('herpesviruse',)	None	None	0	1	0	0
('infect',)	disease	disease	5	1	5	0
('CD20', '+')	molecular signature	molecular signature	5	1	5	0
('CD20-',)	None	None	0	1	0	0
('non-classic',)	variant	variant	5	1	5	0
('Erythro-Megakaryo',)	None	None	0	1	0	0
('CD38lo',)	molecular signature	molecular signature	5	1	5	0
('stem/progenitors',)	None	None	0	1	0	0
('MPPs',)	None	None	0	1	0	0
('BPs',)	None	None	0	1	0	0
('Cort+',)	molecular signature	molecular signaling	5	1	0	5
('periodontal',)	anatomical	anatomical	5	6	5	0
('activated/memory',)	None	None	0	1	0	0
('pre-Botzinger',)	None	None	0	1	0	0
('complex',)	None	None	0	1	0	0
('pre-Botzinger', 'complex')	None	None	0	0	0	0
('RBCs',)	None	None	0	2	0	0
('alpha-retinal',)	None	None	0	1	0	0
('ECs',)	None	None	0	8	0	0
('glioma',)	disease	disease	5	6	5	0
('parvalbumin-expressing',)	None	None	0	1	0	0
('proenkephalin-expressing',)	None	None	0	1	0	0
('non-VIPin',)	None	None	0	1	0	0
('non-Vasoactive',)	None	None	0	1	0	0
('polypeptide',)	None	None	0	3	0	0
('VIPin',)	None	None	0	1	0	0
('Hormone-producing',)	None	None	0	1	0	0
('non-hormonal',)	None	None	0	1	0	0
('sIgM+CD11b+CD5',)	molecular signature	None	0	0	0	0
('sIgM+CD11b+CD5', '+')	molecular signature	molecular signature	5	1	5	0
('cDCs',)	None	None	0	2	0	0
('self-renewing',)	None	None	0	3	0	0
('neuro-epithelial-like',)	None	None	0	1	0	0
('Long-term', 'self-renewing')	None	None	0	0	0	0
('self-renewing', 'neuro-epithelial-like')	None	None	0	0	0	0
('Long-term', 'self-renewing', 'neuro-epithelial-like')	None	None	0	0	0	0
('Neuro-Epithelial-like',)	None	None	0	1	0	0
('long-term', 'self-renewing')	None	None	0	0	0	0
('self-renewing', 'Neuro-Epithelial-like')	None	None	0	0	0	0
('long-term', 'self-renewing', 'Neuro-Epithelial-like')	None	None	0	0	0	0
('basic',)	None	None	0	2	0	0
('CjS',)	None	None	0	1	0	0
('EcS',)	None	None	0	2	0	0
('EmS',)	None	None	0	1	0	0
('endocervical',)	None	None	0	3	0	0
('mel',)	None	None	0	2	0	0
('cort',)	None	None	0	1	0	0
('gona',)	None	None	0	1	0	0
('spinoparabrachial',)	appearance	appearance	5	3	5	0
('Wide-dynamic',)	None	None	0	0	0	0
('wide-dynamic', 'range')	stimulus	stimulus	5	1	5	0
('Wide-dynamic', 'range')	None	None	0	4	0	0
('threshold',)	None	None	0	4	0	0
('Low-Threshold',)	None	None	0	1	0	0
('gammadeltaT17',)	None	None	0	1	0	0
('tolerogenic',)	role	role	5	3	5	0
('pancreas', 'alpha')	None	None	0	0	0	0
('ighv',)	None	None	0	1	0	0
('gene-mutated',)	None	None	0	1	0	0
('ighv', 'gene-mutated')	None	None	0	0	0	0
('CD27+/IGHD-(IgD)/IGHM-(IgM',)	molecular signature	molecular signature	5	1	5	0
('long-lived',)	developmental	developmental	5	4	5	0
('short-lived',)	developmental	state	5	1	0	5
('mature-naive',)	None	None	0	1	0	0
('LN',)	None	None	0	1	0	0
('Cxcl12-expressing',)	molecular signature	molecular signature	5	1	5	0
('CD34+podoplanin+',)	None	None	0	1	0	0
('syncytiotrophoblast-I',)	None	None	0	2	0	0
('SMG',)	None	None	0	1	0	0
('pnec',)	None	None	0	1	0	0
('CC',)	None	None	0	2	0	0
('Pre-"small',)	None	None	0	0	0	0
('Pre-"small', '"')	None	None	0	1	0	0
('premature',)	developmental	developmental	5	2	5	0
('IM',)	None	None	0	2	0	0
('GCBs',)	None	None	0	1	0	0
('germinal-centre',)	None	None	0	1	0	0
('PBs',)	None	None	0	1	0	0
('Cd4',)	molecular signature	None	0	0	0	0
('Cd4', '+')	molecular signature	molecular signature	5	1	5	0
('Cd4', '+', 'Ts')	molecular signature	molecular signature	5	1	5	0
('Cd8',)	molecular signature	None	0	0	0	0
('Cd8', '+')	molecular signature	molecular signature	5	1	5	0
('Cd8', '+', 'Ts')	molecular signature	molecular signature	5	1	5	0
('NTPs',)	None	None	0	1	0	0
('kolliker',)	anatomical	eponym	5	7	0	5
('deiter', "'")	eponym	eponym	5	4	5	0
('tectal',)	None	None	0	1	0	0
('sulcus',)	anatomical	appearance	5	1	0	5
('inner', 'sulcus')	anatomical	molecular signaling	3	3	0	5
('HSCs',)	None	None	0	3	0	0
('CD20+CD27+CD43+CD70-',)	molecular signature	molecular signature	5	1	5	0
('CD20+CD38hi',)	molecular signature	molecular signature	5	1	5	0
('CD19+CD20+CD27+CD43+CD38lo/int',)	molecular signature	molecular signature	5	1	5	0
('lack',)	state	state	5	2	5	0
('CD3',)	molecular signature	molecular signature	5	4	5	0
('dorsomedial',)	None	None	0	2	0	0
('IFN-endothelial',)	molecular signaling	molecular signaling	5	4	5	0
('MF',)	None	None	0	2	0	0
('cec',)	None	None	0	1	0	0
('Angio-IFN-endothelial',)	None	None	0	1	0	0
('Pro-IFN-endothelial',)	None	None	0	1	0	0
('IFN-IFN-endothelial',)	None	None	0	1	0	0
('interferon',)	molecular signaling	molecular signaling	5	2	5	0
('cvec',)	None	None	0	1	0	0
('aec',)	None	None	0	1	0	0
('low-density',)	None	None	0	1	0	0
('ery',)	None	None	0	1	0	0
('My',)	None	None	0	1	0	0
('MK',)	None	None	0	1	0	0
('gran',)	None	None	0	1	0	0
('CD11b+CD33',)	molecular signature	None	0	0	0	0
('CD11b+CD33', '+')	molecular signature	molecular signature	5	1	5	0
('erythroblast-like',)	None	None	0	1	0	0
('cholecystokinin',)	molecular signaling	None	0	0	0	0
('cholecystokinin', 'positive')	molecular signature	molecular signature	5	1	5	0
('CCKBC',)	molecular signaling	molecular signaling	5	1	5	0
('PVBC',)	None	None	0	2	0	0
('AxoAxonic',)	None	None	0	1	0	0
('AA',)	None	None	0	1	0	0
('BS',)	None	None	0	1	0	0
('schaffer',)	eponym	eponym	5	1	5	0
('collateral',)	None	None	0	1	0	0
('sca',)	None	None	0	1	0	0
('NG',)	None	None	0	1	0	0
('Granulocyte-Monocyte',)	None	None	0	2	0	0
('IPhC',)	None	None	0	2	0	0
('DC1/2',)	None	None	0	1	0	0
('row',)	None	None	0	2	0	0
('DC3',)	None	None	0	1	0	0
('HeC',)	None	None	0	1	0	0
('osc',)	None	None	0	2	0	0
('outer', 'sulcus')	anatomical	appearance	5	2	0	5
('IdC',)	None	None	0	1	0	0
('L.Kolliker',)	eponym	None	0	0	0	0
('L.Kolliker', "'s")	eponym	eponym	5	1	5	0
('M.Kolliker',)	eponym	None	0	0	0	0
('M.Kolliker', "'s")	eponym	eponym	5	1	5	0
('OC90',)	molecular signature	molecular signaling	4	1	1	4
('OC90', '+')	molecular signature	molecular signature	5	2	5	0
('burst',)	appearance	appearance	5	1	5	0
('BFU-E',)	None	None	0	1	0	0
('CFU-E',)	None	None	0	1	0	0
('erythroblastic',)	lineage	root	5	1	0	5
('nascent',)	developmental	developmental	5	1	5	0
('cortical-projecting',)	anatomical	anatomical	5	2	5	0
('striatum-projecting',)	anatomical	anatomical	4	2	4	1
('M1-projecting',)	None	None	0	1	0	0
('ventrolateral',)	None	None	0	1	0	0
('pre-thymic',)	None	None	0	1	0	0
('thymus-seeding',)	None	None	0	2	0	0
('endothelial-like',)	None	None	0	2	0	0
('VIC-like',)	None	None	0	1	0	0
('HPSC-derived',)	lineage	lineage	3	1	3	2
('pre-valvular',)	anatomical	anatomical	5	1	5	0
('CD8-',)	molecular signature	molecular signature	5	1	5	0
('Tr',)	None	None	0	1	0	0
('MN',)	None	None	0	2	0	0
('D1-medium',)	None	None	0	1	0	0
('D2-D1-medium',)	None	None	0	2	0	0
('D1-D1-medium',)	None	None	0	2	0	0
('VPGlutamate',)	None	None	0	1	0	0
('pallidum',)	anatomical	anatomical	5	2	5	0
('intraperitoneal',)	anatomical	anatomical	5	1	5	0
('ImmN',)	None	None	0	1	0	0
('liv',)	None	None	0	1	0	0
('IN',)	None	None	0	1	0	0
('astro',)	None	None	0	1	0	0
('CGC',)	None	None	0	1	0	0
('cycle',)	None	None	0	1	0	0
('epend',)	None	None	0	1	0	0
('peri',)	anatomical	anatomical	5	2	5	0
('intrinsic',)	None	None	0	1	0	0
('secretomotor/vasodilator',)	molecular signaling	molecular signaling	5	1	5	0
('receptor-expressing',)	molecular signature	molecular signature	5	4	5	0
('D1-MSNs',)	None	None	0	2	0	0
('accumben', 'D1-MSNs')	None	None	0	1	0	0
('D2-MSNs',)	None	None	0	2	0	0
('CD4_Tn',)	molecular signature	molecular signature	5	1	5	0
('CD8_Tem',)	None	None	0	1	0	0
('CTL',)	None	None	0	2	0	0
('FO_B',)	None	None	0	1	0	0
('mregDC',)	None	None	0	1	0	0
('entericglial',)	None	None	0	1	0	0
('Endo_lymphatic',)	None	None	0	1	0	0
('myof',)	None	None	0	1	0	0
('Epi_colon',)	anatomical	anatomical	5	1	5	0
('Goblet_T',)	None	None	0	1	0	0
('Goblet_N',)	None	None	0	1	0	0
('McDC',)	None	None	0	1	0	0
('anorexigenic',)	None	None	0	1	0	0
('PSTNTac1',)	molecular signaling	molecular signaling	5	1	5	0
('PSTNCRH',)	molecular signaling	molecular signaling	5	1	5	0
('parasubthalamic',)	anatomical	molecular signaling	5	1	0	5
('glast', '+')	molecular signature	molecular signature	5	1	5	0
('CD27',)	None	None	0	1	0	0
('marker',)	None	None	0	1	0	0
('CD11c+',)	molecular signature	molecular signature	5	3	5	0
('AM2',)	None	None	0	2	0	0
('NPC',)	None	None	0	1	0	0
('mutant',)	None	None	0	1	0	0
('mitotic',)	None	None	0	9	0	0
('M-OPC',)	None	None	0	1	0	0
('mfol',)	None	None	0	1	0	0
('myelin-forming',)	role	lineage	5	1	0	5
('nfol',)	None	None	0	1	0	0
('mol',)	None	None	0	1	0	0
('PVM',)	None	None	0	1	0	0
('tec',)	None	None	0	2	0	0
('endoneurial',)	anatomical	anatomical	5	1	5	0
('postganglionic',)	molecular signaling	molecular signaling	5	1	5	0
('zuckerkandl',)	eponym	eponym	5	1	5	0
('Foxp3+CD25',)	molecular signature	None	0	0	0	0
('Foxp3+CD25', '+')	molecular signature	molecular signature	5	1	5	0
('Foxp3+Helios+',)	molecular signature	molecular signature	5	1	5	0
('Foxp3+CD25+CD45RA+',)	molecular signature	molecular signature	5	1	5	0
('Foxp3+Helios+CD45RA+',)	molecular signature	molecular signature	5	1	5	0
('Foxp3+CD25+CD45RO+',)	molecular signature	molecular signature	5	1	5	0
('Foxp3+Helios+CD45RO+',)	molecular signature	molecular signature	5	2	5	0
('Deep-layer',)	None	None	0	2	0	0
('entorhinal',)	anatomical	anatomical	5	2	5	0
('promyelocytic',)	None	None	0	1	0	0
('zinc',)	None	None	0	1	0	0
('finger',)	anatomical	anatomical	5	1	5	0
("Protein'+",)	None	None	0	1	0	0
("'", 'promyelocytic')	None	None	0	0	0	0
('prophase',)	developmental	developmental	5	1	5	0
('leptotene',)	None	None	0	1	0	0
('pachytene',)	developmental	root	5	2	0	5
('CD103', '+')	molecular signature	molecular signature	5	4	5	0
('memory-like',)	None	None	0	4	0	0
('T-like',)	None	None	0	5	0	0
('memory-like', 'T')	None	None	0	0	0	0
('signature',)	None	None	0	4	0	0
('exhausted', 'T')	None	None	0	0	0	0
('Inducer)Cytolytic',)	None	None	0	1	0	0
(':',)	None	None	0	2	0	0
('Inducer)Cytolytic', ':')	None	None	0	0	0	0
('cDC3',)	None	None	0	1	0	0
('reparative',)	None	None	0	1	0	0
('reparative', '"')	None	None	0	0	0	0
('chondrocyte-like',)	None	None	0	3	0	0
('tenocyte-like',)	None	None	0	2	0	0
('urocortin',)	molecular signaling	None	0	0	0	0
('3-positive',)	molecular signature	None	0	0	0	0
('urocortin', '3-positive')	molecular signature	molecular signature	5	1	5	0
('CRFR2-positive',)	molecular signature	molecular signature	5	1	5	0
('GZMA+CD8',)	molecular signature	None	0	0	0	0
('GZMA+CD8', '+')	molecular signature	None	0	0	0	0
('GZMA+CD8', '+', 'T')	molecular signature	molecular signature	5	1	5	0
('OEx',)	molecular signature	anatomical	5	1	0	5
('Pitx1',)	molecular signature	molecular signaling	5	1	0	5
('GM-dendritic',)	None	None	0	2	0	0
('GM-Macs',)	None	None	0	1	0	0
('CD11b-',)	molecular signature	molecular signature	5	1	5	0
('CD11b+',)	molecular signature	molecular signature	5	4	5	0
('vascular-associated',)	anatomical	anatomical	5	1	5	0
('neurovascular',)	anatomical	anatomical	5	2	5	0
('SMC',)	None	None	0	2	0	0
('CapEC',)	None	None	0	1	0	0
('aEC',)	None	None	0	1	0	0
('vEC',)	None	None	0	1	0	0
('bam',)	None	None	0	2	0	0
('border-associated',)	None	None	0	1	0	0
('streak',)	appearance	appearance	5	5	5	0
('NKX2',)	molecular signature	None	0	0	0	0
('1GFP+',)	molecular signature	None	0	0	0	0
('NKX2', '-', '1GFP+')	molecular signature	molecular signature	5	1	5	0
('N-methyltransferase+',)	molecular signature	None	0	0	0	0
('subpopulation',)	None	None	0	3	0	0
('phenylethanolamine', 'N-methyltransferase+')	molecular signature	molecular signature	5	3	5	0
('phenylethanolamine',)	None	None	0	1	0	0
('N-methyltransferase-',)	None	None	0	1	0	0
('phenylethanolamine', 'N-methyltransferase-')	None	None	0	0	0	0
('hSC-cardiomyocytes',)	None	None	0	1	0	0
('CD64', '+')	molecular signature	molecular signature	5	2	5	0
('CD10loCD64', '+')	molecular signature	molecular signature	5	1	5	0
('D-stellate',)	None	None	0	4	0	0
('tuberculoventral',)	None	None	0	2	0	0
('T-stellate',)	None	None	0	2	0	0
('M-phage',)	None	None	0	2	0	0
('mitotic', 'tem')	None	None	0	0	0	0
('2-cell',)	None	None	0	1	0	0
('8-cell',)	developmental	root	5	4	0	5
('Ahr-/-',)	molecular signature	molecular signature	5	3	5	0
('Ahr+/+',)	molecular signature	molecular signature	5	2	5	0
('Ahr+/+', '2-cell')	molecular signature	molecular signature	5	1	5	0
('Ahr+/+-2,3,7,8-tetrachlorodibenzo-p-dioxin',)	molecular signature	molecular signature	5	1	5	0
('Ahr+/+-2,3,7,8-tetrachlorodibenzo-p-dioxin', '4-cell')	molecular signature	molecular signature	5	1	5	0
('population',)	None	None	0	5	0	0
('cellular',)	None	None	0	2	0	0
('TCs',)	None	None	0	2	0	0
('HOPX+',)	molecular signature	None	0	0	0	0
('Occludin+',)	molecular signature	None	0	0	0	0
('HOPX+', 'Occludin+')	molecular signature	molecular signature	5	1	5	0
('Dermo1',)	molecular signature	None	0	0	0	0
('Dermo1', '+')	molecular signature	molecular signature	5	2	5	0
('TFH',)	molecular signature	molecular signature	5	7	5	0
('pre-TFH',)	None	None	0	2	0	0
('Pre-TFH',)	None	None	0	1	0	0
('Ag-specific',)	None	None	0	1	0	0
('monocytic/phagocytic',)	None	None	0	1	0	0
('dM',)	None	None	0	1	0	0
('dP',)	None	None	0	1	0	0
('dS',)	None	None	0	1	0	0
('epi',)	None	None	0	1	0	0
('FB',)	None	None	0	1	0	0
('HB',)	None	None	0	1	0	0
('CTBs',)	None	None	0	1	0	0
('STR',)	molecular signaling	molecular signaling	3	1	3	2
('Ly6Cint',)	molecular signature	None	0	0	0	0
('Ly6Cint', 'restorative')	molecular signature	molecular signature	5	1	5	0
('CD11b+', 'F4/80int')	molecular signature	None	0	0	0	0
('F4/80int', 'CD11c-')	molecular signature	None	0	0	0	0
('F4/80int', 'CD11c-', 'CD64')	molecular signature	molecular signature	5	1	5	0
('CD11c-', 'CD64', '+')	molecular signature	None	0	0	0	0
('hPGCs',)	None	None	0	1	0	0
('state',)	None	None	0	0	0	0
('0-like',)	None	None	0	0	0	0
('state', '0-like')	None	None	0	1	0	0
('hPSCs',)	None	None	0	1	0	0
('PyCs',)	None	None	0	1	0	0
('Krt',)	molecular signature	eponym	5	1	0	5
('14',)	variant	variant	5	1	5	0
('Lgr6',)	molecular signature	None	0	0	0	0
('Lgr6', '+')	molecular signature	molecular signature	5	1	5	0
('Lrig1',)	molecular signature	None	0	0	0	0
('Lrig1', '+')	molecular signature	molecular signature	5	1	5	0
('Krt15',)	molecular signature	None	0	0	0	0
('Krt15', '+')	molecular signature	molecular signature	5	3	5	0
('Krt14',)	molecular signature	None	0	0	0	0
('Krt14', '+')	molecular signature	molecular signature	5	1	5	0
('interfollicular',)	None	None	0	1	0	0
('Krt19',)	molecular signature	None	0	0	0	0
('Involucrin+',)	molecular signature	molecular signature	5	1	5	0
('Krt19', '+')	molecular signature	molecular signature	5	2	5	0
('Long-lived',)	None	None	0	1	0	0
('Krt5',)	molecular signature	None	0	0	0	0
('Krt5', '+')	molecular signature	molecular signature	5	2	5	0
('BCs',)	None	None	0	1	0	0
('tconvs',)	None	None	0	2	0	0
('TIM-3', '+')	molecular signature	molecular signature	5	2	5	0
('PD-1hiCD39',)	molecular signature	None	0	0	0	0
('PD-1hiCD39', '+')	molecular signature	molecular signature	5	1	5	0
('FOXP3-',)	None	None	0	1	0	0
('NE',)	None	None	0	1	0	0
('bipotent',)	None	None	0	3	0	0
('CD301b+',)	molecular signature	molecular signature	5	2	5	0
('CD206',)	molecular signature	None	0	0	0	0
('CD206', '+')	molecular signature	molecular signature	5	1	5	0
('M2-macrophage',)	None	None	0	1	0	0
('M1-macrophage',)	None	None	0	1	0	0
('CD301b+/CD206',)	molecular signature	None	0	0	0	0
('CD301b+/CD206', '+')	molecular signature	molecular signature	5	1	5	0
('CD301b-/CD206',)	molecular signature	None	0	0	0	0
('CD301b-/CD206', '+')	molecular signature	molecular signature	5	1	5	0
('CM',)	None	None	0	3	0	0
('PM',)	None	None	0	1	0	0
('prime',)	developmental	developmental	5	1	5	0
('interneuron-selective',)	None	None	0	1	0	0
('long-range-projecting',)	None	None	0	1	0	0
('parvalbumin-positive',)	molecular signature	molecular signature	5	1	5	0
('CD45',)	molecular signature	None	0	0	0	0
('CD45', '+')	molecular signature	molecular signature	5	6	5	0
('dTgammadelta',)	None	None	0	2	0	0
('heterogeneous',)	None	None	0	2	0	0
('thet',)	None	None	0	2	0	0
('heterogeneous', 'T')	None	None	0	0	0	0
('#',)	None	None	0	1	0	0
("5-Ethynyl-2'-deoxyuridine+",)	None	None	0	1	0	0
('ILC1s',)	molecular signature	molecular signature	5	2	5	0
('CD27+CD62L-',)	molecular signature	molecular signature	5	1	5	0
('CD3', '+')	molecular signature	molecular signature	5	10	5	0
('CD3intCD4',)	molecular signature	None	0	0	0	0
('CD3intCD4', '+')	molecular signature	molecular signature	5	1	5	0
('CD3highgammadelta',)	molecular signature	molecular signature	5	1	5	0
('non-dendritic',)	None	None	0	2	0	0
('CD11c+MHC-II+',)	molecular signature	molecular signature	5	2	5	0
('XCR1',)	molecular signature	None	0	0	0	0
('XCR1', '+')	molecular signature	molecular signature	5	1	5	0
('CD172a+',)	molecular signature	molecular signature	5	1	5	0
('CD207',)	molecular signature	None	0	0	0	0
('CD207', '+')	molecular signature	molecular signature	5	1	5	0
('CD172a',)	None	None	0	1	0	0
('tissue-derived',)	None	None	0	8	0	0
('maintenance',)	state	state	5	2	5	0
('stem/progenitor-like',)	None	None	0	1	0	0
('macrovascular',)	anatomical	anatomical	5	1	5	0
('LGR5-positive',)	molecular signature	molecular signature	5	2	5	0
('connect',)	None	None	0	1	0	0
('tubule-intercalated-alpha',)	None	None	0	0	0	0
('connect', 'tubule-intercalated-alpha')	None	None	0	1	0	0
('tubule-PC',)	None	None	0	1	0	0
('connect', 'tubule-PC')	None	None	0	0	0	0
('DCT',)	None	None	0	1	0	0
('cell-GC',)	None	None	0	1	0	0
('cell-PTC',)	None	None	0	1	0	0
('cells-intercalated',)	None	None	0	1	0	0
('principal-intercalated',)	None	None	0	1	0	0
('KRT18',)	molecular signature	None	0	0	0	0
('KRT18', '+')	molecular signature	None	0	0	0	0
('KRT18', '+', 'umbrella')	molecular signature	molecular signature	5	1	5	0
('Scgb1a1', '+')	molecular signature	molecular signature	5	1	5	0
('basal-goblet',)	None	None	0	1	0	0
('premalignant',)	disease	disease	5	1	5	0
('Stem/Stromal',)	None	None	0	1	0	0
('Cell-Induced',)	None	None	0	1	0	0
('Stem/Stromal', 'Cell-Induced')	None	None	0	0	0	0
('Cell-Induced', 'Myeloid-Derived')	None	None	0	0	0	0
('Stem/Stromal', 'Cell-Induced', 'Myeloid-Derived')	None	None	0	0	0	0
('cancer-infiltrating',)	disease	disease	5	1	5	0
('hES',)	None	None	0	2	0	0
('Nrl-/-',)	None	None	0	1	0	0
('CD4+CD161',)	molecular signature	None	0	0	0	0
('CD4+CD161', '+')	molecular signature	molecular signature	5	1	5	0
('CD161',)	molecular signature	None	0	0	0	0
('CD161', '+')	molecular signature	molecular signature	5	1	5	0
('Th17.1',)	None	None	0	1	0	0
('MSC-sEV',)	None	None	0	1	0	0
('TGF-beta1+Arg1',)	molecular signaling	molecular signature	5	1	0	5
('Actin+Col4a5',)	molecular signature	None	0	0	0	0
('Actin+Col4a5', '+')	molecular signature	molecular signature	5	1	5	0
('fibrosis-associated',)	disease	disease	5	1	5	0
('Som+',)	molecular signature	molecular signature	5	1	5	0
('PKCdelta+',)	molecular signature	molecular signature	5	1	5	0
('PBMNCs',)	None	None	0	1	0	0
('Ly6Chi',)	molecular signature	molecular signature	5	2	5	0
('Ly6Clo',)	molecular signature	molecular signature	5	1	5	0
('VSMCs',)	None	None	0	1	0	0
('hypothalamic',)	anatomical	anatomical	5	10	5	0
('Gonadotropin-releasing',)	None	None	0	3	0	0
('OC',)	anatomical	anatomical	5	1	5	0
('Lym',)	None	None	0	1	0	0
('KC1',)	None	None	0	2	0	0
('smo',)	molecular signature	molecular signaling	3	1	0	5
('mye',)	None	None	0	1	0	0
('fib',)	None	None	0	2	0	0
('aorta-gonad-mesonephros',)	anatomical	anatomical	5	2	5	0
('Ly6G+',)	molecular signature	molecular signature	5	1	5	0
('Myeloperoxidase+',)	molecular signature	None	0	0	0	0
('Ly6G+', 'Myeloperoxidase+')	molecular signature	molecular signature	5	1	5	0
('Myeloperoxidase++',)	molecular signature	molecular signature	5	1	5	0
('thalamocortical',)	anatomical	anatomical	5	2	5	0
('ventrobasal',)	anatomical	anatomical	5	1	5	0
('transition',)	None	None	0	2	0	0
('neuroectoderm',)	lineage	lineage	5	4	5	0
('celllike',)	None	None	0	1	0	0
('precursor-like',)	None	None	0	2	0	0
('M2-macrophages',)	None	None	0	1	0	0
('Schwann-cell-like',)	None	None	0	1	0	0
('CFU-GM',)	None	None	0	1	0	0
('VasEndo',)	anatomical	anatomical	5	1	5	0
('T-lympho',)	None	None	0	1	0	0
('CD14-mono',)	molecular signature	molecular signature	5	1	5	0
('DiffKera',)	None	None	0	1	0	0
('BasalK',)	None	None	0	1	0	0
('LSCs',)	None	None	0	1	0	0
('BM-mesenchymal',)	None	None	0	1	0	0
('AD-mesenchymal',)	None	None	0	1	0	0
('UC-mesenchymal',)	None	None	0	1	0	0
('PDLSC',)	None	None	0	2	0	0
('Th', 'subset')	None	None	0	0	0	0
('Off-cone',)	None	None	0	1	0	0
('Off-Off-cone',)	None	None	0	2	0	0
('Off-bipolar',)	None	None	0	3	0	0
('Off-midget',)	None	None	0	1	0	0
('TRKB+',)	molecular signature	molecular signature	5	1	5	0
('biliary',)	anatomical	anatomical	5	1	5	0
('over-reactive',)	None	None	0	1	0	0
('lineage-specified',)	None	None	0	1	0	0
('immunophenotypical',)	None	None	0	1	0	0
('BECs_Art_Stressed',)	None	None	0	1	0	0
('Adipose-Derived',)	None	None	0	1	0	0
('Lymphoid-like',)	None	None	0	2	0	0
('Myeloid-like',)	None	None	0	2	0	0
('classic',)	variant	variant	5	1	5	0
('Non-classic',)	None	None	0	1	0	0
('killer-like',)	role	role	5	2	5	0
('endothelium-containing',)	None	None	0	2	0	0
('concentroid',)	None	None	0	2	0	0
('endothelium-containing', 'concentroid')	None	None	0	0	0	0
('SOX2',)	molecular signature	None	0	0	0	0
('SOX2', '+')	molecular signature	molecular signature	5	1	5	0
('TUJ1', '+')	molecular signature	molecular signature	5	1	5	0
('CD31', '+')	molecular signature	molecular signature	5	2	5	0
('cDC2s',)	None	None	0	1	0	0
('cCD2s',)	None	None	0	1	0	0
('cDC1s',)	None	None	0	2	0	0
('cCD1s',)	None	None	0	1	0	0
('ILC3s',)	molecular signature	molecular signature	5	3	5	0
('MZ',)	None	None	0	1	0	0
('Pre-T',)	None	None	0	1	0	0
('Nkp46',)	role	None	0	0	0	0
('Nkp46', '+')	molecular signature	molecular signature	5	1	5	0
('+', 'ILC3s')	molecular signature	None	0	0	0	0
('pDCs',)	None	None	0	1	0	0
('carcinoma-associated',)	disease	disease	5	1	5	0
('degranulation',)	None	None	0	2	0	0
('dendrite',)	None	None	0	2	0	0
('peri-vascular',)	anatomical	anatomical	5	1	5	0
('Vdelta1', '+')	molecular signature	None	0	0	0	0
('Vdelta1', '+', 'epithelial-type')	molecular signature	molecular signature	5	1	5	0
('hhsec',)	None	None	0	1	0	0
('smooth',)	None	None	0	3	0	0
('muscle-like',)	None	None	0	2	0	0
('smooth', 'muscle-like')	None	None	0	0	0	0
('GLUT-1', '+')	molecular signature	molecular signature	5	1	5	0
('claudin-5',)	molecular signature	None	0	0	0	0
('claudin-5', '+')	molecular signature	molecular signature	5	1	5	0
('Brush-like',)	None	None	0	1	0	0
('AE',)	None	None	0	1	0	0
('intermediary',)	None	None	0	1	0	0
('Ghrh-neurons',)	molecular signaling	molecular signaling	5	1	5	0
('Kisspeptin-neurons',)	molecular signaling	molecular signaling	5	1	5	0
('g-Myeloid-derived',)	None	None	0	1	0	0
('preleptotene',)	developmental	developmental	5	1	5	0
('Round/early',)	None	None	0	1	0	0
('Elongated/late',)	None	None	0	1	0	0
('pathological',)	None	None	0	1	0	0
('CX3CR1loLy6Chi',)	molecular signature	molecular signature	5	1	5	0
('arthritis-associated',)	disease	disease	5	2	5	0
('osteoclastogenic',)	None	None	0	2	0	0
('hDSPCs',)	None	None	0	1	0	0
('AEC2',)	None	None	0	2	0	0
('AEC2s',)	None	None	0	1	0	0
('Ighm+',)	molecular signature	molecular signature	5	1	5	0
('B.cells.naive',)	None	None	0	1	0	0
('Plasma.cells',)	None	None	0	1	0	0
('T.cells',)	None	None	0	1	0	0
('T.cells', '.')	None	None	0	0	0	0
('CD4.memory.resting',)	molecular signature	None	0	0	0	0
('T.cells', '.', 'CD4.memory.resting')	molecular signature	molecular signature	5	1	5	0
('NK.cells.resting',)	role	role	5	1	5	0
('Dendritic.cells.activated',)	None	None	0	1	0	0
('piriform',)	appearance	appearance	5	1	5	0
('mediotemporal',)	None	None	0	1	0	0
('cluster',)	None	None	0	5	0	0
('CD56DIM',)	molecular signature	molecular signature	5	1	5	0
('Tscm',)	None	None	0	1	0	0
('   ',)	None	None	0	7	0	0
('-', '   ')	None	None	0	1	0	0
('  ',)	None	None	0	3	0	0
('-', '  ')	None	None	0	4	0	0
('nasopharynx',)	anatomical	anatomical	5	1	5	0
('tonsil', '-')	None	None	0	1	0	0
('caudate',)	anatomical	None	0	0	0	0
('caudate', '-')	anatomical	anatomical	5	1	5	0
('   ', '-')	None	None	0	1	0	0
('embryo',)	developmental	developmental	5	1	5	0
('CD49a+',)	molecular signature	molecular signature	5	1	5	0
('CD13', '+')	molecular signature	molecular signature	5	1	5	0
('adipogenic',)	lineage	lineage	5	2	5	0
('platelet-derived',)	None	None	0	1	0	0
('factor',)	None	None	0	3	0	0
('alpha+',)	None	None	0	1	0	0
('MDSCs',)	None	None	0	2	0	0
('PMN-MDSCs',)	None	None	0	1	0	0
('MDCs',)	None	None	0	1	0	0
('Tumor-infiltrating',)	disease	disease	5	1	5	0
('Double-negative',)	molecular signature	molecular signature	5	1	5	0
('M-MDSCs',)	None	None	0	1	0	0
('cornifie',)	None	None	0	1	0	0
('Bone-bone-bone',)	anatomical	anatomical	5	1	5	0
('osteal',)	anatomical	anatomical	5	1	5	0
('niche',)	None	None	0	2	0	0
('HE-fibro',)	None	None	0	1	0	0
('melano',)	None	None	0	2	0	0
('killer-cell',)	role	role	5	2	5	0
('FCGR3A+',)	molecular signature	molecular signature	5	1	5	0
('granzyme', 'B+')	molecular signature	molecular signature	5	1	5	0
('NCAM1+CD3-granzyme',)	molecular signature	None	0	0	0	0
('NCAM1+CD3-granzyme', 'B+')	molecular signature	molecular signature	5	1	5	0
('NCAM1+CD3',)	molecular signature	None	0	0	0	0
('NCAM1+CD3', '+')	molecular signature	molecular signature	5	1	5	0
('lymphocytic',)	lineage	root	3	1	2	3
('T-progenitor',)	None	None	0	1	0	0
('CLP',)	None	None	0	1	0	0
('lymphomyeloid',)	disease	disease	5	1	5	0
('bone-marrow',)	None	None	0	3	0	0
('autophagy',)	None	None	0	1	0	0
('deficient',)	state	state	5	1	5	0
('two',)	None	None	0	1	0	0
('monocyte-macrophage',)	None	None	0	1	0	0
('monocyte-dendritic',)	lineage	root	5	2	0	5
('commitment',)	None	None	0	1	0	0
('multi-lymphoid',)	None	None	0	1	0	0
('TFH-like',)	None	None	0	2	0	0
('non-cytotoxic',)	None	None	0	1	0	0
('MME+',)	None	None	0	1	0	0
('fibro-adipogenic',)	lineage	lineage	5	5	5	0
('MME-',)	None	None	0	1	0	0
('count',)	None	None	0	1	0	0
('PLT',)	None	None	0	1	0	0
('WBC',)	None	None	0	1	0	0
('shed',)	None	None	0	1	0	0
('postmitotic',)	developmental	disease	5	1	0	5
('LepRbGlp1r',)	molecular signaling	molecular signaling	5	8	5	0
('Glp1r-expressing',)	molecular signaling	molecular signature	4	1	1	4
('LepRb',)	molecular signature	None	0	0	0	0
('Glp1r-expressing', 'LepRb')	molecular signaling	molecular signaling	5	1	5	0
('gaba',)	molecular signaling	molecular signaling	5	1	5	0
('Lin-CD127+CRTH2-CD117-',)	molecular signature	None	0	0	0	0
('Lin-CD127+CRTH2-CD117-', 'ILC1')	molecular signature	molecular signature	5	1	5	0
('Lin-CD127+CRTH2+CD117-',)	molecular signature	molecular signature	5	1	5	0
('Lin-CD127+CRTH2-CD117',)	molecular signature	None	0	0	0	0
('Lin-CD127+CRTH2-CD117', '+')	molecular signature	None	0	0	0	0
('+', 'ILC3')	molecular signature	None	0	0	0	0
('Lin-CD127+CRTH2-CD117', '+', 'ILC3')	molecular signature	molecular signature	5	1	5	0
('antibody-secreting',)	None	None	0	3	0	0
('actMBCs',)	None	None	0	1	0	0
('MBC',)	None	None	0	1	0	0
('Naive-1',)	None	None	0	1	0	0
('endophyllal',)	None	None	0	1	0	0
('GZMH+',)	molecular signature	molecular signature	5	1	5	0
('immunoregulatory',)	role	role	5	1	5	0
('F4/80', '+')	molecular signature	molecular signature	5	3	5	0
('MerTK+',)	molecular signature	molecular signature	5	2	5	0
('TZMs',)	None	None	0	1	0	0
('cTfh',)	None	None	0	3	0	0
('Tumour-Associated',)	None	None	0	1	0	0
('CTRB1', '+')	molecular signature	molecular signature	5	1	5	0
('GPX3', '+')	molecular signature	molecular signature	5	1	5	0
('oligodendrocytic',)	lineage	root	5	1	0	5
('CD16-CD56+G+',)	molecular signature	molecular signature	5	1	5	0
('HBEGF+',)	molecular signature	molecular signature	5	2	5	0
('HBEGF-',)	None	None	0	2	0	0
('TRKA-expressing',)	molecular signature	molecular signature	5	1	5	0
('NGN1-positive',)	molecular signature	molecular signature	5	1	5	0
('CD3D+',)	molecular signature	molecular signature	5	1	5	0
('NCAM1', '+')	molecular signature	molecular signature	5	1	5	0
('MS4A1', '+')	molecular signature	molecular signature	5	1	5	0
('MZB1', '+')	molecular signature	molecular signature	5	1	5	0
('FCGR3A+/CD14',)	molecular signature	None	0	0	0	0
('FCGR3A+/CD14', '+')	molecular signature	molecular signature	5	1	5	0
('CD1C+',)	molecular signature	molecular signature	5	2	5	0
('TPSAB1', '+')	molecular signature	molecular signature	5	1	5	0
('NK_CD56bright',)	role	molecular signature	5	2	0	5
('mechanosensory',)	role	role	5	1	5	0
('Ki67', '+')	molecular signature	molecular signature	5	5	5	0
('M2-like',)	None	None	0	1	0	0
('CD4+CD25highFoxP3', '+')	molecular signature	molecular signature	5	1	5	0
('qNSC',)	None	None	0	1	0	0
('subventricular',)	anatomical	anatomical	5	5	5	0
('T', 'self-renewing')	None	None	0	0	0	0
('T-reg',)	None	None	0	3	0	0
('somatostatin+',)	molecular signaling	molecular signaling	5	1	5	0
('parvalbumin+',)	molecular signature	molecular signature	5	1	5	0
('preantral',)	developmental	developmental	5	2	5	0
('tumoral',)	disease	disease	5	2	5	0
('neuropilin-1-expresing',)	None	None	0	1	0	0
('to',)	None	None	0	4	0	0
('remain',)	state	state	5	2	5	0
('CD25-',)	molecular signature	molecular signature	5	1	5	0
('CD39-',)	molecular signature	molecular signature	5	1	5	0
('CTLA-4-',)	None	None	0	1	0	0
('granzyme', 'B-expressing')	molecular signature	role	5	1	0	5
('CD14CTX',)	molecular signature	molecular signature	5	1	5	0
('Tissue-associated',)	None	None	0	1	0	0
('characterize',)	None	None	0	0	0	0
('by',)	None	None	0	0	0	0
('either',)	None	None	0	1	0	0
('apoe',)	None	None	0	1	0	0
('characterize', 'by')	None	None	0	1	0	0
('by', 'either')	None	None	0	0	0	0
('SPP1', 'expression')	molecular signaling	molecular signature	5	1	0	5
('characterize', 'by', 'either')	None	None	0	0	0	0
('MacAPOE',)	None	None	0	1	0	0
('MacSPP1',)	None	None	0	1	0	0
('CD14+CD16',)	molecular signature	None	0	0	0	0
('CD14+CD16', '+')	molecular signature	molecular signature	5	1	5	0
('SPP1+HAVCR2+CD68',)	None	None	0	1	0	0
('unidentified',)	None	None	0	1	0	0
('epithelial/malignant',)	None	None	0	1	0	0
('subcommissural',)	anatomical	anatomical	5	1	5	0
('telencephalon',)	anatomical	anatomical	5	1	5	0
('non-glutamatergic',)	None	None	0	1	0	0
('nonnaive',)	state	state	5	3	5	0
('killer', 'TNK')	role	role	5	1	5	0
('myxoma',)	disease	disease	5	2	5	0
('progenitor/stem',)	None	None	0	1	0	0
('c-kit+', 'CD31-')	molecular signature	None	0	0	0	0
('c-kit+', 'CD31-', 'CD45-')	molecular signature	molecular signature	5	1	5	0
('TA',)	None	None	0	1	0	0
('long-chain',)	None	None	0	0	0	0
('fatty',)	None	None	0	0	0	0
('acid-absorptive',)	None	None	0	1	0	0
('long-chain', 'fatty')	None	None	0	2	0	0
('fatty', 'acid-absorptive')	None	None	0	0	0	0
('long-chain', 'fatty', 'acid-absorptive')	None	None	0	0	0	0
('carbohydrate-absorptive',)	None	None	0	2	0	0
('fatty', 'acid')	None	None	0	0	0	0
('long-chain', 'fatty', 'acid')	None	None	0	0	0	0
('WBCs',)	None	None	0	1	0	0
('Fibro-adipogenic',)	None	None	0	3	0	0
('Differentiation-Satellite',)	None	None	0	2	0	0
('myosatellite',)	anatomical	appearance	5	2	0	5
('Myf5-derived',)	lineage	molecular signaling	5	1	0	5
('CD45+CD66',)	None	None	0	1	0	0
('feto-placental',)	lineage	anatomical	5	2	0	5
('intra-alveolar',)	anatomical	anatomical	5	2	5	0
('NO-GCbeta1+/Platelet-derived',)	None	None	0	1	0	0
('receptor-beta+',)	None	None	0	0	0	0
('factor', 'receptor-beta+')	None	None	0	1	0	0
('effective',)	None	None	0	1	0	0
('sub-epithelial',)	anatomical	lineage	5	1	0	5
('premotor',)	anatomical	developmental	5	1	0	5
('pomc',)	None	None	0	1	0	0
('recurrent',)	None	None	0	2	0	0
('osteosarcoma',)	disease	disease	5	2	5	0
('spindle-shaped',)	None	None	0	1	0	0
('CMP',)	None	None	0	1	0	0
('LMPP',)	None	None	0	1	0	0
('preleukemic',)	disease	developmental	5	1	0	5
('pHSC',)	None	None	0	1	0	0
('LSC',)	None	None	0	1	0	0
('leukemic',)	disease	disease	5	5	5	0
('favor',)	None	None	0	1	0	0
('primitive/quiescent',)	None	None	0	1	0	0
('polarize',)	None	None	0	1	0	0
('polarize', 'T')	None	None	0	0	0	0
('Olig2(+)/GFAP(-',)	molecular signature	molecular signature	5	1	5	0
('Olig2(+)/GFAP(+',)	molecular signature	molecular signature	5	1	5	0
('Olig2(-)/GFAP(+',)	molecular signature	molecular signature	5	1	5	0
('Olig2(-)/GFAP(-',)	molecular signature	molecular signature	5	1	5	0
('immNEU',)	None	None	0	1	0	0
('oeg',)	None	None	0	1	0	0
('abc',)	None	None	0	1	0	0
('CP',)	None	None	0	1	0	0
('T-Follicular',)	None	None	0	1	0	0
('metaplastic',)	disease	disease	5	1	5	0
('metaplasia',)	disease	disease	5	2	5	0
('hUC-mesenchymal',)	None	None	0	1	0	0
('Hopx+/Aqp5',)	molecular signature	None	0	0	0	0
('Hopx+/Aqp5', '+')	molecular signature	molecular signature	5	1	5	0
('dam',)	None	None	0	1	0	0
('prosensory',)	role	role	5	1	5	0
('TFAP2B+',)	molecular signature	molecular signature	5	1	5	0
('NEUROD1', '+')	molecular signature	molecular signature	5	1	5	0
('POU4F3',)	molecular signature	None	0	0	0	0
('POU4F3', '+')	molecular signature	molecular signature	5	1	5	0
('PCP4',)	molecular signature	None	0	0	0	0
('PCP4', '+')	molecular signature	molecular signature	5	1	5	0
('kidney-infiltrating',)	None	None	0	1	0	0
('CD-ICA',)	None	None	0	1	0	0
('CD-ICB',)	None	None	0	1	0	0
('podo',)	None	None	0	2	0	0
('PCT',)	None	None	0	1	0	0
('mes',)	None	None	0	1	0	0
('delta-gamma',)	None	None	0	1	0	0
('mNEUR',)	None	None	0	1	0	0
('Hemoglobin-expressing',)	None	None	0	1	0	0
('Astrocyte-restricted',)	None	None	0	1	0	0
('HypEPC',)	None	None	0	1	0	0
('Neuronal-restricted',)	None	None	0	1	0	0
('arthritis',)	disease	None	0	0	0	0
('rheumatoid', 'arthritis')	disease	disease	5	1	5	0
('Tumor-Induced',)	disease	disease	5	1	5	0
('light-sensitive',)	stimulus	stimulus	5	1	5	0
('lrNK',)	None	None	0	1	0	0
('melanoma',)	disease	disease	5	4	5	0
('endometrial/uterine',)	anatomical	lineage	5	1	0	5
('medulloblastoma',)	disease	disease	5	1	5	0
('postrema',)	anatomical	None	0	0	0	0
('area', 'postrema')	anatomical	anatomical	5	1	5	0
('SYMPATHO-ADRENAL',)	anatomical	molecular signaling	5	1	0	5
('SNPCs',)	None	None	0	1	0	0
('neurons/ganglia/suprarenal',)	None	None	0	1	0	0
('bridge',)	None	None	0	1	0	0
('intra-adrenal',)	anatomical	anatomical	5	1	5	0
('astroglial',)	lineage	lineage	5	2	5	0
('LE',)	None	None	0	1	0	0
('multipotential',)	developmental	developmental	3	1	3	2
('PRX1', '+')	molecular signature	molecular signature	5	1	5	0
('epithelial-derived',)	None	None	0	1	0	0
('somatostatin-containing',)	molecular signaling	molecular signaling	5	1	5	0
('VasDCs',)	None	None	0	1	0	0
('CD14+monocytes',)	molecular signature	molecular signature	5	1	5	0
('FCGR3A+monocytes',)	molecular signature	molecular signature	5	1	5	0
('B2-B',)	None	None	0	1	0	0
('PBMSCs',)	None	None	0	2	0	0
('aneuploid',)	None	None	0	1	0	0
('PNECstem',)	None	None	0	1	0	0
('menstrual',)	None	None	0	3	0	0
('chorion',)	lineage	lineage	5	4	5	0
('chorion', 'MSC')	lineage	lineage	5	1	5	0
('Ma',)	None	None	0	1	0	0
('iNOS-positive',)	molecular signature	molecular signature	5	1	5	0
('CD206-positive',)	molecular signature	molecular signature	5	1	5	0
('MAC2', '+')	molecular signature	molecular signature	5	3	5	0
('temporal', 'lobe')	anatomical	anatomical	5	1	5	0
('prefrontal',)	anatomical	anatomical	5	1	5	0
('releasing',)	None	None	0	1	0	0
('1-expressing',)	molecular signature	molecular signature	5	1	5	0
('releasing', 'factor')	None	None	0	0	0	0
('hBM-Mesenchymal',)	None	None	0	2	0	0
('hAd-Mesenchymal',)	None	None	0	1	0	0
('Cd34-lineage',)	None	None	0	1	0	0
('TFAP2A-positive',)	molecular signature	molecular signature	5	1	5	0
('CD56dim',)	molecular signature	molecular signature	5	5	5	0
('IL22',)	molecular signaling	molecular signaling	5	1	5	0
('TH1',)	None	None	0	2	0	0
('interleukin-22-expressing',)	molecular signature	molecular signature	3	1	3	2
('cf-red',)	None	None	0	2	0	0
('c-red',)	None	None	0	1	0	0
('Sox2',)	molecular signature	None	0	0	0	0
('Sox2', '+')	molecular signature	molecular signature	5	1	5	0
('O6-alkylguanine',)	None	None	0	1	0	0
('dna',)	None	None	0	1	0	0
('(MGMT)-negative',)	molecular signature	None	0	0	0	0
('O6-alkylguanine', 'dna')	None	None	0	0	0	0
('alkyltransferase', '(MGMT)-negative')	molecular signature	molecular signature	5	1	5	0
('rNSCs',)	None	None	0	1	0	0
('peritumoral',)	disease	anatomical	5	1	0	5
('non-glioma',)	None	None	0	1	0	0
('HC',)	None	None	0	1	0	0
('ACs',)	None	None	0	1	0	0
('HCs',)	None	None	0	1	0	0
('autoreactivity',)	None	None	0	1	0	0
('such',)	None	None	0	1	0	0
('S-antigen+',)	molecular signature	molecular signature	5	1	5	0
('autoreactivity', 'to')	None	None	0	0	0	0
('antigen', 'such')	None	None	0	0	0	0
('Chx10',)	molecular signature	None	0	0	0	0
('Chx10', '+')	molecular signature	None	0	0	0	0
('Chx10', '+', 'BCs')	molecular signature	molecular signature	5	1	5	0
('Tfap2a+',)	molecular signature	None	0	0	0	0
('Tfap2a+', 'ACs')	molecular signature	molecular signature	5	1	5	0
('Rbpms+',)	molecular signature	None	0	0	0	0
('Rbpms+', 'RGCs')	molecular signature	molecular signature	5	1	5	0
('Calbindin+', 'HCs')	molecular signature	molecular signature	5	1	5	0
('Sox9',)	molecular signature	None	0	0	0	0
('Sox9', '+')	molecular signature	molecular signature	5	1	5	0
('CD44',)	molecular signature	None	0	0	0	0
('CD44', '+')	molecular signature	molecular signature	5	3	5	0
('CX3CR1',)	molecular signature	None	0	0	0	0
('CX3CR1', '+')	molecular signature	molecular signature	5	1	5	0
('CD91', '+')	molecular signature	molecular signature	5	2	5	0
('CD14+CD16-',)	molecular signature	molecular signature	5	2	5	0
('CD161+CD4',)	molecular signature	None	0	0	0	0
('CD161+CD4', '+')	molecular signature	molecular signature	5	1	5	0
('CD8+CD161',)	molecular signature	None	0	0	0	0
('CD8+CD161', '+')	molecular signature	molecular signature	5	1	5	0
('cerebromicrovascular',)	anatomical	anatomical	5	2	5	0
('VCAM1',)	molecular signature	None	0	0	0	0
('VCAM1', '+')	molecular signature	molecular signature	5	3	5	0
('VCAM1', 'gene')	molecular signature	None	0	0	0	0
('VCAM1', 'gene', 'positive')	molecular signature	molecular signature	5	1	5	0
('SPNs',)	None	None	0	1	0	0
('calretinin-expressing',)	None	None	0	1	0	0
('bottom',)	None	None	0	2	0	0
('rare',)	None	None	0	2	0	0
('gonadal',)	anatomical	anatomical	5	2	5	0
('YS_EC',)	None	None	0	1	0	0
('YS_Mac',)	None	None	0	1	0	0
('YS_YSMP',)	molecular signaling	molecular signaling	5	1	5	0
('myeloid-biased',)	None	None	0	1	0	0
('PD-L1_EC',)	molecular signature	molecular signature	4	1	4	1
('PSCs',)	None	None	0	1	0	0
('ST-hematopoietic',)	None	None	0	2	0	0
('lymphomyeloid-primed',)	None	None	0	1	0	0
('megakaryocytic-erythroid',)	None	None	0	1	0	0
('kaposi', "'s")	eponym	eponym	5	1	5	0
('NK-cell',)	role	role	5	1	5	0
('regulatory/anti-inflammatory',)	None	None	0	1	0	0
('derived-dendritic',)	None	None	0	2	0	0
('foetal',)	developmental	developmental	5	1	5	0
('germ-cell',)	None	None	0	1	0	0
('CD49f+/Estrogen',)	None	None	0	1	0	0
('CD49fHi',)	molecular signature	None	0	0	0	0
('transition-prostate',)	None	None	0	1	0	0
('CD49fHi', 'epithelial-mesenchymal')	molecular signature	molecular signature	5	1	5	0
('CD73-positive',)	molecular signature	molecular signature	5	1	5	0
('S-cone-like',)	None	None	0	1	0	0
('TFH1/2',)	None	None	0	1	0	0
('TN',)	None	None	0	2	0	0
('TMEM-CD4/CD8',)	None	None	0	1	0	0
('tDC',)	None	None	0	1	0	0
('normal',)	variant	state	5	2	0	5
('naf',)	None	None	0	1	0	0
('caf',)	None	None	0	2	0	0
('nec',)	None	None	0	1	0	0
('three',)	variant	variant	5	3	5	0
('non-parenchymal',)	None	None	0	1	0	0
('terminally',)	None	None	0	2	0	0
('terminally', 'exhausted')	None	None	0	0	0	0
('adsc',)	None	None	0	1	0	0
('Cancer-Associated',)	disease	disease	5	1	5	0
('vasculature-associated',)	anatomical	anatomical	5	1	5	0
('neuroectoderm-derived',)	lineage	lineage	5	1	5	0
('mCATTg/+',)	molecular signature	None	0	0	0	0
('p91phox-/-', 'mCATTg/+')	molecular signature	molecular signature	5	1	5	0
('p91phox-/-',)	None	None	0	1	0	0
('28',)	variant	None	0	0	0	0
('counterpart',)	None	None	0	1	0	0
('28', '%')	variant	None	0	0	0	0
('-', '7')	variant	None	0	0	0	0
('7', '%')	variant	None	0	0	0	0
('28', '%', '+')	molecular signature	molecular signature	5	1	5	0
('+', '-', '7')	variant	None	0	0	0	0
('-', '7', '%')	variant	variant	5	1	5	0
('nonsensory',)	role	role	5	1	5	0
('dCCT',)	None	None	0	1	0	0
('dMPhi',)	None	None	0	1	0	0
('DSC',)	None	None	0	1	0	0
('pEC',)	None	None	0	1	0	0
('pMPhi',)	None	None	0	1	0	0
('pSC',)	None	None	0	1	0	0
('stromal/mesenchymal',)	None	None	0	1	0	0
('Injury-Activated',)	None	None	0	0	0	0
('"', 'Injury-Activated')	None	None	0	1	0	0
('chondroblastic',)	lineage	lineage	5	2	5	0
('BLALypd1',)	None	None	0	1	0	0
('valence',)	None	None	0	1	0	0
('positive', 'valence')	None	None	0	0	0	0
('-ciliated',)	None	None	0	1	0	0
('FOXJ1', '+')	molecular signature	molecular signature	5	1	5	0
('ogc',)	molecular signature	molecular signaling	5	1	0	5
('trophoectodermal',)	lineage	lineage	5	1	5	0
('produce',)	role	role	3	2	3	2
('insulin', 'produce')	molecular signaling	molecular signaling	5	1	5	0
('mESC',)	None	None	0	1	0	0
('ZIC5-expressing',)	None	None	0	1	0	0
('GN',)	None	None	0	1	0	0
('mon',)	None	None	0	1	0	0
('SCT',)	molecular signaling	molecular signaling	5	1	5	0
('B_cells',)	None	None	0	1	0	0
('T_cells',)	None	None	0	1	0	0
('NK_cells',)	role	role	5	1	5	0
('neuron-glial',)	None	None	0	1	0	0
('neuron-glial', 'antigen')	None	None	0	0	0	0
('Tbx18',)	molecular signature	None	0	0	0	0
('Tbx18', '+')	molecular signature	molecular signature	5	1	5	0
('CD27+CD11b+',)	molecular signature	molecular signature	5	1	5	0
('CD27-CD11b-',)	molecular signature	molecular signature	5	1	5	0
('spike',)	appearance	appearance	5	1	5	0
('frequency',)	None	None	0	1	0	0
('adaptation',)	None	None	0	1	0	0
('frequency', 'adaptation')	None	None	0	0	0	0
('melanopsin',)	molecular signature	molecular signaling	5	1	0	5
('bone-marrow-derived',)	None	None	0	3	0	0
('Naive-mature',)	None	None	0	1	0	0
('IgD-CD38dim',)	molecular signature	molecular signature	5	1	5	0
('CD39+activated',)	molecular signature	molecular signature	5	1	5	0
('CD39',)	molecular signature	None	0	0	0	0
('CD39', '+')	molecular signature	molecular signature	5	4	5	0
('CD39+CD4',)	molecular signature	None	0	0	0	0
('CD39+CD4', '+')	molecular signature	molecular signature	5	1	5	0
('CD127-',)	molecular signature	molecular signature	5	1	5	0
('CD28-',)	None	None	0	1	0	0
('IgD+', 'CD38dim')	molecular signature	molecular signature	5	1	5	0
('IgD-', 'CD38-')	molecular signature	molecular signature	5	1	5	0
('CD127-CD8', '+')	molecular signature	molecular signature	5	1	5	0
('IgD-CD38-B',)	molecular signature	molecular signature	5	1	5	0
('nerve-resident',)	None	None	0	1	0	0
('alpha-cells',)	None	None	0	1	0	0
('polypeptide-cell',)	None	None	0	1	0	0
('delta-cell',)	None	None	0	1	0	0
('samsung',)	None	None	0	0	0	0
('medical',)	None	None	0	0	0	0
('samsung', 'medical')	None	None	0	1	0	0
('apart',)	None	None	0	1	0	0
('stain',)	None	None	0	0	0	0
('stroma',)	lineage	lineage	5	5	5	0
('activation', 'protein')	None	None	0	0	0	0
('protein', 'stain')	None	None	0	0	0	0
('activation', 'protein', 'stain')	None	None	0	1	0	0
('(Th)+',)	None	None	0	1	0	0
('Th-expressing',)	None	None	0	1	0	0
('mesendoderm',)	lineage	lineage	5	1	5	0
('prog',)	None	None	0	1	0	0
('Tgd',)	None	None	0	2	0	0
('CD34',)	molecular signature	None	0	0	0	0
('liver-derived',)	None	None	0	1	0	0
('CD34', '+')	molecular signature	molecular signature	5	7	5	0
('podoplanin-positive',)	molecular signature	molecular signature	5	1	5	0
('wharton',)	None	None	0	1	0	0
('tissue-MSCs',)	None	None	0	1	0	0
('CD14-',)	molecular signature	None	0	0	0	0
('CD14-', 'positive')	molecular signature	molecular signature	5	1	5	0
('progression',)	None	None	0	1	0	0
('osteogenic',)	None	None	0	1	0	0
('degenerate',)	None	None	0	2	0	0
('meniscus',)	anatomical	anatomical	5	2	5	0
('prehypertrophic',)	None	None	0	2	0	0
('ProFC',)	None	None	0	1	0	0
('intratumoral',)	disease	anatomical	5	4	0	5
('receptor-beta+CD44+CD62L-CD69+CD103',)	molecular signature	None	0	0	0	0
('receptor-beta+CD44+CD62L-CD69+CD103', '+')	molecular signature	molecular signature	5	1	5	0
('sorted',)	None	None	0	1	0	0
('receptor-beta+CD44',)	molecular signature	None	0	0	0	0
('receptor-beta+CD44', '+')	molecular signature	molecular signature	5	1	5	0
('CD69+CD103', '+')	molecular signature	molecular signature	5	1	5	0
('distant',)	None	None	0	1	0	0
('receptor-beta+CD44+CD62L+CD69-CD103-',)	molecular signature	molecular signature	5	1	5	0
('TCMs',)	None	None	0	1	0	0
('receptor-beta+CD44+CD62L-CD69-CD103-',)	molecular signature	molecular signature	5	1	5	0
('somatostatin-expressing',)	molecular signaling	molecular signaling	5	2	5	0
('fluid-contacting',)	None	None	0	3	0	0
('a549',)	None	None	0	1	0	0
('CD31+/CD34+/CXCR4',)	None	None	0	1	0	0
('Pro-E',)	None	None	0	1	0	0
('Baso-E',)	None	None	0	1	0	0
('Poly-E',)	None	None	0	1	0	0
('Ortho-E',)	None	None	0	1	0	0
('erythroid-lineage',)	lineage	lineage	5	1	5	0
('megakaryocytic-lineage',)	None	None	0	1	0	0
('DC2s',)	None	None	0	3	0	0
('CD11blo',)	molecular signature	molecular signature	5	1	5	0
('IL-4+GATA3', '+')	molecular signature	molecular signature	5	1	5	0
('TH',)	None	None	0	1	0	0
('IL-17+RORgammat+',)	molecular signature	None	0	0	0	0
('IL-17+RORgammat+', 'TH')	molecular signature	molecular signature	5	1	5	0
('CD25',)	None	None	0	1	0	0
('FOXP3',)	None	None	0	1	0	0
('CD117',)	molecular signature	molecular signature	5	1	5	0
('NKG2D+',)	molecular signature	molecular signature	5	1	5	0
('CD69', '+')	molecular signature	molecular signature	5	1	5	0
('antral',)	None	None	0	3	0	0
('GV0',)	None	None	0	2	0	0
('antral', 'GV0')	None	None	0	0	0	0
('Epithelial-NE',)	None	None	0	1	0	0
('Plasma_B',)	None	None	0	1	0	0
('nail',)	anatomical	anatomical	5	2	5	0
('preovulatory',)	developmental	developmental	5	1	5	0
('ESC-derived',)	lineage	lineage	5	1	5	0
('putatively',)	None	None	0	2	0	0
('NCa-NK',)	None	None	0	1	0	0
('Ca-NK',)	role	role	5	1	5	0
('Ca-CD56dimNK',)	molecular signature	molecular signature	5	1	5	0
('NCa-CD56dimNK',)	molecular signature	molecular signature	5	1	5	0
('neurosphere',)	None	None	0	1	0	0
('brain-tumor',)	anatomical	disease	5	1	0	5
('parvalbumin-immunoreactive',)	None	None	0	2	0	0
('IgMlo',)	molecular signature	molecular signature	5	2	5	0
('IgMhi',)	molecular signature	molecular signature	5	1	5	0
('multilymphoid',)	None	None	0	1	0	0
('induced',)	None	None	0	1	0	0
('putative',)	None	None	0	1	0	0
('damage-associated',)	None	None	0	2	0	0
('marrow-mesenchymal',)	lineage	lineage	5	1	5	0
('High-grade',)	None	None	0	1	0	0
('High-grade', 'serous')	None	None	0	0	0	0
('intrarenal',)	anatomical	anatomical	5	1	5	0
('tDCs',)	None	None	0	1	0	0
('CD71', '+')	molecular signature	molecular signature	5	1	5	0
('megakaryocyte-erythrocyte',)	None	None	0	1	0	0
('erythroid-differentiated',)	None	None	0	1	0	0
('gra',)	None	None	0	1	0	0
('HPC',)	None	None	0	2	0	0
('ery', 'HPC')	None	None	0	1	0	0
('cell-biased',)	None	None	0	1	0	0
('BMNCs',)	None	None	0	1	0	0
('non-hematopoietic',)	None	None	0	3	0	0
('cMono',)	None	None	0	1	0	0
('CD56', '+')	molecular signature	molecular signature	5	4	5	0
('T-mito',)	None	None	0	1	0	0
('deciduous',)	developmental	developmental	5	1	5	0
('BMSCs',)	None	None	0	1	0	0
('Sncg',)	None	None	0	1	0	0
('Sst',)	molecular signaling	molecular signaling	5	1	5	0
('extratelencephalically',)	anatomical	anatomical	5	1	5	0
("'", 'extratelencephalically')	anatomical	appearance	5	1	0	5
('intratelencephalically',)	anatomical	anatomical	5	1	5	0
('micro',)	None	None	0	1	0	0
('oligo',)	None	None	0	1	0	0
('TFR',)	None	None	0	1	0	0
('FOXP3', '+')	molecular signature	molecular signature	5	2	5	0
('CD20', '+', 'B')	molecular signature	molecular signature	5	1	5	0
('hDPSCs',)	None	None	0	1	0	0
('pDPSCs',)	None	None	0	1	0	0
('periosteal',)	anatomical	anatomical	5	1	5	0
('epicardium-derived',)	lineage	lineage	5	2	5	0
('Epicardium-derived',)	None	None	0	1	0	0
('immunoglobulin',)	None	None	0	2	0	0
('Myeloma+',)	None	None	0	2	0	0
('CD19+CD38dim',)	molecular signature	molecular signature	5	1	5	0
('IgM+IgD+IgG+IgA+',)	molecular signature	molecular signature	5	1	5	0
('CSCs',)	None	None	0	1	0	0
('hepatocellular',)	None	None	0	2	0	0
('CD45-ICAM-1', '+')	molecular signature	molecular signature	5	2	5	0
('adhesion', 'molecule+')	molecular signature	molecular signature	5	2	5	0
('ucbc',)	None	None	0	1	0	0
('nerve', 'fiber')	anatomical	root	4	1	0	5
('I-retinal',)	None	None	0	1	0	0
('C-retinal',)	None	None	0	1	0	0
('neur',)	None	None	0	1	0	0
('schwan',)	eponym	eponym	5	1	5	0
('oxyphilic',)	None	None	0	1	0	0
('CD34+Prolactin',)	None	None	0	2	0	0
('receptor+',)	molecular signature	molecular signature	5	2	5	0
('Multi-lymphoid',)	None	None	0	1	0	0
('prolactin', 'receptor+')	molecular signature	molecular signature	5	1	5	0
('receptor-',)	None	None	0	0	0	0
('CD34+Prolactin', 'receptor-')	None	None	0	1	0	0
('CD94', '+')	molecular signature	molecular signature	5	1	5	0
('CD336', '+')	molecular signature	molecular signature	5	1	5	0
('BP',)	None	None	0	2	0	0
('blastocyst',)	None	None	0	1	0	0
('SOX17-positive',)	None	None	0	1	0	0
('ocular',)	anatomical	anatomical	5	2	5	0
('auerbach',)	eponym	None	0	0	0	0
('auerbach', "'s")	eponym	eponym	5	1	5	0
('secretomotor',)	molecular signaling	molecular signaling	5	2	5	0
('vasomotor',)	anatomical	role	5	1	0	5
('nitric',)	None	None	0	0	0	0
('oxide',)	None	None	0	0	0	0
('i.e.',)	None	None	0	1	0	0
('nNOS',)	None	None	0	1	0	0
('nitric', 'oxide')	None	None	0	0	0	0
('oxide', 'synthase')	None	None	0	0	0	0
('nitric', 'oxide', 'synthase')	None	None	0	1	0	0
('TRAP+',)	molecular signature	molecular signature	5	1	5	0
('TNFRSF4', '+')	molecular signature	molecular signature	5	1	5	0
('insulin-producing',)	molecular signaling	molecular signaling	5	1	5	0
('PD1', '+')	molecular signature	molecular signature	5	3	5	0
('presence',)	None	None	0	1	0	0
('CD1c-CD141hi',)	molecular signature	molecular signature	5	1	5	0
('minimal',)	state	state	5	2	5	0
('residual',)	state	state	5	2	5	0
('lipid-specialized',)	None	None	0	1	0	0
('granulomatous',)	appearance	disease	5	2	0	5
('CD8+/PD-1', '+')	molecular signature	molecular signature	5	1	5	0
('IgA+',)	molecular signature	molecular signature	5	1	5	0
('long-term-hematopoietic',)	None	None	0	2	0	0
('CD63',)	molecular signature	None	0	0	0	0
('CD63', '+')	molecular signature	molecular signature	5	1	5	0
('NK-cells',)	role	role	5	1	5	0
('PMN-myeloid',)	None	None	0	1	0	0
('mesodermal-derived',)	None	None	0	1	0	0
('LHRH-producing',)	molecular signaling	molecular signaling	5	1	5	0
('marrow-resident',)	None	None	0	1	0	0
('MO',)	None	None	0	1	0	0
('gMDSC',)	None	None	0	1	0	0
('regeneration',)	None	None	0	1	0	0
('regeneration', 'enriched')	None	None	0	0	0	0
('SOX10pos',)	molecular signature	molecular signature	5	1	5	0
('ASCL1pos',)	molecular signature	None	0	0	0	0
('SOX10pos', 'ASCL1pos')	molecular signature	None	0	0	0	0
('ASCL1pos', 'transition')	molecular signature	None	0	0	0	0
('SOX10pos', 'ASCL1pos', 'transition')	molecular signature	molecular signature	5	1	5	0
('SOX10neg',)	molecular signature	None	0	0	0	0
('ASCL1pos', 'SOX10neg')	molecular signature	molecular signature	5	1	5	0
('ISL1pos',)	molecular signature	None	0	0	0	0
('ASCL1neg',)	molecular signature	None	0	0	0	0
('ISL1pos', 'ASCL1neg')	molecular signature	molecular signature	5	1	5	0
('gustatory', 'nerve')	anatomical	molecular signaling	5	1	0	5
('GFP-expressing',)	molecular signature	molecular signature	5	1	5	0
('virus-PHP.S::flex-GCaMP6s',)	molecular signature	None	0	0	0	0
('view',)	None	None	0	1	0	0
('mCherry',)	None	None	0	1	0	0
('GCaMP',)	None	None	0	1	0	0
('Adeno-associated', 'virus-PHP.S::flex-GCaMP6s')	molecular signature	molecular signaling	5	1	0	5
('XCR1-',)	molecular signature	molecular signaling	5	1	0	5
('migDCs',)	None	None	0	1	0	0
('Pre-B',)	None	None	0	1	0	0
('Foxp3', '+')	molecular signature	molecular signature	5	4	5	0
('/peripheral',)	None	None	0	1	0	0
('Foxp3-interleukin-10',)	molecular signature	None	0	0	0	0
('Foxp3-interleukin-10', '+')	molecular signature	None	0	0	0	0
('+', 'Tr1')	molecular signature	None	0	0	0	0
('Foxp3-interleukin-10', '+', 'Tr1')	molecular signature	molecular signature	5	1	5	0
('adip',)	None	None	0	1	0	0
('NC',)	None	None	0	1	0	0
('aCM',)	None	None	0	1	0	0
('vCM',)	None	None	0	1	0	0
('marker-positive',)	molecular signature	molecular signature	5	1	5	0
('autonomic', 'nervous', 'system')	anatomical	anatomical	5	1	5	0
('dysfunctional',)	None	None	0	1	0	0
('MK_Prog',)	None	None	0	1	0	0
('synovial-derived',)	lineage	lineage	5	1	5	0
('SMSCs',)	None	None	0	1	0	0
('VEGFA+',)	molecular signature	molecular signature	5	1	5	0
('interferon-gamma-secreting',)	molecular signaling	molecular signaling	5	1	5	0
('DC3s',)	None	None	0	1	0	0
('CD14Mono',)	molecular signature	molecular signature	5	1	5	0
('CD16Mono',)	molecular signature	molecular signature	5	1	5	0
('CDT2',)	None	None	0	1	0	0
('T-Lympho',)	None	None	0	1	0	0
('T-helper-cell',)	None	None	0	1	0	0
('TH17',)	None	None	0	1	0	0
('PMNs',)	None	None	0	2	0	0
('deplete',)	state	state	5	1	5	0
('T8',)	variant	molecular signature	5	2	0	5
('CD21low',)	molecular signature	None	0	0	0	0
('CD38low',)	molecular signature	None	0	0	0	0
('CD21low', 'CD38low')	molecular signature	molecular signature	5	1	5	0
('regulator',)	role	role	5	4	5	0
('DRGs',)	None	None	0	1	0	0
('CD11b-CD103-',)	molecular signature	molecular signature	5	1	5	0
('fibrocartilage',)	None	None	0	1	0	0
('homeostatic',)	None	None	0	1	0	0
('CD141',)	molecular signature	None	0	0	0	0
('CD141', '+')	molecular signature	molecular signature	5	1	5	0
('CD1c+',)	molecular signature	None	0	0	0	0
('CD1c+', 'A')	molecular signature	molecular signature	5	1	5	0
('CD163',)	molecular signature	None	0	0	0	0
('CD163', '+')	molecular signature	molecular signature	5	2	5	0
('CD1c+', 'B')	molecular signature	molecular signature	5	1	5	0
('CD1c-',)	molecular signature	None	0	0	0	0
('CD141-',)	molecular signature	None	0	0	0	0
('CD1c-', 'CD141-')	molecular signature	molecular signature	5	1	5	0
('AXL+',)	molecular signature	molecular signature	5	1	5	0
('SIGLEC6', '+')	molecular signature	molecular signature	5	2	5	0
('ectomesenchymal',)	lineage	lineage	5	1	5	0
('haesc',)	None	None	0	1	0	0
('C1QC+',)	molecular signature	molecular signature	5	1	5	0
('neuronal-associated',)	None	None	0	1	0	0
('gut-resident',)	anatomical	state	5	1	0	5
('aCap',)	None	None	0	2	0	0
('c+',)	None	None	0	2	0	0
('beta-Cell',)	None	None	0	1	0	0
('CXCR4',)	molecular signature	None	0	0	0	0
('CXCR4', '+')	molecular signature	molecular signature	5	1	5	0
('disseminated',)	None	None	0	1	0	0
('foeto-maternal',)	lineage	None	0	0	0	0
('foeto-maternal', 'interface')	lineage	None	0	0	0	0
('foeto-maternal', 'interface', 'include')	lineage	anatomical	5	2	0	5
('CD8+CD103+CD69',)	molecular signature	None	0	0	0	0
('CD8+CD103+CD69', '+')	molecular signature	molecular signature	5	1	5	0
('HLA-DR+CD38',)	molecular signature	None	0	0	0	0
('HLA-DR+CD38', '+')	molecular signature	molecular signature	5	1	5	0
('AF-mesenchymal',)	None	None	0	1	0	0
('CL-mesenchymal',)	None	None	0	1	0	0
('membrane', 'laeve')	eponym	eponym	5	1	5	0
('WJ-mesenchymal',)	None	None	0	1	0	0
('UCB-mesenchymal',)	None	None	0	1	0	0
('CP-mesenchymal',)	None	None	0	1	0	0
('chorionic', 'plate')	anatomical	anatomical	5	1	5	0
('CV-mesenchymal',)	None	None	0	1	0	0
('chorionic', 'villi')	anatomical	lineage	2	1	1	4
('towards',)	None	None	0	1	0	0
('transmembrane',)	anatomical	anatomical	3	1	3	2
('transiently',)	state	state	5	1	5	0
('immunity',)	None	None	0	1	0	0
('monocyte-lineage',)	lineage	lineage	5	1	5	0
('monocyticMDSCs',)	None	None	0	1	0	0
('terminally-differentiated',)	None	None	0	1	0	0
('PreAs',)	None	None	0	1	0	0
('non-differentiated',)	None	None	0	1	0	0
('CK14',)	molecular signature	None	0	0	0	0
('CK13-',)	molecular signature	molecular signature	5	1	5	0
('CK20-',)	molecular signature	molecular signature	5	1	5	0
('non-differentiated', 'phenotype')	None	None	0	0	0	0
('CK14', '+')	molecular signature	molecular signature	5	1	5	0
('CK14-',)	molecular signature	molecular signature	5	1	5	0
('CK13',)	molecular signature	None	0	0	0	0
('CK20',)	molecular signature	None	0	0	0	0
('CK13', '+')	molecular signature	molecular signature	5	1	5	0
('CK20', '+')	molecular signature	molecular signature	5	1	5	0
('myofibroblastic',)	lineage	lineage	5	2	5	0
('TGFbeta-responsive',)	molecular signaling	state	4	1	1	4
('Col1-expressing',)	molecular signature	molecular signature	5	1	5	0
('cord-derived',)	lineage	lineage	5	1	5	0
('WJMSCs',)	None	None	0	1	0	0
('mensural',)	None	None	0	1	0	0
('testis-derived',)	None	None	0	1	0	0
('polymorphonuclear-Myeloid-derived',)	lineage	lineage	5	2	5	0
('BMDCs',)	None	None	0	2	0	0
('ventricle-CM',)	None	None	0	1	0	0
('ventricular/compact',)	anatomical	anatomical	5	1	5	0
('ecp',)	None	None	0	1	0	0
('d.',)	None	None	0	1	0	0
('d.', 'CM')	None	None	0	0	0	0
('np-endothelial',)	None	None	0	1	0	0
('non-proliferative',)	None	None	0	1	0	0
('EP',)	None	None	0	1	0	0
('p-endothelial',)	None	None	0	1	0	0
('endocardial/endothelial',)	None	None	0	1	0	0
('T.CM',)	None	None	0	1	0	0
('FI',)	None	None	0	1	0	0
('MP',)	None	None	0	2	0	0
('SLE_PBMC',)	None	None	0	1	0	0
('NC_PBMC',)	None	None	0	1	0	0
('effector/memory',)	None	None	0	1	0	0
('chemotactic',)	role	role	5	1	5	0
('NK_proliferation',)	role	role	5	1	5	0
('embryo-derived',)	lineage	developmental	5	1	0	5
('CD41a-erythroid',)	None	None	0	0	0	0
('marker', 'CD41a-erythroid')	None	None	0	1	0	0
('BM',)	None	None	0	1	0	0
('PCs',)	None	None	0	4	0	0
('cell/plasma',)	None	None	0	2	0	0
('callus',)	anatomical	lineage	5	1	0	5
('killer-cells',)	role	role	5	1	5	0
('Opn1sw-expressing',)	None	None	0	1	0	0
('long-term-Hematopoietic',)	None	None	0	1	0	0
('monocytesc',)	None	None	0	1	0	0
('neutrophilsc',)	None	None	0	1	0	0
('pro-tumoral',)	disease	disease	5	1	5	0
('reactivate',)	state	state	5	2	5	0
('isotype', 'switch')	state	state	5	1	5	0
('alpha-retina',)	None	None	0	2	0	0
('CD127-expressing',)	molecular signature	molecular signature	5	1	5	0
('Kit+Lin-',)	molecular signature	molecular signature	5	1	5	0
('CD138',)	molecular signature	None	0	0	0	0
('CD138', '+')	molecular signature	molecular signature	5	1	5	0
('proliferation',)	None	None	0	2	0	0
('T', 'proliferation')	None	None	0	0	0	0
('multi-lineage',)	None	None	0	1	0	0
('VGlut3-positive',)	molecular signature	molecular signature	5	1	5	0
('VGlut3-Amacrine',)	None	None	0	1	0	0
('Vglut3', '+')	molecular signature	molecular signature	5	1	5	0
('hydroxylase-positive',)	molecular signature	None	0	0	0	0
('tyrosine', 'hydroxylase-positive')	molecular signature	molecular signature	5	1	5	0
('non-GABAergic',)	molecular signaling	None	0	0	0	0
('non-glycinergic', 'non-GABAergic')	molecular signaling	molecular signaling	5	1	5	0
('PV-EPL',)	None	None	0	1	0	0
('alphaRGCs',)	None	None	0	1	0	0
('T-retinal',)	None	None	0	1	0	0
('Rbpj-deficient',)	None	None	0	1	0	0
('component-producing',)	None	None	0	1	0	0
('milk-producing',)	None	None	0	1	0	0
('CD45RO+',)	molecular signature	molecular signature	5	1	5	0
('trace',)	None	None	0	1	0	0
('violet+',)	None	None	0	1	0	0
('trace', 'violet+')	None	None	0	0	0	0
('divide',)	None	None	0	2	0	0
('pre-inspiratory',)	None	None	0	1	0	0
('nociceptor-like',)	None	None	0	1	0	0
('non-peptidergic',)	None	None	0	1	0	0
('low-threshold',)	stimulus	state	3	1	2	3
('ON', 'RBCs')	None	None	0	0	0	0
('siglecfhi',)	None	None	0	1	0	0
('siglecflow',)	None	None	0	1	0	0
('SiglecFlowICAMlow',)	None	None	0	1	0	0
('SiglecFhiICAMhi', 'compare')	molecular signature	molecular signature	3	1	3	2
('suprachiasmatic',)	None	None	0	2	0	0
('CD117-/lo',)	molecular signature	molecular signature	5	1	5	0
('CD117-',)	molecular signature	molecular signature	5	1	5	0
('CD117loCD24hi',)	molecular signature	molecular signature	5	1	5	0
('DN1c',)	None	None	0	1	0	0
('CD117-CD24hi',)	molecular signature	molecular signature	5	1	5	0
('DN1d',)	None	None	0	1	0	0
('CD117-CD24-',)	molecular signature	molecular signature	5	1	5	0
('DN1e',)	None	None	0	1	0	0
('DN1a',)	None	None	0	1	0	0
('DN1b',)	None	None	0	1	0	0
('near',)	None	None	0	1	0	0
('stem-cell',)	None	None	0	2	0	0
('periphery-induced',)	None	None	0	1	0	0
('IL-10-secreating',)	molecular signaling	molecular signaling	5	1	5	0
('help',)	role	role	5	1	5	0
('neuroepithelium',)	lineage	lineage	5	1	5	0
('OLR1',)	molecular signature	molecular signaling	5	1	0	5
('CL12',)	molecular signature	role	3	1	0	5
('C34',)	None	None	0	0	0	0
('MHC',)	None	None	0	0	0	0
('pos',)	None	None	0	1	0	0
('C34', 'MHC')	None	None	0	1	0	0
('class-switched',)	None	None	0	1	0	0
('CD27negCD23+IgMhighIgDhigh',)	molecular signature	molecular signature	5	1	5	0
('CD27neg',)	molecular signature	molecular signature	5	2	5	0
('non-Thymic',)	None	None	0	1	0	0
('-II',)	None	None	0	1	0	0
('p/c-BC',)	None	None	0	1	0	0
('proliferating/cycling',)	None	None	0	1	0	0
('d/s-BC',)	None	None	0	1	0	0
('M-CC',)	None	None	0	1	0	0
('mucous', 'ciliated')	None	None	0	1	0	0
('TC-like',)	None	None	0	1	0	0
('tuft-like',)	None	None	0	1	0	0
('pnecstem',)	None	None	0	1	0	0
('steroidogenic',)	role	molecular signaling	5	4	0	5
('corticotropin-releasing',)	None	None	0	1	0	0
('caec',)	None	None	0	1	0	0
('angio-IFN-endothelial',)	None	None	0	1	0	0
('Non-proliferative',)	None	None	0	1	0	0
('phalanx',)	anatomical	anatomical	5	1	5	0
('hemogenic',)	disease	disease	4	1	4	1
('ihc',)	None	None	0	2	0	0
('CC/OS',)	None	None	0	1	0	0
('cells/outer',)	None	None	0	1	0	0
('M.L.Kolliker',)	eponym	None	0	0	0	0
('M.L.Kolliker', "'s")	eponym	eponym	5	1	5	0
('medial-lateral',)	None	None	0	1	0	0
('CD326+CD325a-',)	None	None	0	1	0	0
('CD326+CD235', '+')	molecular signature	molecular signature	5	1	5	0
('CD326-CD235a+',)	molecular signature	None	0	0	0	0
('CD326-CD235a+', 'late')	molecular signature	molecular signature	5	1	5	0
('lens', 'vesicle')	None	None	0	0	0	0
('develop',)	developmental	developmental	5	1	5	0
('Ms4a7-expressing',)	molecular signature	molecular signature	5	1	5	0
('accumben', 'MSNs')	None	None	0	0	0	0
('somato',)	None	None	0	1	0	0
('lacto',)	None	None	0	1	0	0
('prolif',)	None	None	0	2	0	0
('cortico',)	anatomical	molecular signaling	5	1	0	5
('gonado',)	molecular signaling	molecular signaling	4	1	4	1
('thyro',)	None	None	0	1	0	0
('gonado', 'prog')	molecular signaling	molecular signaling	5	1	5	0
('gonado', 'prec')	molecular signaling	molecular signaling	5	1	5	0
('prolif', 'SC')	None	None	0	0	0	0
('CD8_act_T_cells',)	None	None	0	1	0	0
('CD8_ex_T_cells',)	None	None	0	1	0	0
('Tcell_prolif',)	None	None	0	1	0	0
('deep-layer',)	None	None	0	1	0	0
('upper-layer',)	None	None	0	1	0	0
('Tnfsf11', '+')	molecular signature	molecular signature	5	1	5	0
('endocortical',)	lineage	anatomical	5	1	0	5
('Tnfrsf11b+',)	molecular signature	molecular signature	5	1	5	0
('non-sensory',)	role	role	5	1	5	0
('Ly6GhiCXCR4hiCXCR2lo',)	molecular signature	molecular signature	5	1	5	0
('Glioblastoma-tumor-infiltrating',)	None	None	0	1	0	0
('interleukin',)	molecular signaling	None	0	0	0	0
('10',)	variant	None	0	0	0	0
('interleukin', '10')	molecular signaling	molecular signaling	5	1	5	0
('M-marrow-derived',)	None	None	0	1	0	0
('PMN-marrow-derived',)	None	None	0	1	0	0
('MMPs',)	None	None	0	1	0	0
('Granulocyte-Macrophage',)	None	None	0	1	0	0
('Megakaryocyte-erythrocyte',)	None	None	0	1	0	0
('cell-B',)	None	None	0	1	0	0
('Pro-T',)	None	None	0	1	0	0
('cell-T',)	None	None	0	1	0	0
('Pro-NK',)	role	role	5	1	5	0
('cell-NK',)	role	role	5	1	5	0
('Pro-DC',)	None	None	0	1	0	0
('MncP',)	None	None	0	1	0	0
('GrP',)	molecular signaling	molecular signaling	5	1	5	0
('EryP',)	None	None	0	1	0	0
('erythrocytic',)	lineage	root	5	1	0	5
('remak',)	None	None	0	1	0	0
('non-myelinating', 'remak')	None	None	0	1	0	0
('cutaneous',)	anatomical	anatomical	5	1	5	0
('Innate-like',)	None	None	0	1	0	0
('TH2',)	None	None	0	2	0	0
('cytolytic',)	role	role	5	1	5	0
('CD', '8')	molecular signature	molecular signature	5	1	5	0
('Tc9',)	None	None	0	1	0	0
('tail',)	anatomical	anatomical	5	1	5	0
('tenocyte-like', 'attachment')	None	None	0	0	0	0
('chondrocyte-like', 'attachment')	None	None	0	0	0	0
('little',)	None	None	0	1	0	0
('intravascular',)	anatomical	anatomical	5	2	5	0
('CD117+CRTH2-',)	molecular signature	molecular signature	5	1	5	0
('CD117-CRTH2-CD45RA+',)	molecular signature	molecular signature	5	2	5	0
('GZMH+CD8',)	molecular signature	None	0	0	0	0
('GZMH+CD8', '+')	molecular signature	None	0	0	0	0
('GZMH+CD8', '+', 'T')	molecular signature	molecular signature	5	1	5	0
('benign',)	None	None	0	1	0	0
('hyperplasia',)	None	None	0	1	0	0
('microvillar',)	None	None	0	1	0	0
('T-',)	None	None	0	3	0	0
('FenEC',)	None	None	0	1	0	0
('resident/transitional',)	None	None	0	1	0	0
('cell-derived', 'notochordal')	lineage	lineage	5	1	5	0
('Basal1',)	None	None	0	1	0	0
('hSC-CMs',)	None	None	0	1	0	0
('CD31+CD34+CD73',)	None	None	0	1	0	0
('-CD105',)	molecular signature	molecular signature	5	1	5	0
('-CD146',)	molecular signature	None	0	0	0	0
('-CD90', '+')	molecular signature	None	0	0	0	0
('+', '-CD146')	molecular signature	None	0	0	0	0
('-CD146', '+')	molecular signature	None	0	0	0	0
('+', '-CD90', '+')	molecular signature	molecular signature	5	2	5	0
('+', '-CD146', '+')	molecular signature	molecular signature	5	1	5	0
('-CD146', '+', '-')	molecular signature	None	0	0	0	0
('CD31+CD34-CD73',)	None	None	0	1	0	0
('-CD105-CD146',)	None	None	0	1	0	0
('CD31-CD34-CD73',)	None	None	0	1	0	0
('-CD90+CD105-CD146',)	None	None	0	2	0	0
('CD31-CD34+CD73',)	None	None	0	1	0	0
('CD31-CD34+CD73highCD90+CD105-CD146-',)	None	None	0	1	0	0
('supra-adventitial-adipose',)	anatomical	anatomical	5	2	5	0
('CD10loCD64-CD16hi',)	molecular signature	molecular signature	5	2	5	0
('density',)	None	None	0	4	0	0
('CD10loCD64+CD16lo',)	molecular signature	molecular signature	5	1	5	0
('CD10lo',)	molecular signature	molecular signature	5	1	5	0
('L-stellate',)	None	None	0	1	0	0
('VCNs',)	None	None	0	1	0	0
('EGFP+',)	molecular signature	molecular signature	5	1	5	0
('claudius', "'")	eponym	eponym	5	1	5	0
('Killer-cell',)	None	None	0	1	0	0
('cancer-cell',)	disease	disease	5	1	5	0
('prospermatogonial',)	None	None	0	1	0	0
('asingle',)	None	None	0	1	0	0
('biopsy',)	None	None	0	1	0	0
('Ly6Clow',)	molecular signature	None	0	0	0	0
('Ly6Clow', 'patrol')	molecular signature	molecular signature	5	1	5	0
('myelodysplastic',)	disease	disease	5	1	5	0
('phenotypic',)	None	None	0	1	0	0
('cells-regulatory',)	None	None	0	1	0	0
('T', 'cells-regulatory')	None	None	0	0	0	0
('helper-1',)	None	None	0	1	0	0
('T', 'helper-1')	None	None	0	0	0	0
('memory-tumor',)	disease	disease	5	1	5	0
('GoC',)	None	None	0	1	0	0
('ubc',)	None	None	0	1	0	0
('DCN',)	None	None	0	1	0	0
('S100a10',)	None	None	0	1	0	0
('corticostriatal',)	anatomical	anatomical	5	1	5	0
('neuromesodermal',)	lineage	lineage	5	2	5	0
('apoptically',)	None	None	0	1	0	0
('blebbe',)	None	None	0	1	0	0
('apoptically', 'blebbe')	None	None	0	0	0	0
('SSCs',)	None	None	0	1	0	0
('non-cholinergic',)	None	None	0	1	0	0
('Car4-high',)	molecular signature	molecular signature	5	1	5	0
('Ifi47-high',)	molecular signaling	molecular signature	5	1	0	5
('Th10',)	None	None	0	1	0	0
('initiate',)	developmental	developmental	5	1	5	0
('aged',)	developmental	developmental	5	1	5	0
('young',)	developmental	developmental	5	1	5	0
('axl',)	molecular signature	None	0	0	0	0
('axl', '+')	molecular signature	molecular signature	5	1	5	0
('CD1C', '+')	molecular signature	molecular signature	5	1	5	0
('CLEC9A',)	molecular signature	None	0	0	0	0
('CLEC9A', '+')	molecular signature	molecular signature	5	1	5	0
('CLEC9As',)	molecular signature	molecular signature	5	1	5	0
('KCs',)	None	None	0	2	0	0
('pre-DCs',)	None	None	0	1	0	0
('+', 'cDC1')	molecular signature	None	0	0	0	0
('CLEC9A', '+', 'cDC1')	molecular signature	molecular signature	5	1	5	0
('FCER1', '+')	molecular signature	None	0	0	0	0
('CD1C', '+', 'FCER1')	molecular signature	molecular signature	5	1	5	0
('+', 'FCER1', '+')	molecular signature	None	0	0	0	0
('CTLs',)	None	None	0	1	0	0
('TCTM',)	None	None	0	1	0	0
('central-transitional',)	None	None	0	1	0	0
('T', 'central-transitional')	None	None	0	0	0	0
('acini',)	None	None	0	1	0	0
('Pre-Epib',)	None	None	0	1	0	0
('Post-Epib',)	None	None	0	1	0	0
('elastin-producing',)	None	None	0	1	0	0
('elastin-VICs',)	None	None	0	1	0	0
('unidirectional',)	None	None	0	1	0	0
('cytokeratin+',)	molecular signature	molecular signature	5	2	5	0
('cytokeratin+/candidate',)	molecular signature	molecular signature	5	1	5	0
('marker+',)	molecular signature	molecular signature	5	1	5	0
('example',)	None	None	0	0	0	0
('ref',)	None	None	0	0	0	0
('example', 'ref')	None	None	0	0	0	0
('ref', '.')	None	None	0	0	0	0
('example', 'ref', '.')	None	None	0	2	0	0
('ME',)	None	None	0	1	0	0
('Ki-67', '+')	molecular signature	molecular signature	5	1	5	0
('CD57+NKG2',)	None	None	0	1	0	0
('expression+',)	None	None	0	1	0	0
('truncate',)	None	None	0	1	0	0
('Astro-TE',)	None	None	0	1	0	0
('Astro-cerebellum',)	anatomical	anatomical	5	1	5	0
('CD8alphabeta+',)	molecular signature	molecular signature	5	1	5	0
('CXCL12',)	molecular signature	None	0	0	0	0
('CXCL12', '+')	molecular signature	molecular signature	5	1	5	0
('Mo-Dendritic',)	None	None	0	1	0	0
('CD8+IL17', '+')	molecular signature	molecular signature	5	1	5	0
('ecto-mesenchymal',)	None	None	0	1	0	0
('hertwig',)	eponym	eponym	5	1	5	0
('hertwig', "'s")	eponym	eponym	5	1	5	0
('scap',)	None	None	0	1	0	0
('necrotic',)	state	state	5	1	5	0
('M2a',)	None	None	0	1	0	0
('proinflammatory',)	role	role	5	3	5	0
('interleukin-10',)	molecular signaling	None	0	0	0	0
('interleukin-10', '+')	molecular signature	molecular signature	5	1	5	0
('antiinflammatory',)	role	role	5	1	5	0
('CD56neg',)	molecular signature	molecular signature	5	5	5	0
('colliculus',)	anatomical	None	0	0	0	0
('superior', 'colliculus')	anatomical	anatomical	5	1	5	0
('peri-follicular',)	anatomical	anatomical	5	1	5	0
('androgenic',)	None	None	0	1	0	0
('art',)	None	None	0	1	0	0
('gCAP',)	None	None	0	1	0	0
('NCM',)	None	None	0	1	0	0
('non-classsical',)	None	None	0	1	0	0
('Pl',)	None	None	0	2	0	0
('Pl', '.')	None	None	0	0	0	0
('.', 'DC')	None	None	0	0	0	0
('Pl', '.', 'DC')	None	None	0	0	0	0
('.', 'MP')	None	None	0	0	0	0
('Pl', '.', 'MP')	None	None	0	0	0	0
('SM',)	None	None	0	1	0	0
('CiliaSecretory',)	None	None	0	1	0	0
('HSPA6high',)	molecular signature	molecular signature	5	1	5	0
('KRT8high',)	molecular signature	molecular signature	5	1	5	0
('UBE2Chigh',)	None	None	0	1	0	0
('HTRA1high',)	molecular signature	molecular signature	5	1	5	0
('TCF21high',)	molecular signature	molecular signature	5	1	5	0
('STARhigh',)	molecular signature	molecular signature	5	1	5	0
('VWFhigh',)	molecular signature	molecular signature	5	1	5	0
('TM4SF1high',)	molecular signature	molecular signature	5	1	5	0
('NEUROD1-positive',)	molecular signature	molecular signature	5	1	5	0
('alphaSMA+',)	None	None	0	1	0	0
('spinous',)	None	None	0	1	0	0
('naive/memory-like',)	None	None	0	1	0	0
('CD34-',)	None	None	0	1	0	0
('GD-orbital',)	None	None	0	1	0	0
('Trm',)	None	None	0	2	0	0
('Tm',)	None	None	0	1	0	0
('CD45RA', '+')	molecular signature	molecular signature	5	1	5	0
('nonclassical',)	variant	variant	5	1	5	0
('STMN',)	molecular signaling	None	0	0	0	0
('STMN', '+')	molecular signature	molecular signature	5	1	5	0
('Tumor-cell',)	disease	disease	5	1	5	0
('CD3+CD8',)	molecular signature	None	0	0	0	0
('CD3+CD8', '+')	molecular signature	molecular signature	5	1	5	0
('emra',)	None	None	0	1	0	0
('TM',)	None	None	0	1	0	0
('blood-cell',)	None	None	0	1	0	0
('Ganglia-Derived',)	None	None	0	1	0	0
('CD68-positive',)	molecular signature	molecular signature	5	1	5	0
('0',)	None	None	0	1	0	0
('cluster', '0')	None	None	0	0	0	0
('e.g.',)	None	None	0	2	0	0
('CD14-CD16',)	molecular signature	None	0	0	0	0
('CD14-CD16', '+')	molecular signature	molecular signature	5	1	5	0
('CD14-CD16-',)	molecular signature	molecular signature	5	1	5	0
('CD3-CD56+natural',)	molecular signature	None	0	0	0	0
('CD3-CD56+natural', 'killer')	role	molecular signature	5	1	0	5
('CD16-monocytes',)	molecular signature	molecular signature	5	1	5	0
('proopiomelanocortin',)	molecular signaling	molecular signaling	5	2	5	0
('Pomc-expressing',)	None	None	0	1	0	0
('endogenous',)	None	None	0	1	0	0
('kidney-lineage',)	None	None	0	1	0	0
('neuronal-precursor',)	None	None	0	1	0	0
('Radial-Glia',)	None	None	0	1	0	0
('Neuronal-Precursor',)	None	None	0	1	0	0
('Club-like',)	appearance	appearance	5	1	5	0
('6b',)	variant	variant	5	1	5	0
('be',)	None	None	0	0	0	0
('label',)	None	None	0	0	0	0
('be', 'label')	None	None	0	1	0	0
('ON', 'alpha')	None	None	0	0	0	0
('median',)	None	None	0	1	0	0
('wound',)	None	None	0	1	0	0
('upper', 'wound')	None	None	0	0	0	0
('smoothmuscle',)	None	None	0	1	0	0
('type-I-likeepithelial',)	None	None	0	1	0	0
('neuralstem',)	None	None	0	1	0	0
('Theca-interstitial',)	None	None	0	1	0	0
('tubuleepithelial',)	None	None	0	1	0	0
('whiteblood',)	None	None	0	1	0	0
('Fibroblast-like',)	None	None	0	2	0	0
('M2-type',)	None	None	0	1	0	0
('MSC1',)	None	None	0	1	0	0
('MSC2',)	None	None	0	1	0	0
('diabetic',)	disease	disease	5	1	5	0
('CD4pos',)	molecular signature	molecular signature	5	1	5	0
('co-occurring',)	None	None	0	2	0	0
('resemble',)	None	None	0	2	0	0
('subpopulation', 'resemble')	None	None	0	0	0	0
('CXCR5+CD4',)	molecular signature	None	0	0	0	0
('CXCR5+CD4', '+')	molecular signature	molecular signature	5	1	5	0
('CXCR5neg',)	molecular signature	molecular signature	5	1	5	0
('triple-negative',)	molecular signature	molecular signature	5	1	5	0
('CD9+CD8+T',)	None	None	0	1	0	0
('tolerance',)	None	None	0	1	0	0
('uroepithelial',)	lineage	lineage	5	1	5	0
('phagocytic',)	None	None	0	2	0	0
('elc',)	None	None	0	1	0	0
('true',)	None	None	0	3	0	0
('true', 'epc')	None	None	0	0	0	0
('outgrowth',)	None	None	0	4	0	0
('TR1',)	None	None	0	1	0	0
('+', 'LiveCD45')	molecular signature	molecular signature	5	1	5	0
('LiveCD45', '+')	molecular signature	None	0	0	0	0
('+', 'B220')	molecular signature	None	0	0	0	0
('B220', '+')	molecular signature	molecular signature	5	2	5	0
('+', 'LiveCD45', '+')	molecular signature	molecular signature	5	6	5	0
('LiveCD45', '+', 'B220')	molecular signature	None	0	0	0	0
('+', 'B220', '+')	molecular signature	None	0	0	0	0
('CD3e', '+')	molecular signature	molecular signature	5	1	5	0
('NK1.1',)	role	None	0	0	0	0
('NK1.1', '+')	molecular signature	molecular signature	5	1	5	0
('CD11b', '+')	molecular signature	molecular signature	5	3	5	0
('LiveCD45', '+', 'CD11b')	molecular signature	None	0	0	0	0
('+', 'CD11b', '+')	molecular signature	None	0	0	0	0
('CXC3R1',)	molecular signature	None	0	0	0	0
('CXC3R1', '+')	molecular signature	molecular signature	5	1	5	0
('Ly6',)	molecular signature	None	0	0	0	0
('CD11c',)	molecular signature	molecular signature	5	1	5	0
('Ly6', 'G')	molecular signature	None	0	0	0	0
('+', 'CD11c')	molecular signature	None	0	0	0	0
('Ly6', 'G', '+')	molecular signature	molecular signature	5	1	5	0
('G', '+', 'CD11c')	molecular signature	None	0	0	0	0
('Monocyte-derived',)	None	None	0	1	0	0
('gec',)	None	None	0	1	0	0
('mesangium',)	anatomical	lineage	5	1	0	5
('Ly6c',)	molecular signature	molecular signature	5	4	5	0
('Cd43',)	molecular signature	molecular signature	5	1	5	0
('vasEVT',)	anatomical	appearance	5	1	0	5
('spiralarterytrophoblast',)	None	None	0	1	0	0
('labial',)	anatomical	anatomical	5	1	5	0
('anaplastic',)	None	None	0	1	0	0
('CD49hiEpCAMlow',)	molecular signature	molecular signature	5	1	5	0
('MFBs',)	None	None	0	1	0	0
('CAP1',)	None	None	0	1	0	0
('CAP2',)	None	None	0	1	0	0
('gCAPs',)	None	None	0	2	0	0
('KIT+',)	molecular signature	None	0	0	0	0
('FOXF1', '+')	molecular signature	None	0	0	0	0
('+', 'KIT+')	molecular signature	None	0	0	0	0
('KIT+', 'gCAPs')	molecular signature	None	0	0	0	0
('FOXF1', '+', 'KIT+')	molecular signature	molecular signature	5	1	5	0
('+', 'KIT+', 'gCAPs')	molecular signature	None	0	0	0	0
('antigen-NKG',)	None	None	0	1	0	0
('GZMK+',)	molecular signature	molecular signature	5	1	5	0
('GZMK+', 'exhausted')	molecular signature	molecular signature	5	1	5	0
('interferon-stimulated',)	molecular signaling	None	0	0	0	0
('interferon-stimulated', 'gene')	molecular signaling	None	0	0	0	0
('interferon-stimulated', 'gene', '+')	molecular signaling	molecular signaling	3	1	3	2
('Pro-inflammatory',)	None	None	0	1	0	0
('non-effector',)	None	None	0	0	0	0
('non-effector', 'memory-like')	None	None	0	2	0	0
('myolineage',)	lineage	appearance	5	1	0	5
('mossy',)	None	None	0	1	0	0
('neu',)	None	None	0	1	0	0
('CD4+CD45RO+IL-7R+',)	molecular signature	molecular signature	5	1	5	0
('CD38+IgA+',)	molecular signature	molecular signature	5	1	5	0
('paraventricular',)	anatomical	None	0	0	0	0
('paraventricular', 'thalamic')	anatomical	anatomical	5	3	5	0
('TH-1',)	None	None	0	0	0	0
('TH-1', 'like')	None	None	0	1	0	0
('TH-17',)	None	None	0	1	0	0
('TH-17', 'like')	None	None	0	0	0	0
('LGs',)	None	None	0	1	0	0
('LG',)	None	None	0	1	0	0
('frontal',)	anatomical	anatomical	5	1	5	0
('bullosa',)	appearance	appearance	5	1	5	0
('junctional', 'epidermolysis')	disease	eponym	5	1	0	5
('CMs',)	None	None	0	1	0	0
('ambiguus',)	None	None	0	2	0	0
('cardiopulmonary',)	anatomical	anatomical	5	1	5	0
('non-tumorigenic',)	None	None	0	1	0	0
('tumorigenic',)	disease	disease	5	1	5	0
('TTF-1',)	molecular signature	None	0	0	0	0
('TTF-1', '+')	molecular signature	molecular signature	5	1	5	0
('ligand',)	role	role	5	4	5	0
('experienced',)	None	None	0	1	0	0
('antigen', 'experienced')	None	None	0	0	0	0
('experience',)	None	None	0	1	0	0
('antigen', 'experience')	None	None	0	0	0	0
('expressing', 'program')	None	None	0	0	0	0
('Effector/memory',)	None	None	0	1	0	0
('B7-H3',)	molecular signature	molecular signaling	5	1	0	5
('express', 'B7-H3')	molecular signature	molecular signature	5	2	5	0
('B7-H4',)	molecular signature	molecular signaling	5	1	0	5
('express', 'B7-H4')	molecular signature	molecular signature	5	2	5	0
('express', 'IDO-1')	molecular signature	molecular signature	5	2	5	0
('IDO-1',)	None	None	0	0	0	0
('expressing', 'IDO-1')	None	None	0	1	0	0
('vista',)	None	None	0	1	0	0
('co-stimulator',)	None	None	0	1	0	0
('inducible', 'co-stimulator')	None	None	0	0	0	0
('LAG3',)	None	None	0	1	0	0
('OX-40',)	molecular signature	role	5	1	0	5
('TIM3',)	None	None	0	1	0	0
('MDSC-M',)	None	None	0	1	0	0
('MDSC-Polymorphonuclear',)	None	None	0	1	0	0
('CD11c+T-bet+',)	molecular signature	molecular signature	5	1	5	0
('IgD-CD27-',)	molecular signature	molecular signature	5	1	5	0
('(DN)2',)	None	None	0	1	0	0
('IGHD+IGHM',)	molecular signature	None	0	0	0	0
('IGHD+IGHM', '+')	molecular signature	molecular signature	5	1	5	0
('erythematosus',)	None	None	0	1	0	0
('CD27+CD38', '+')	molecular signature	molecular signature	5	1	5	0
('CD11c-Tbet-',)	molecular signature	molecular signature	5	1	5	0
('CD21-IgD-',)	molecular signature	molecular signature	5	1	5	0
('versus',)	None	None	0	1	0	0
('GFAP+',)	molecular signature	molecular signature	5	1	5	0
('gCap',)	None	None	0	1	0	0
('alv',)	None	None	0	1	0	0
('Lyz1-',)	None	None	0	1	0	0
('neut',)	None	None	0	1	0	0
('2-Lyz1', '+')	molecular signature	molecular signature	5	1	5	0
('Lyz1', '+')	molecular signature	molecular signature	5	1	5	0
('int',)	None	None	0	1	0	0
('Ba',)	None	None	0	1	0	0
('Col13a1', '+')	molecular signature	molecular signature	5	1	5	0
('+', 'fib')	molecular signature	None	0	0	0	0
('Col13a1', '+', 'fib')	molecular signature	molecular signature	5	1	5	0
('myofib',)	None	None	0	1	0	0
('Col14a1', '+')	molecular signature	molecular signature	5	1	5	0
('Col14a1', '+', 'fib')	molecular signature	molecular signature	5	1	5	0
('fibromyo',)	None	None	0	1	0	0
('cerebrovascular',)	anatomical	anatomical	5	1	5	0
('alpha-SMA+endothelial',)	None	None	0	1	0	0
('blood-brain',)	None	None	0	0	0	0
('blood-brain', 'barrier')	None	None	0	1	0	0
('oncocytic',)	lineage	root	5	1	0	5
('pro-B-cells',)	None	None	0	1	0	0
('B-lymphocytes',)	None	None	0	1	0	0
('Natural-killer',)	None	None	0	4	0	0
('Trem2+Vcam1',)	None	None	0	1	0	0
('Trem2',)	molecular signature	None	0	0	0	0
('Trem2', '+')	molecular signature	molecular signature	5	1	5	0
('B-lymphoblastoid',)	None	None	0	1	0	0
('Tumour-induced',)	disease	disease	5	1	5	0
('facilitate',)	role	role	5	1	5	0
('oncogenesis',)	disease	disease	5	1	5	0
('other',)	None	None	0	1	0	0
('hand',)	anatomical	anatomical	5	1	5	0
('MDSC',)	None	None	0	1	0	0
('CD11b-XCR1',)	molecular signature	None	0	0	0	0
('CD11b-XCR1', '+')	molecular signature	molecular signature	5	1	5	0
('KRT5', 'expressing', 'basal-like')	molecular signature	molecular signature	5	1	5	0
('system-associated',)	None	None	0	1	0	0
('plexu',)	None	None	0	1	0	0
('PT',)	None	None	0	1	0	0
('scatter',)	None	None	0	2	0	0
('basal-like',)	None	None	0	1	0	0
('SPC+',)	molecular signature	molecular signature	5	1	5	0
('actDCs',)	None	None	0	1	0	0
('act',)	None	None	0	1	0	0
('act', 'macro')	None	None	0	0	0	0
('effector-memory',)	None	None	0	1	0	0
('T-follicular',)	None	None	0	1	0	0
('phase-Leukemic',)	None	None	0	0	0	0
('chronic', 'phase-Leukemic')	None	None	0	1	0	0
('crisis-Leukemic',)	None	None	0	1	0	0
('universal',)	None	None	0	1	0	0
('wilm', "'")	eponym	eponym	5	1	5	0
('chondro',)	anatomical	anatomical	4	1	4	1
('EC-Hema',)	None	None	0	1	0	0
('fap',)	None	None	0	1	0	0
('hema',)	None	None	0	1	0	0
('mesen',)	None	None	0	1	0	0
('.', 'mesen')	None	None	0	0	0	0
('PreChondro',)	None	None	0	1	0	0
('SkM',)	molecular signaling	molecular signaling	5	1	5	0
('teno',)	None	None	0	1	0	0
('FOXJ1high',)	molecular signature	molecular signature	5	1	5	0
('BEST4highciliahigh',)	molecular signature	molecular signature	5	1	5	0
('ciliahigh',)	None	None	0	1	0	0
('ciliahigh', 'ciliated')	None	None	0	0	0	0
('interferon-responsive',)	molecular signaling	molecular signaling	5	1	5	0
('response', 'FOXJ1high')	molecular signature	molecular signature	5	1	5	0
('secretory/deuterosomal',)	None	None	0	1	0	0
('oesophageal',)	anatomical	anatomical	5	1	5	0
('response',)	None	None	0	2	0	0
('neuroectodermal',)	lineage	lineage	5	1	5	0
('tibialis',)	None	None	0	1	0	0
('myo',)	None	None	0	1	0	0
('fibroadipogenic',)	None	None	0	1	0	0
('VIP+',)	molecular signature	molecular signaling	3	3	2	3
('tympanic', 'border')	anatomical	anatomical	5	1	5	0
('ibc',)	None	None	0	1	0	0
('repair',)	None	None	0	1	0	0
('cap-derived',)	None	None	0	0	0	0
('boundary', 'cap-derived')	None	None	0	1	0	0
('find',)	None	None	0	1	0	0
('hub',)	None	None	0	1	0	0
('iSCs',)	None	None	0	1	0	0
('neuromuscular',)	None	None	0	0	0	0
('neuromuscular', 'junction')	None	None	0	1	0	0
('CDX2-',)	molecular signature	molecular signature	5	2	5	0
('placenta-derived',)	lineage	lineage	5	1	5	0
('CDX2',)	molecular signature	None	0	0	0	0
('CDX2', '+')	molecular signature	molecular signature	5	1	5	0
('preganglionic',)	anatomical	molecular signaling	5	1	0	5
('progenitor-like',)	None	None	0	1	0	0
('portal-hepatic',)	anatomical	anatomical	5	1	5	0
('reactive', 'ductular')	anatomical	eponym	5	1	0	5
('DFPC',)	None	None	0	1	0	0
('SSC',)	None	None	0	1	0	0
('L-MPP',)	None	None	0	1	0	0
('UC',)	None	None	0	1	0	0
('hepatocarcinoma',)	disease	disease	5	1	5	0
('hUVEC',)	None	None	0	1	0	0
('hFLC',)	None	None	0	1	0	0
('NKC',)	role	role	5	1	5	0
('PB',)	None	None	0	1	0	0
('york',)	eponym	appearance	5	1	0	5
('carcinoma-1',)	disease	disease	5	1	5	0
('receptor-transduced',)	None	None	0	1	0	0
('M2c-macrophages',)	None	None	0	1	0	0
('deactivate',)	state	state	5	1	5	0
('granulocytic-Myeloid',)	None	None	0	1	0	0
('MYO7A+',)	molecular signature	molecular signature	5	1	5	0
('innervate',)	None	None	0	2	0	0
('utricular',)	anatomical	anatomical	5	1	5	0
('TGF-beta-driven',)	None	None	0	1	0	0
('Csf3r+/+',)	molecular signature	molecular signature	5	1	5	0
('tuberal',)	appearance	appearance	5	1	5	0
('telencephalic',)	anatomical	anatomical	5	1	5	0
('hAPs',)	None	None	0	1	0	0
('basal/intermediate',)	None	None	0	1	0	0
('Low-density',)	None	None	0	1	0	0
('LDG',)	None	None	0	1	0	0
('EpCAM+',)	molecular signature	molecular signature	5	1	5	0
('broncho',)	anatomical	anatomical	5	1	5	0
('TGNS',)	None	None	0	1	0	0
('Non-myelinating',)	None	None	0	1	0	0
('Melanoma-Associated',)	disease	disease	5	1	5	0
('CD49F+',)	molecular signature	molecular signature	5	1	5	0
('CD26', '+')	molecular signature	molecular signature	5	1	5	0
('CD24',)	molecular signature	None	0	0	0	0
('CD24', '+')	molecular signature	molecular signature	5	1	5	0
('thalassaemic',)	disease	appearance	4	1	1	4
('CD4.T.cells',)	molecular signature	root	5	1	0	5
('CD8.T.cells',)	None	None	0	1	0	0
('NK.cells',)	role	role	5	1	5	0
('EC.vei',)	None	None	0	1	0	0
('veinous',)	anatomical	appearance	5	1	0	5
('EC.glom',)	None	None	0	1	0	0
('EC.art',)	None	None	0	1	0	0
('vSMC',)	None	None	0	1	0	0
('Mes',)	None	None	0	1	0	0
('PTC',)	None	None	0	1	0	0
('DTL',)	None	None	0	1	0	0
('.', 'DTL')	None	None	0	0	0	0
('henle.atl',)	eponym	eponym	5	1	5	0
('ascend', 'thin')	None	None	0	0	0	0
('henle.tal',)	eponym	eponym	5	1	5	0
('CNT',)	None	None	0	1	0	0
('PC.CNT',)	None	None	0	1	0	0
('IC.A',)	None	None	0	1	0	0
('A-type',)	None	None	0	1	0	0
('IC.B',)	None	None	0	1	0	0
('B-type',)	None	None	0	1	0	0
('top',)	None	None	0	4	0	0
('cTFH',)	None	None	0	1	0	0
('switch',)	None	None	0	2	0	0
('non', 'switch')	None	None	0	1	0	0
('non-switch',)	None	None	0	1	0	0
('BFCNs',)	None	None	0	1	0	0
('BFPVNs',)	None	None	0	3	0	0
('hereinafter',)	None	None	0	2	0	0
('BFPVNs', 'hereinafter')	None	None	0	0	0	0
('synapsis',)	None	None	0	1	0	0
('BFCN',)	molecular signature	appearance	5	1	0	5
('somatostatin-',)	molecular signaling	molecular signaling	5	1	5	0
('choline-acetyltransferase-expressing',)	molecular signature	molecular signature	5	1	5	0
('SAN_P_cell',)	None	None	0	1	0	0
('RGPCs',)	None	None	0	1	0	0
('tecs',)	None	None	0	1	0	0
('IGFBP7hi',)	None	None	0	1	0	0
('Lin-Sca1-cKit+',)	molecular signature	molecular signature	5	1	5	0
('Lin-Sca1+cKit+',)	molecular signature	molecular signature	5	1	5	0
('HPCs',)	None	None	0	1	0	0
('Lin-Sca1+cKit+CD150+CD48-',)	molecular signature	molecular signature	5	1	5	0
('slam',)	molecular signature	molecular signature	5	1	5	0
('Granulocyte-macrophage',)	None	None	0	2	0	0
('CD11b+Gr1',)	molecular signature	None	0	0	0	0
('CD11b+Gr1', '+')	molecular signature	molecular signature	5	1	5	0
('opioidergic',)	molecular signaling	molecular signaling	5	1	5	0
('tumor-specific',)	disease	disease	5	1	5	0
('pre-alveolar',)	anatomical	developmental	5	1	0	5
('differentiation',)	developmental	developmental	5	1	5	0
('CCR7',)	molecular signature	None	0	0	0	0
('CCR7', '+')	molecular signature	molecular signature	5	1	5	0
('+', 'IL1R2')	molecular signature	None	0	0	0	0
('IL1R2', '+')	molecular signature	None	0	0	0	0
('FOXP3', '+', 'IL1R2')	molecular signature	molecular signature	5	1	5	0
('+', 'IL1R2', '+')	molecular signature	None	0	0	0	0
('keloid',)	None	None	0	1	0	0
('MR+',)	molecular signature	molecular signature	5	1	5	0
('CAII+',)	None	None	0	1	0	0
('(CATK)low',)	molecular signature	None	0	0	0	0
('cathepsin', 'K', '(CATK)low')	molecular signature	molecular signature	5	1	5	0
('multinucleated',)	None	None	0	1	0	0
('tooth',)	anatomical	anatomical	5	1	5	0
('SPCs',)	None	None	0	1	0	0
('LAG3-expressing',)	molecular signature	molecular signature	5	1	5	0
('supplementary',)	None	None	0	0	0	0
('Fig.',)	None	None	0	0	0	0
('4b',)	None	None	0	1	0	0
('supplementary', 'Fig.')	None	None	0	1	0	0
('Fig.', '4b')	None	None	0	0	0	0
('supplementary', 'Fig.', '4b')	None	None	0	0	0	0
('gene-3', '+')	molecular signature	None	0	0	0	0
('activation', 'gene-3', '+')	molecular signature	molecular signature	5	2	5	0
('LAG3', '+')	molecular signature	molecular signature	5	1	5	0
('ankylosing',)	disease	None	0	0	0	0
('spondylitis',)	disease	None	0	0	0	0
('ankylosing', 'spondylitis')	disease	eponym	5	2	0	5
('DPres',)	None	None	0	1	0	0
('eTregs',)	None	None	0	1	0	0
('B-positive',)	molecular signature	None	0	0	0	0
('granzyme', 'B-positive')	molecular signature	molecular signature	5	1	5	0
('erythroid-myeloid',)	None	None	0	1	0	0
('embryonic-derived',)	lineage	lineage	5	1	5	0
('immunomodulatory',)	role	role	5	2	5	0
('HCFs',)	None	None	0	1	0	0
('HKCs',)	None	None	0	1	0	0
('HCF',)	None	None	0	1	0	0
('HKC',)	None	None	0	1	0	0
('extra-villous',)	lineage	anatomical	4	1	0	5
('pro-angiogenic',)	None	None	0	1	0	0
('blood-MNCs',)	None	None	0	1	0	0
('hematopoietic-derived',)	None	None	0	1	0	0
('SPGs',)	None	None	0	1	0	0
('CD45-CD24',)	molecular signature	molecular signature	5	1	5	0
('osteolineage', 'populations+')	molecular signature	molecular signature	5	1	5	0
('CD24', 'osteolineage')	molecular signature	molecular signature	5	1	5	0
('Multilineage-differentiating',)	None	None	0	0	0	0
('stress',)	None	None	0	0	0	0
('endure',)	None	None	0	0	0	0
('Multilineage-differentiating', 'stress')	None	None	0	0	0	0
('stress', 'endure')	None	None	0	0	0	0
('Multilineage-differentiating', 'stress', 'endure')	None	None	0	1	0	0
('base',)	None	None	0	1	0	0
('LGR5-negative',)	molecular signature	None	0	0	0	0
('regenerative',)	role	developmental	5	2	0	5
('LGR5-negative', 'ANXA1')	molecular signature	None	0	0	0	0
('ANXA1', '+')	molecular signature	None	0	0	0	0
('LGR5-negative', 'ANXA1', '+')	molecular signature	molecular signature	5	1	5	0
('revival',)	None	None	0	1	0	0
('hyperproliferative',)	disease	disease	5	1	5	0
('proCSC',)	None	None	0	1	0	0
('Anti-inflammatory',)	None	None	0	1	0	0
('LAMP3',)	molecular signature	None	0	0	0	0
('LAMP3', '+')	molecular signature	molecular signature	5	1	5	0
('CCL18', '+')	molecular signature	None	0	0	0	0
('+', 'M2-like')	molecular signature	None	0	0	0	0
('CCL18', '+', 'M2-like')	molecular signature	molecular signature	5	1	5	0
('RGS5',)	molecular signaling	molecular signaling	5	1	5	0
('LGALS1', '+')	molecular signature	molecular signature	5	1	5	0
('Poly-hormonal',)	None	None	0	1	0	0
('NGN3', '+')	molecular signature	molecular signature	5	1	5	0
('killer-like', 'T')	role	role	5	1	5	0
('ILCp',)	None	None	0	1	0	0
('progressive',)	None	None	0	1	0	0
('immotile',)	appearance	state	5	1	0	5
